// SPDX-License-Identifier: AGPL-3.0-or-later
#include "top.h"

// Graphics-bank bitmaps and palettes for the PC build. On PSX these live in
// raw (never-imported) data regions of the overlay and resolve via the
// symbol map; here each symbol is dumped verbatim from the overlay binary,
// spanning up to the next referenced symbol.
#ifdef VERSION_PC

// clang-format off
u8 D_80183804[] = {
    0x2F,0x20,0x60,0x61,0x14,0x11,0x12,0x13,0x0D,0xE4,0x34,0x20,0x2B,0xD0,0x03,0x47,
    0xFD,0x18,0x00,0x24,0x47,0x4D,0x68,0x1B,0x71,0xA0,0x28,0x41,0x9F,0x16,0x00,0x24,
    0x9F,0xBD,0x64,0x31,0x56,0x91,0xB7,0x1A,0x68,0x4E,0xFA,0xC0,0x11,0x24,0xC0,0x00,
    0x32,0xC5,0xF0,0x16,0x65,0x4A,0x91,0x66,0x4B,0xF8,0x64,0x41,0xCF,0x16,0x68,0x4E,
    0xF8,0x68,0xC7,0x46,0xD9,0xE0,0x0F,0x18,0x5B,0x54,0xDF,0xE5,0xB0,0x1C,0x75,0xB6,
    0x18,0x65,0x4D,0xFD,0x5B,0x67,0x1C,0x5B,0x41,0xD5,0xF0,0xD6,0x6D,0x7E,0x68,0x44,
    0xFE,0x40,0x8F,0x3E,0x10,0x17,0x48,0xFA,0x94,0x5F,0xE6,0xF4,0x9F,0xAA,0xE2,0x8E,
    0x63,0x43,0xB8,0xB6,0xC1,0x57,0x69,0x47,0xFB,0x30,0x37,0xC0,0x17,0x4C,0xF8,0x94,
    0x8F,0xB6,0xF4,0xCF,0x8A,0x48,0xFC,0x43,0x19,0xC9,0x48,0xFC,0xE8,0x35,0x16,0x84,
    0x8F,0xB6,0x94,0x9F,0x88,0x27,0x1D,0x01,0x02,0x16,0x27,0xB9,0x4B,0xF8,0xAD,0x6A,
    0x74,0x64,0x28,0x4B,0xF4,0x41,0xCF,0x1A,0x94,0xBF,0x58,0x46,0xFC,0xC6,0x74,0xBF,
    0x8A,0x3A,0x56,0x34,0xCF,0x78,0x43,0xEF,0x01,0x04,0x8E,0x79,0xB7,0xA7,0xB9,0x49,
    0xE3,0x68,0xB7,0x16,0x5B,0x01,0xC7,0x5B,0x41,0xE7,0x1D,0x5B,0x21,0x56,0x74,0xEF,
    0x64,0x06,0x51,0x07,0x5B,0x37,0x1C,0x5B,0x20,0x10,0x4A,0xFD,0x5B,0x04,0xDF,0xE5,
    0xB0,0x1C,0x75,0xB1,0x4E,0xFE,0xD6,0x74,0x6F,0xEA,0x19,0x73,0x61,0xA1,0x95,0xF0,
    0x3E,0x16,0xBD,0x74,0x36,0xF3,0xE5,0x71,0x56,0x24,0xAF,0xB0,0x15,0x4D,0xF7,0x94,
    0x8F,0xA9,0x45,0xFE,0xA4,0xCF,0x8C,0x67,0x48,0xFB,0x91,0x67,0x4D,0xEF,0x46,0x01,
    0x49,0xFE,0x4F,0xBE,0x3C,0x16,0x61,0x65,0xB0,0x1C,0x71,0xB5,0xF0,0x4B,0xFE,0x63,
    0x4B,0xF8,0x01,0x4C,0x7B,0x94,0xBF,0x89,0x48,0xFB,0xA7,0xE6,0x84,0xBF,0x88,0x44,
    0xFE,0x4F,0x86,0x74,0x3C,0xE4,0x78,0xF4,0x85,0xF3,0xC1,0x69,0x48,0xFB,0xA4,0x8F,
    0xB6,0x34,0xCF,0x60,0x14,0xB7,0xA7,0xB9,0x4B,0xF8,0x9B,0x76,0x97,0x45,0x03,0x4E,
    0x7A,0x4F,0x40,0x47,0xBF,0x4B,0x20,0x4B,0xF5,0x40,0x9F,0x3D,0x46,0x84,0xAF,0x8A,
    0x4B,0xF8,0x9D,0x87,0xB8,0x36,0x40,0x10,0x48,0xFD,0x54,0x01,0x67,0x15,0x54,0x04,
    0xEF,0x85,0x40,0x48,0xFB,0x68,0xD7,0x42,0x3D,0x44,0x0E,0x4F,0x13,0x4C,0xFE,0x18,
    0x84,0xDF,0x28,0x19,0x71,0x86,0x74,0xDF,0x6A,0x4E,0xF5,0x84,0x3E,0x61,0x07,0x43,
    0x01,0x71,0xA0,0x0F,0x4A,0xFB,0x58,0x04,0xBF,0xD5,0x80,0x19,0x75,0x81,0x4D,0xF8,
    0x68,0x46,0xFD,0x16,0x2B,0x43,0x08,0x45,0x18,0x45,0xED,0x16,0x84,0x42,0x31,0x88,
    0x37,0x56,0x7C,0x7E,0x9D,0x75,0xB0,0x1E,0x7B,0x78,0x48,0xFD,0x18,0x00,0xF4,0xDF,
    0x79,0x48,0xFA,0x94,0x5F,0xEA,0x4C,0xF5,0x68,0x48,0xFA,0x34,0x17,0x5B,0x24,0xDF,
    0xC5,0xB2,0x4E,0xFB,0x6A,0xB7,0xA4,0x6F,0xE9,0x4B,0xFB,0x15,0x74,0x01,0xE3,0xF4,
    0x01,0x04,0xFD,0x29,0x4B,0xF8,0x94,0x8F,0xBA,0xE2,0x13,0x81,0x66,0x4B,0xF7,0x40,
    0x4F,0x1B,0x62,0x76,0x34,0xBF,0x86,0xA4,0x8F,0xBA,0x49,0xFA,0x97,0x24,0x74,0x08,
    0xF1,0xB0,0x11,0xE6,0x27,0xB9,0x4B,0xF8,0x62,0x42,0xCF,0x3C,0x16,0x57,0x43,0x08,
    0x3F,0x8A,0x43,0xFC,0x63,0x3E,0xF6,0xB4,0xAF,0x8A,0x4D,0xF6,0x8E,0x73,0x04,0x74,
    0x2E,0xFE,0x00,0xD3,0xBD,0x5B,0xF5,0xB6,0x16,0x63,0x45,0xFD,0x84,0xAF,0xC5,0xB1,
    0x4D,0xFD,0x5B,0x24,0xCF,0xC6,0xB4,0xEF,0x59,0xE7,0xD8,0x47,0xFB,0x30,0x47,0x4A,
    0xF8,0x03,0x24,0x8F,0x88,0x4C,0xF2,0xA4,0x9F,0x66,0x24,0x6F,0x96,0xAD,0x74,0x20,
    0x14,0x4A,0xF1,0xB9,0x4A,0xF8,0x30,0x35,0xF0,0x1C,0x01,0xA4,0x38,0x30,0x03,0x4D,
    0xF3,0x87,0x54,0x24,0xCF,0x75,0x42,0x49,0xF7,0x6A,0x15,0x74,0x8C,0xF4,0x9E,0xF1,
    0x69,0x4E,0xF3,0x87,0x3E,0x30,0x12,0x15,0x94,0x9E,0xB4,0x60,0x94,0xFC,0x3A,0x31,
    0x36,0xA4,0x5F,0xB8,0x44,0xFD,0x58,0x21,0x97,0x28,0x4B,0xF8,0x4D,0xF3,0x66,0x41,
    0x47,0x3A,0xD7,0x4C,0x71,0x42,0xFE,0x94,0x5F,0xD9,0x4E,0xF7,0x01,0x33,0xE4,0x84,
    0xCF,0xD4,0x40,0x14,0xEF,0xDA,0x42,0xCD,0x16,0x68,0x4B,0xF4,0x84,0x7F,0x84,0x03,
    0xE4,0xA3,0x83,0xFB,0x84,0xDE,0xA3,0x82,0x81,0x66,0x3D,0x5F,0x14,0xE8,0x39,0x49,
    0xF8,0x94,0xAF,0x78,0x18,0x71,0x89,0x37,0x80,0x0D,0x44,0xF2,0x87,0xE9,0x19,0x7B,
    0x8D,0x21,0x4E,0xFC,0xC6,0x54,0x3F,0xB9,0x48,0xC3,0x40,0x9F,0x4D,0x4A,0x4F,0x80,
    0x46,0xE3,0x41,0xCE,0x45,0x1B,0x64,0x48,0xFD,0x15,0x62,0x42,0xFD,0x43,0x10,0x44,
    0xFE,0x41,0x06,0x4F,0xEF,0x1C,0x84,0x1E,0x30,0x0C,0x41,0xCE,0x8B,0x7A,0x46,0xFE,
    0xC8,0x4B,0x10,0x15,0x71,0xC6,0x54,0xBE,0x26,0x34,0x3F,0xE4,0x10,0xD4,0xF8,0x41,
    0xE5,0x80,0x1B,0x72,0x86,0x44,0x1A,0x36,0x34,0xAF,0x43,0x5B,0x5F,0x04,0x70,0x64,
    0xF9,0x37,0x44,0x0A,0x1D,0x00,0xC4,0x1A,0xF1,0x98,0x47,0xFB,0x62,0x34,0x28,0x36,
    0xE9,0x1C,0x71,0x66,0x34,0x4F,0x66,0x34,0x1C,0xF4,0x60,0x17,0x18,0x74,0xB8,0x63,
    0x2D,0x2E,0x16,0x6C,0x46,0xF8,0x94,0xDF,0x94,0x06,0xF1,0x88,0x4B,0xFC,0x47,0xF7,
    0x00,0xB3,0x3D,0x7D,0x84,0x9F,0x86,0x63,0xDB,0x91,0x77,0x18,0x62,0x41,0xD9,0x63,
    0x41,0xCF,0x16,0x8B,0x74,0x0A,0x26,0x24,0x8F,0x86,0xB4,0x3E,0x9A,0x46,0x70,0x46,
    0xF6,0x9B,0x5F,0x1D,0x00,0xA3,0x2E,0x71,0x89,0x4C,0xF8,0x64,0x41,0x9F,0x1C,0x9D,
    0x7B,0x62,0x38,0x96,0x34,0x6E,0xD1,0x59,0x17,0x71,0xC5,0xB3,0x1E,0x5F,0x0E,0x69,
    0x42,0xEA,0x64,0x48,0xE3,0x62,0x18,0x5F,0x00,0x0B,0xE7,0x18,0xA5,0xF0,0x5B,0x31,
    0xC5,0xF1,0xE9,0x35,0x36,0x3B,0xA4,0x17,0xD3,0xC6,0x62,0x42,0xAE,0x5F,0x44,0xCB,
    0x9B,0x69,0x41,0xC9,0x63,0xC2,0xAC,0x64,0x19,0x7B,0x01,0x23,0x8B,0x5F,0x54,0xDB,
    0x8B,0x6D,0x47,0xA7,0xD0,0x0D,0x41,0xC8,0x64,0x24,0x67,0x46,0x81,0x05,0x43,0x12,
    0x0F,0xF0,0x51,0xD5,0x81,0xB0,0x00,0x42,0x73,0x05,0x04,0x5D,0x38,0x33,0xA0,0x00,
    0x47,0xF4,0x04,0xF4,0x1E,0x4A,0xB6,0xC3,0x74,0x93,0xF4,0x04,0xF3,0x5E,0x65,0x46,
    0x79,0x18,0x95,0x80,0x41,0x09,0x4F,0x98,0x42,0x0F,0xB8,0xB2,0x81,0x60,0x49,0x38,
    0xB6,0x44,0x87,0x04,0x1F,0x44,0x07,0xC4,0x06,0x48,0x3F,0x49,0x4F,0x40,0x35,0xB8,
    0x1A,0x04,0x93,0x8B,0x64,0xC9,0x4F,0x40,0x46,0xF4,0xA3,0xF4,0x94,0xF4,0x03,0xD5,
    0x81,0x80,0x49,0x34,0xE6,0x51,0x52,0x83,0xF4,0x84,0x8F,0xAC,0x83,0xF4,0x94,0xF4,
    0x03,0xF9,0x58,0x00,0x4A,0x3C,0x6A,0x49,0x09,0x17,0x84,0xF4,0x04,0x20,0x33,0xD9,
    0x83,0xF4,0x94,0xF4,0x03,0xE5,0x04,0xD4,0x3B,0x68,0x44,0xF0,0x4F,0x70,0x47,0xF5,
    0x30,0x88,0x38,0xA8,0x3E,0x69,0x4F,0x40,0x48,0xC1,0x04,0xE1,0x52,0x84,0x51,0x04,
    0x9F,0xB4,0x38,0xE2,0x54,0x98,0xBE,0x84,0x7D,0x74,0x26,0xF4,0x81,0x04,0x8D,0xB1,
    0x90,0xFF,0x0F,0xF0,0xE8,0x38,0x36,0xA2,0x60,0x23,0x48,0xB8,0x16,0x64,0xD0,0x1A,
    0x4E,0xF9,0x58,0x97,0x16,0x00,0x44,0x4F,0xC3,0xB8,0x00,0x64,0xDF,0xC1,0x56,0x42,
    0xBD,0xA2,0x90,0x11,0xD7,0x54,0x91,0x75,0xF0,0x00,0x41,0x77,0x3E,0x80,0x05,0xC7,
    0xE6,0x54,0xEF,0xE5,0xB0,0x1C,0x71,0x90,0x10,0x45,0xFE,0x69,0x46,0xFD,0xD0,0x04,
    0x49,0xFD,0xC0,0x06,0xB7,0xA2,0x98,0xD7,0xE9,0x1A,0x5F,0x0E,0x00,0xF4,0x8F,0xB6,
    0x94,0x8F,0xA0,0x05,0x4C,0xFA,0x00,0x0E,0x63,0x48,0xFB,0x91,0x97,0x49,0x05,0x79,
    0x15,0x71,0x90,0x03,0xE6,0xA4,0xBF,0xD5,0xB9,0x4E,0xF8,0x00,0x57,0x18,0x00,0x01,
    0x85,0xB7,0x2E,0x5B,0x14,0x38,0xF1,0xB8,0x41,0xDF,0x19,0x00,0x43,0xE3,0x69,0x4E,
    0xF4,0x69,0x7B,0x00,0x4B,0x7B,0x00,0x23,0x34,0x63,0x41,0xEF,0x17,0xA4,0xBF,0x88,
    0x48,0xFC,0x00,0x53,0xB8,0x68,0xD7,0xD6,0x8D,0x7C,0x00,0x41,0x77,0xC0,0x02,0x41,
    0xF8,0x62,0x18,0x73,0xD2,0x94,0xEF,0x64,0x03,0xF3,0xC1,0x01,0x21,0x57,0x54,0x94,
    0x7F,0xD0,0x05,0x49,0xFD,0x00,0x44,0xBF,0x8A,0x4D,0xF9,0xAD,0x73,0x30,0x2C,0xC0,
    0x13,0x48,0xFC,0x58,0x94,0xCF,0xA8,0x21,0x00,0x14,0xCF,0xA0,0x04,0x48,0xFD,0x94,
    0x6F,0xDC,0xA1,0x57,0x40,0x7E,0xE0,0x14,0x4B,0xF7,0x69,0x4B,0xF7,0x40,0x3E,0x3C,
    0x10,0x00,0x71,0x86,0x43,0x67,0x6B,0x18,0x78,0x41,0xEF,0xE6,0x24,0x8F,0xB4,0x2D,
    0x30,0x0E,0x31,0x26,0x23,0x65,0x6A,0x23,0x40,0x3E,0x73,0xC1,0x6E,0xB7,0xB6,0x31,
    0x67,0x19,0x6A,0x49,0xFB,0x84,0x8F,0x68,0x38,0x38,0x4B,0xF8,0x41,0xC9,0x00,0x8C,
    0x62,0xE5,0xB0,0x4D,0xFD,0x5B,0x14,0xDF,0xD5,0xBD,0xD6,0xE1,0x77,0x1C,0x5B,0x35,
    0xF1,0x17,0x69,0x45,0xA3,0x40,0x1E,0x19,0x81,0x97,0x26,0x4E,0xF6,0x40,0x1E,0x19,
    0x00,0x7C,0x66,0x48,0xF7,0xA4,0x8F,0x76,0x81,0x60,0x03,0x49,0xFD,0x6F,0x17,0x5B,
    0x63,0xDF,0x2B,0x1C,0x5F,0x11,0x77,0xE8,0x46,0xF8,0x01,0x04,0xBF,0x4A,0x4B,0xF4,
    0x67,0x48,0xF9,0x00,0x24,0xCF,0xA0,0x12,0xB7,0xA4,0xDF,0x40,0x0F,0x75,0x82,0x71,
    0x82,0xB3,0xCF,0x5B,0x21,0xC5,0xF0,0x17,0x00,0x17,0x18,0x01,0x24,0x8F,0xBA,0x48,
    0xFA,0x00,0xE4,0x3F,0xC5,0x41,0x47,0xFC,0xB8,0x43,0xF1,0xA4,0x8F,0xE3,0x92,0x00,
    0x0B,0x7B,0x00,0x33,0xD5,0x64,0x29,0xA4,0xAF,0x8A,0x48,0xFE,0x00,0xE4,0x6F,0x9A,
    0x46,0xF9,0xA3,0xE6,0x9E,0x71,0x60,0x02,0x17,0x7C,0x00,0x2E,0x71,0xC5,0xB2,0x1C,
    0x71,0xA9,0x4D,0xF6,0xA1,0x87,0x00,0xE4,0x8F,0x7A,0x48,0xF7,0xA3,0x9C,0x84,0x1C,
    0xF1,0x90,0x03,0x49,0xFD,0x00,0x34,0x6F,0xE6,0x34,0x6F,0xE1,0x88,0xC7,0xEA,0x49,
    0xFD,0x00,0xE3,0xBF,0x5B,0x27,0xBA,0x46,0xF5,0x40,0x9F,0x3C,0x10,0x03,0x4C,0xFA,
    0x00,0x34,0x8F,0xB6,0x34,0x8F,0xA9,0xB7,0xA4,0x1E,0xF1,0xA0,0x0E,0x76,0x27,0x63,
    0x2E,0x4A,0xFE,0xC0,0x04,0x71,0x80,0x03,0x4B,0xF8,0x63,0x4B,0xF8,0x94,0x8F,0xB9,
    0x31,0xC7,0xC0,0x0D,0x43,0xFB,0xA4,0x4F,0xC6,0x31,0x87,0x3E,0x30,0x04,0xB7,0xB0,
    0x03,0x71,0x56,0x37,0xB9,0x4A,0xF8,0x1A,0x2B,0x1E,0x71,0x90,0x0E,0x46,0xF8,0x10,
    0x24,0x46,0xAF,0x19,0x63,0x18,0x73,0xC1,0x00,0x41,0x77,0xC0,0x02,0xE7,0xD6,0x2E,
    0x7D,0x94,0xDF,0x64,0x05,0xE7,0x3E,0x10,0x0A,0x15,0x28,0x3B,0xD5,0xF1,0x4D,0x9D,
    0x3F,0x7A,0x41,0xAF,0x1B,0x73,0xE6,0x00,0x34,0x9F,0xD0,0x03,0x45,0xFE,0x63,0x46,
    0xFE,0x9C,0x7E,0x84,0xBF,0xCE,0x00,0xB1,0x65,0xF1,0x4B,0x85,0xC8,0x4C,0xF4,0x94,
    0x3D,0xE4,0x50,0x65,0xF0,0x3C,0x60,0x01,0x4C,0xFA,0x66,0x41,0xC8,0x67,0x48,0xFE,
    0x5B,0x34,0xDF,0xB9,0xB7,0x92,0x30,0x0E,0x4D,0xE5,0x64,0x78,0x41,0x8F,0x38,0x19,
    0x35,0xE5,0xF0,0x4E,0x92,0x6D,0xB7,0x39,0x16,0x43,0x1C,0x73,0xB1,0x65,0x4B,0xF8,
    0x63,0x4B,0xF8,0x94,0x8F,0xB0,0x13,0x23,0x64,0x44,0xFC,0x40,0x6E,0x39,0x26,0x33,
    0x2B,0x73,0xC3,0x62,0x32,0xF5,0xB8,0x1D,0x75,0xB5,0x1D,0x5F,0x11,0x96,0x54,0xEF,
    0x56,0x32,0xAC,0x94,0xAF,0x80,0x1C,0x47,0xF9,0x28,0xD6,0x74,0x6A,0x10,0x18,0x41,
    0xFB,0xC6,0x94,0xDF,0x40,0x1C,0x36,0xA2,0x30,0x37,0x34,0x20,0xFF,0x08,0x24,0x17,
    0xB1,0x58,0x28,0xC0,0x65,0x34,0xF8,0x31,0x80,0x67,0x44,0xF0,0x31,0x70,0x68,0x44,
    0xF1,0x17,0x62,0xB2,0x81,0x69,0xB2,0x81,0x68,0x42,0x73,0x47,0xB9,0xC0,0x4A,0x15,
    0x62,0x44,0xFC,0x16,0xA3,0x5B,0x84,0xA5,0x03,0x5B,0x84,0xA5,0x04,0x7F,0x92,0x53,
    0xEB,0x04,0xA1,0xA6,0x24,0x4F,0x73,0xE3,0x93,0xD5,0x84,0x8A,0x03,0xD5,0x83,0x8A,
    0x83,0xF4,0x84,0x4F,0x20,0x49,0x16,0x62,0x44,0xF0,0x49,0xE2,0x83,0xF9,0x58,0x04,
    0x60,0xF1,0x95,0x80,0x16,0x83,0xF4,0x93,0xF4,0x04,0xF3,0x4F,0x82,0xC4,0x10,0xE1,
    0x56,0x23,0xE5,0x63,0x3F,0x48,0x41,0xF2,0x04,0x91,0x76,0x23,0x4F,0x84,0x1C,0xB4,
    0x08,0xCC,0x84,0x10,0x83,0xC1,0x8C,0x83,0xF5,0x83,0x7A,0x04,0xAD,0xA4,0x16,0x81,
    0x58,0x43,0x86,0x42,0x8D,0x4B,0x95,0x84,0x8D,0xB3,0x95,0x83,0xFC,0x58,0x0C,0x06,
    0x73,0xF4,0x06,0xA4,0x1F,0x50,0x6A,0x42,0xBE,0xE0,0xFF,0x0F,0xF0,0xFF,0x0F,0xF0,
    0xFF,0x0F,0xF0,0xFF,0x0F,0xF0,0xFF,0x0F,0xF0,0xFF,0x0F,0xF0,0xFF,0x0F,0xF0,0xFF,
    0x0B,0x7F,0x00,0x00,0x2B,0x1B,0x2D,0x20,0x2C,0x2E,0x1C,0x1D,0x06,0xE5,0xC0,0x5B,
    0x46,0x97,0x61,0x7D,0x5B,0x0B,0x5D,0x05,0xE0,0x2F,0xC6,0x65,0xB1,0x5C,0x0A,0x5C,
    0x05,0xB4,0x69,0x76,0x17,0xD5,0xB0,0xB5,0xD0,0x5E,0x02,0xFC,0x66,0x5B,0x15,0xC0,
    0xA7,0x66,0x4B,0xCD,0x5B,0x09,0xD6,0x0E,0x71,0x07,0x93,0xBC,0x9C,0x2F,0xCE,0x5B,
    0xF7,0xA7,0x66,0x3B,0xC5,0xD3,0xD6,0x0E,0x7A,0x89,0x3B,0xC9,0xC2,0xFC,0x3D,0xB6,
    0xD5,0xB0,0x64,0x5B,0x0B,0x5D,0x1D,0x9C,0x3D,0xC7,0x60,0x5B,0x11,0xE5,0xB1,0x5D,
    0x15,0xB4,0x4D,0xEF,0x1E,0x76,0xE5,0xB0,0xBC,0x1F,0xC9,0xC3,0xDC,0x76,0x03,0xBC,
    0x94,0xEB,0xC7,0x3D,0xB5,0xC0,0x60,0x5B,0x19,0x71,0x07,0x67,0x4B,0xC0,0x76,0x37,
    0xB4,0x0B,0x05,0xB6,0x10,0x5B,0x86,0x08,0x5E,0x0B,0x5B,0x96,0x85,0xE2,0x3F,0xE5,
    0xB1,0x66,0x5C,0x38,0x60,0xBA,0x86,0x49,0xD5,0xB0,0x66,0xD6,0x65,0xB0,0x5C,0x06,
    0x27,0x60,0x4B,0x0B,0x62,0x5B,0x46,0x2C,0x62,0x76,0x18,0x9A,0x5C,0x0E,0x2F,0x1E,
    0x5D,0x25,0xB0,0xA9,0x76,0x1B,0x74,0x0B,0xDC,0x5F,0x0C,0xEA,0x1E,0x96,0x0D,0x5D,
    0x4D,0x98,0x9A,0x1E,0xB6,0x95,0xB0,0x00,0x5D,0x5B,0x1C,0x86,0x05,0xB1,0x4C,0xDE,
    0x2F,0xA4,0xED,0xCE,0x5E,0x04,0xCD,0xB5,0xD0,0x3B,0x05,0xD0,0x76,0x05,0xB4,0x3C,
    0xD5,0xF5,0xC3,0xFE,0xAD,0x5D,0x01,0xE5,0xD3,0xB1,0xE2,0xFA,0x1F,0x5E,0x0B,0x40,
    0xBC,0x5B,0x0A,0x86,0x28,0x62,0x7A,0x8A,0x76,0x14,0xBC,0xEE,0xB7,0x10,0x76,0x23,
    0xBD,0xC5,0xF0,0xA4,0xFE,0xD5,0xC0,0x5D,0x03,0xBC,0x5B,0x16,0x35,0xB4,0xB3,0xDE,
    0x5F,0x13,0xEF,0x5E,0x3A,0x9C,0x9B,0x8B,0xC5,0xF0,0xAB,0x5B,0x05,0xC0,0xE5,0xE0,
    0x3D,0xC5,0xB0,0x64,0xB6,0x04,0xBE,0xCC,0x3C,0xB5,0xC0,0x5E,0x2E,0xB8,0x60,0x8A,
    0x5B,0x15,0xC1,0xAB,0x7B,0x5D,0x45,0xB0,0xA7,0xA7,0xD9,0x5E,0x11,0xFC,0x5F,0x65,
    0xE0,0xE5,0xE0,0xEB,0x3B,0xC5,0xB0,0x5C,0x1A,0x4B,0xCB,0x40,0xB0,0x75,0xC0,0xEC,
    0xD7,0x67,0x7D,0x5F,0x0C,0x9C,0x4D,0xCD,0x4C,0xDE,0x93,0xCB,0xA5,0xB8,0xA8,0xB5,
    0xB3,0x5D,0x55,0xB3,0xB4,0xEC,0xE5,0xFD,0x5E,0x23,0xDC,0x76,0x35,0xB0,0x60,0x5B,
    0x0A,0x5B,0x25,0xC1,0x86,0x64,0xBC,0xE5,0xF2,0xC9,0xC5,0xC0,0x9D,0x5E,0x19,0xB5,
    0xB2,0x3C,0xB6,0x27,0x5C,0x37,0xB5,0xB4,0x5C,0x45,0xFD,0x5E,0x33,0xDC,0x6B,0x7A,
    0x86,0x07,0x4C,0xDE,0xD5,0xB1,0x64,0x73,0xCE,0x5F,0x05,0xE3,0xD7,0xEB,0xC4,0xDC,
    0xD4,0xCD,0xCE,0x5C,0x0E,0xB6,0x27,0x10,0x5B,0x3B,0x7D,0x5B,0x25,0xC2,0x1E,0x5F,
    0x95,0xE7,0xB3,0xBC,0x61,0x7E,0x6B,0x5B,0x46,0x85,0xC0,0x1E,0x5F,0x01,0xE9,0x5C,
    0x15,0xB0,0x3C,0xBB,0xC5,0xD0,0x2F,0x1E,0x2F,0x4E,0xDB,0x66,0x75,0xD2,0x73,0xCB,
    0xB8,0x5C,0x0E,0x5F,0x75,0xE1,0x2F,0x5E,0x35,0xD1,0x3E,0xDB,0x86,0x87,0x63,0x71,
    0x05,0xB1,0x61,0x5B,0x1D,0x7B,0x95,0xE1,0xB8,0x5C,0x0E,0xB7,0xB4,0xB0,0xBD,0xC3,
    0xFE,0x98,0x63,0x8B,0xE2,0xF9,0xB8,0x5C,0x27,0x5C,0x0E,0x5F,0xF2,0xF5,0xE4,0x5C,
    0x07,0x65,0x9C,0x5B,0x24,0x0B,0x05,0xB0,0x5C,0x07,0xD5,0xD0,0x1E,0x93,0xED,0x5C,
    0x0E,0x5E,0x29,0x3E,0xDB,0x7A,0x71,0x05,0xB0,0x5C,0x08,0x5C,0x01,0xEA,0x9C,0x1F,
    0x95,0xC0,0x85,0xC3,0x7B,0x5D,0x0C,0x2F,0xC5,0xFF,0x3F,0xE9,0x5C,0x05,0xB0,0x5C,
    0x01,0xEA,0x5F,0x03,0xED,0x5B,0x1B,0x8B,0x5D,0x03,0xCD,0xB1,0xE2,0xF5,0xE0,0x4C,
    0xDE,0x5D,0x15,0xE2,0x5D,0x13,0xCB,0x66,0x73,0xCD,0xC3,0xDF,0xA5,0xF0,0x1E,0x95,
    0xB4,0x5C,0x17,0xB9,0xC1,0xF5,0xE0,0x5F,0x61,0xE5,0xF4,0x5E,0x0B,0x5B,0x23,0xCD,
    0xC3,0xDF,0xA1,0xE5,0xD0,0xD5,0xB1,0xE5,0xC1,0xE2,0xFD,0x9C,0x5F,0x13,0xEF,0x5E,
    0x35,0xD0,0xC3,0xDC,0x5D,0x03,0xCB,0x63,0x86,0x03,0xBC,0x5D,0x01,0xFA,0x1E,0x5D,
    0x0D,0x5B,0x06,0x25,0xB1,0x30,0xB5,0xC2,0x9C,0x5F,0x61,0xE9,0x5E,0x25,0xD0,0xD5,
    0xB2,0x40,0xBD,0xD5,0xD0,0x1F,0xAD,0x5B,0x55,0xC0,0x3D,0xE5,0xF1,0xC5,0xF4,0x4E,
    0xDC,0x85,0xC2,0x5B,0x21,0x0B,0xE7,0xA5,0xB2,0x60,0x85,0xC0,0xEA,0xD5,0xB1,0x3C,
    0xB6,0x45,0xB0,0xBE,0xC5,0xD1,0x1E,0x5F,0x61,0xE9,0x4C,0xDC,0x5D,0x0D,0x5B,0x0A,
    0x8B,0x95,0xC2,0xEA,0x5B,0x14,0x0B,0x03,0xB0,0x5B,0x0D,0x91,0xE9,0x5E,0x05,0xF5,
    0x3E,0xC7,0x5C,0x08,0x65,0x76,0x48,0xA7,0xA8,0xA5,0xB1,0x63,0x5B,0x05,0xC0,0xEC,
    0x5F,0xA1,0xE5,0xD0,0xB5,0xB5,0x60,0x7D,0x95,0xC0,0x4B,0xCB,0x30,0xB6,0x57,0xA5,
    0xB0,0x5C,0x04,0xDB,0xC4,0xBC,0xDC,0x2F,0x5E,0x14,0xDB,0x07,0xD5,0xB0,0x6B,0x8A,
    0x5B,0x01,0x07,0x60,0x76,0x57,0x3C,0xD5,0xE0,0x5F,0x55,0xE0,0x3F,0xE5,0xD1,0xD7,
    0x69,0x5B,0x61,0x07,0xA8,0x60,0x76,0x25,0xB2,0x62,0x8B,0xE5,0xC0,0x5D,0x18,0x61,
    0x76,0xE7,0x63,0x86,0x07,0x63,0x5C,0x0E,0x5E,0x15,0xF2,0x5E,0x29,0x5C,0x16,0x27,
    0x66,0x5B,0x01,0x07,0x00,0xB4,0xB0,0xDD,0x75,0xD0,0x76,0x83,0xBC,0x5D,0x03,0xCB,
    0x6F,0x85,0xD0,0x8B,0x9C,0x95,0xF2,0x1E,0x9C,0xEB,0x5D,0x15,0xC1,0x3B,0xC9,0x5B,
    0x01,0x05,0xC2,0x76,0x58,0x00,0x64,0xC0,0xB3,0x0B,0x5D,0x18,0x66,0x85,0xD0,0x5C,
    0x06,0x48,0x61,0x8A,0x5B,0x25,0xD8,0xC5,0xF1,0x1E,0x9B,0x5D,0x3B,0x75,0xD0,0xC9,
    0x4C,0xB0,0x3B,0xC5,0xD0,0xD5,0xB0,0xD6,0x17,0xD0,0x03,0x5B,0x01,0x07,0x97,0x66,
    0x5D,0x05,0xB0,0xD6,0x78,0xA7,0xD5,0xE2,0x85,0xE0,0xE5,0xC0,0x4D,0xCD,0xC2,0xF5,
    0xE0,0xEB,0x5D,0x1B,0x9D,0x5B,0x0D,0x5B,0x5A,0x3B,0xC9,0x5C,0x06,0x44,0xBC,0xDA,
    0x5B,0x16,0xD3,0xBD,0x5B,0x26,0x45,0xB2,0x60,0x86,0xD4,0xBC,0xD5,0xE0,0x4B,0xE0,
    0x73,0x0D,0xCD,0x5D,0x01,0xE5,0xD6,0x5C,0x15,0xB0,0x5C,0x19,0xD9,0xD9,0x5C,0x04,
    0xBC,0xD2,0xF3,0xED,0x61,0x8A,0x7D,0x70,0x05,0x3B,0x07,0xA5,0xB1,0x6C,0x7D,0x61,
    0x8A,0x5B,0x25,0xE0,0x8A,0x3D,0xC5,0xE0,0x95,0xC0,0x5D,0x55,0xB1,0x4D,0xBD,0x5E,
    0x19,0x5E,0x15,0xD0,0x5C,0x0E,0xC9,0x3C,0xDA,0x86,0x08,0x6F,0x76,0x65,0xB1,0x10,
    0x5B,0x06,0xCD,0xA9,0xA8,0xB5,0xB6,0x95,0xE0,0xEB,0x4D,0xCB,0x10,0x5B,0x15,0xC0,
    0x5D,0x04,0xCB,0x07,0x60,0x5B,0x05,0xE4,0x3D,0xC5,0xD1,0xD5,0xD0,0xA7,0x6B,0x5C,
    0x15,0xB0,0x30,0xB6,0x73,0xB0,0x5B,0x46,0x03,0xBD,0xCE,0x61,0x7B,0x9A,0x73,0x0B,
    0xB5,0xD2,0x73,0xDE,0x5D,0x0C,0x64,0x5B,0x15,0xC0,0x5D,0x08,0x60,0x79,0x5E,0x19,
    0x1E,0x9B,0x91,0xFC,0xEA,0x3D,0xB5,0xC0,0x86,0x05,0xB0,0xA4,0xBC,0xBE,0xCE,0x71,
    0x07,0x65,0xE6,0x33,0xBD,0x5E,0x0E,0x68,0x73,0xCE,0xA3,0xDB,0x5C,0x07,0x5D,0x0D,
    0x5D,0x15,0xE0,0x3D,0xC5,0xB0,0x62,0x5B,0x0B,0x8B,0x3D,0xCA,0x5B,0x29,0xC2,0xFC,
    0x3D,0xE5,0xF0,0x1E,0x2F,0x1E,0xA4,0xED,0xCE,0xCB,0x65,0x5B,0x06,0x28,0xBC,0x60,
    0x86,0x67,0x98,0x96,0x74,0xBC,0xFA,0x4E,0xDC,0xEC,0x5B,0x01,0xE5,0xC0,0xEC,0x3D,
    0xC5,0xB0,0xE5,0xB0,0xD6,0x15,0xB1,0x10,0x7D,0x5B,0x1A,0x5B,0x19,0xC5,0xF0,0xEC,
    0x5F,0x1A,0x1E,0x5D,0x03,0xCB,0xB8,0x60,0x5B,0x01,0x05,0xB5,0xD9,0x5C,0x33,0xBD,
    0x5E,0x2E,0x76,0x35,0xB4,0x5C,0x13,0xDE,0xA1,0xE5,0xD0,0x3C,0xBB,0x86,0x05,0xB0,
    0x10,0x75,0xD1,0x4B,0xDC,0xE7,0x5C,0x23,0xBD,0x5E,0x25,0xB1,0x30,0xDA,0x5B,0x25,
    0xC2,0x5D,0x01,0xE0,0xEF,0x5C,0x05,0xB4,0x69,0x76,0x17,0xD5,0xB0,0xB5,0xD0,0x5E,
    0x02,0xFC,0x66,0x5B,0x15,0xC0,0xA5,0xC0,0x5B,0x46,0x95,0xB5,0xD5,0xB0,0xB5,0xD0,
    0x5E,0x02,0xFC,0x66,0x5B,0x15,0xC0,0xA7,0x66,0x3B,0xC5,0xD3,0xD6,0x0E,0x7A,0x89,
    0x3B,0xC9,0xC2,0xFC,0xE5,0xB2,0x69,0x5B,0x0A,0x7A,0x5B,0x06,0x13,0xBC,0x5D,0x3D,
    0x60,0xE5,0xB2,0x93,0xBC,0x9C,0x2F,0xCE,0x5B,0x26,0x95,0xB0,0x64,0x5B,0x0B,0x5D,
    0x1D,0x9C,0x3D,0xC7,0x60,0x3B,0xC9,0x1E,0x5B,0x15,0xD1,0x5B,0x59,0x70,0x03,0x85,
    0xD1,0xD9,0xC3,0xDC,0x76,0x03,0xBC,0x91,0xE7,0xA5,0xD0,0x65,0x89,0x70,0x03,0x5B,
    0x0A,0x5B,0x36,0x07,0xDA,0xD5,0xE0,0x98,0xA7,0xD5,0xD0,0xAD,0x5B,0x66,0x07,0x6B,
    0x86,0x05,0xB3,0x65,0xD5,0xE0,0x3D,0xB6,0x35,0xD0,0x60,0x5B,0x66,0x07,0x61,0x5C,
    0x0E,0x5F,0x4E,0x5B,0x16,0x25,0xB2,0x10,0x7E,0xC2,0xF1,0xE9,0xB1,0xE5,0xF1,0xCE,
    0x69,0x89,0xA5,0xC0,0xE2,0xFB,0x66,0x86,0x67,0xEC,0x1F,0x76,0x03,0xCB,0x5F,0x16,
    0xC8,0x9A,0x4E,0xDC,0xEC,0x3F,0xE2,0xF1,0xE2,0xF5,0xB0,0x6B,0x4B,0xCD,0xC4,0xCB,
    0xD5,0xE0,0x5D,0x05,0xC0,0x64,0x5B,0x04,0xCD,0xE2,0xFA,0x4E,0xDC,0xEC,0x3F,0xE5,
    0xC0,0x00,0x04,0xBC,0xD1,0xE7,0x61,0x79,0xD6,0x65,0xB0,0x4C,0xDE,0x2F,0xA4,0xFE,
    0xD5,0xC0,0x91,0xE9,0x61,0xD7,0x4C,0xED,0x5E,0x13,0xDB,0x62,0x5B,0x45,0xC1,0x5B,
    0x03,0x0E,0x63,0x89,0xC5,0xF0,0xA4,0xFE,0xD5,0xC0,0xE6,0x9B,0xC6,0x65,0xB0,0x60,
    0x86,0x05,0xB0,0xA1,0xE6,0x38,0x9C,0x5F,0x0A,0xB7,0x5C,0x1E,0xC1,0xF5,0xE0,0x9D,
    0x5B,0x0B,0x5D,0x06,0xE7,0xD9,0x64,0x5B,0x05,0xC1,0xAB,0x00,0x0D,0x00,0x4D,0x96,
    0x45,0xB0,0x5C,0x1A,0x8B,0x5B,0x1B,0xEC,0x5F,0x29,0xD6,0x1D,0xA5,0xB0,0xB5,0xD0,
    0xD5,0xB1,0xAB,0x95,0xE0,0x2F,0x5D,0x06,0x25,0xB0,0xA8,0xB8,0x62,0x76,0xD5,0xB0,
    0xB5,0xD0,0x3C,0xB6,0x2B,0x95,0xE0,0x2F,0x5D,0x06,0x25,0xB0,0x60,0x5B,0x95,0xE2,
    0x1F,0x5B,0x26,0x45,0xB2,0xB5,0xB0,0x62,0x5B,0x09,0x85,0xD0,0x86,0xA5,0xB0,0xA7,
    0x00,0x05,0xB0,0x60,0xD7,0x63,0x5B,0x09,0x85,0xD0,0x86,0x67,0x65,0x7B,0x76,0x17,
    0x93,0xED,0x00,0x95,0xB0,0xE6,0x38,0x02,0x25,0xB0,0xE6,0x94,0xB0,0xB6,0x05,0xB2,
    0x3C,0xD5,0xF2,0xCE,0x60,0x9C,0x5F,0x04,0xED,0xC0,0x46,0x5B,0x06,0x18,0x65,0x7D,
    0x94,0xCB,0x07,0x62,0x1E,0x5F,0x44,0xED,0xC7,0x62,0x7B,0x68,0x5B,0x0A,0x70,0x10,
    0x76,0x27,0xB6,0x69,0xC2,0xFC,0x7A,0x1E,0x67,0x76,0x1B,0x9B,0xC5,0xF1,0x3D,0xC7,
    0x69,0x85,0xC0,0x1E,0xA9,0xC1,0xF7,0x01,0x17,0x69,0x85,0xC0,0x1E,0xA5,0xF0,0x1E,
    0x94,0xEF,0xE3,0xDC,0xA8,0x6A,0x2F,0xC3,0xDC,0xAB,0x9D,0x76,0x87,0xBE,0xC3,0xDF,
    0xA5,0xF0,0x3E,0xD5,0xB1,0x01,0x97,0xBE,0xC3,0xDF,0xA1,0xE5,0xD0,0x4C,0xBC,0x93,
    0xCD,0x5B,0x06,0x58,0xA1,0xEB,0x95,0xC1,0x60,0x5B,0x26,0x34,0xFE,0xB1,0x05,0xB2,
    0xD5,0xD0,0x1F,0xA1,0xE5,0xD0,0x3C,0xB0,0x00,0x7D,0x00,0x14,0xFE,0xB1,0x05,0xB2,
    0xD5,0xD0,0x1F,0xAD,0x5B,0x1D,0x5B,0x03,0xCB,0x63,0x8A,0x85,0xD0,0x5F,0x0A,0xB6,
    0xB1,0xE5,0xF1,0x3E,0xB9,0x60,0x85,0xC0,0xEA,0xD0,0x00,0x86,0x07,0x1F,0x6F,0x1E,
    0x5F,0x13,0xEB,0x96,0x08,0x5C,0x0E,0xA5,0xB1,0x60,0x5B,0x26,0x23,0xB0,0x5B,0x01,
    0x07,0x95,0xF1,0xB1,0x07,0x60,0x5B,0x59,0xCE,0x7E,0xA7,0xA8,0xA5,0xB0,0x6F,0x5B,
    0x16,0x13,0xCB,0x65,0x5B,0x59,0x5B,0x0A,0xEA,0x7A,0x86,0x58,0x69,0x86,0x07,0xE5,
    0xB1,0xC3,0xFC,0x60,0x76,0x0D,0x9D,0x5B,0x05,0xC0,0x7A,0x5B,0x01,0x07,0x00,0x68,
    0x61,0x7C,0x86,0x6D,0x9D,0x5B,0x21,0x07,0xA5,0xB0,0x10,0x7A,0x86,0x05,0xB0,0x5C,
    0x07,0x6A,0x79,0x3B,0x05,0xB1,0x65,0x4B,0xCE,0xEB,0x86,0x37,0x63,0x80,0x06,0x89,
    0x4B,0x0B,0x68,0x4B,0xCE,0xE6,0x67,0x01,0xB5,0xC0,0x8B,0x10,0x74,0x0B,0x03,0xBC,
    0x02,0x0B,0x3B,0xC6,0x24,0xB0,0xBD,0x62,0x76,0x08,0xA5,0xB1,0x10,0x5B,0x1D,0x5D,
    0x05,0xB0,0x66,0x3B,0x07,0x63,0x5B,0x0A,0x75,0xD0,0x5B,0x06,0x25,0xB0,0xD6,0x18,
    0xA5,0xB1,0x30,0xB6,0x57,0x66,0x3C,0x0B,0x30,0xB6,0x99,0x5B,0x06,0x25,0xB0,0xD6,
    0x17,0xDC,0xB8,0xB9,0xB7,0xB5,0xB2,0x68,0x5E,0x06,0x08,0x60,0x5B,0x2A,0x5B,0x03,
    0xDF,0x5C,0x06,0x27,0xDC,0xB8,0xB8,0x61,0x8B,0x5B,0x26,0x3B,0x93,0xCB,0x2F,0x64,
    0x5B,0x26,0x35,0xC0,0x65,0x4B,0xCD,0x5F,0x0E,0x5B,0x16,0x05,0xB0,0x6C,0x7E,0xCA,
    0x4C,0xDC,0x61,0x73,0xCD,0xC5,0xF1,0x3E,0xD6,0x34,0xBC,0xD5,0xF0,0x3D,0xB6,0x35,
    0xB0,0x68,0x89,0x1F,0x75,0xE0,0x66,0x76,0x1D,0x5F,0x03,0xED,0x61,0x8A,0x73,0xCD,
    0x5E,0x04,0xDB,0x07,0xD9,0x5F,0x14,0xD0,0xB6,0x23,0xBD,0xCE,0x60,0x5B,0x04,0xCD,
    0xC7,0x61,0x7B,0x9C,0x93,0xCD,0xA8,0x61,0x4C,0xDE,0x86,0x28,0x5D,0x05,0xF1,0x4D,
    0x0B,0x64,0x4B,0xDF,0xE7,0x6F,0xC9,0x3C,0xDA,0x86,0x08,0xA4,0xBD,0xEE,0xB4,0xDE,
    0xF5,0xE0,0x5F,0x05,0xE0,0x3D,0xB6,0xD5,0xB1,0x5C,0x15,0xB1,0x5D,0x0D,0x5D,0x0A,
    0x86,0x98,0x5D,0x0C,0x5F,0x05,0xE0,0x3D,0xB0,0x0B,0x3D,0xC5,0xD0,0xA7,0x61,0x5B,
    0x05,0xC2,0xEC,0x5F,0x05,0xE0,0x2F,0xC7,0x64,0x75,0xC1,0x8B,0x9C,0x3F,0xE9,0x5C,
    0x09,0x1F,0xCE,0xA7,0x67,0x75,0xD0,0x5E,0x32,0xFC,0x70,0x05,0x5C,0x09,0x1F,0xCE,
    0xA3,0xDB,0x5C,0x08,0x60,0x5B,0x0A,0x4B,0xCB,0xEC,0xE7,0x10,0x76,0x5E,0x62,0x85,
    0xC1,0x9C,0x2F,0xC3,0xDE,0x5F,0x01,0xE2,0xF1,0xEA,0x3D,0xB5,0xC0,0x86,0x65,0xD1,
    0x3E,0xD7,0x10,0x7A,0x7C,0x5B,0x06,0xC1,0xFC,0x3D,0xE5,0xF0,0x1E,0x2F,0x1E,0xA4,
    0xED,0xCE,0xCB,0x65,0x5B,0x06,0x28,0xBC,0x60,0x86,0x94,0xB0,0xB9,0xC5,0xF0,0xEC,
    0x5F,0x1A,0x4E,0xDC,0xEC,0xB6,0x57,0xE6,0x28,0xB5,0xE5,0x76,0x65,0xD1,0xC5,0xF0,
    0xEC,0x5F,0x1A,0x1E,0x5D,0x03,0xCB,0xB8,0x60,0x5B,0x01,0x05,0xB5,0xD9,0x5C,0x33,
    0xBD,0x5E,0x2E,0x7A,0xEA,0x5B,0x25,0xC2,0x5D,0x01,0xEA,0x1E,0x5D,0x03,0xCB,0xB8,
    0x60,0x5B,0x01,0x05,0xB5,0xD9,0x5C,0x15,0xB0,0x5E,0x3E,0x7A,0xEA,0x5B,0x25,0xC2,
    0x5D,0x01,0xE0,0xFD,0x5C,0x06,0x75,0xB0,0x05,0xE4,0xC0,0xC6,0x67,0x05,0xED,0x60,
    0x86,0x33,0xB0,0x5B,0x06,0x65,0xB0,0x04,0xF5,0xC0,0x60,0x86,0x35,0xB2,0x63,0x5B,
    0x10,0x4A,0x7A,0x85,0xC0,0x5D,0x06,0x28,0x65,0x5B,0x01,0x07,0x5C,0x26,0x2B,0x62,
    0xB0,0x3B,0x4B,0xCB,0x61,0x75,0xC0,0x10,0x76,0xA4,0xB0,0xBD,0x65,0xB5,0xB0,0x03,
    0xF4,0xBC,0xDB,0x8B,0x7A,0x7D,0x76,0xA8,0x62,0x5D,0x1B,0x7D,0x70,0x3D,0x3B,0xC9,
    0x4C,0xDC,0x8B,0x76,0x05,0xB1,0x60,0x8B,0xA8,0xA3,0xBC,0x61,0x3B,0xDC,0x94,0xCB,
    0x07,0x03,0xDB,0x5D,0x0D,0x5D,0x4B,0x6A,0x7B,0x5D,0x1C,0x5D,0x01,0xE2,0xF9,0xDA,
    0xE7,0x60,0x5B,0x00,0x32,0x3B,0xC5,0xD0,0x5C,0x25,0xD1,0xD6,0xD3,0xCD,0xCE,0xC5,
    0xD3,0x5F,0x01,0xE9,0x4C,0xDC,0x4B,0x0B,0xB8,0x03,0x28,0xB9,0xD5,0xB1,0xD5,0xD0,
    0x5C,0x08,0x6A,0x8B,0xE5,0xE0,0x4D,0xBC,0x1E,0x94,0xEF,0xE3,0xDE,0x5D,0x18,0xB9,
    0x70,0x31,0x75,0xC0,0x3B,0x07,0x4C,0xDE,0x98,0xB7,0x6B,0x4B,0xCD,0xCE,0x75,0xD0,
    0x5E,0x04,0xDF,0xE1,0xF5,0xD2,0x1E,0x98,0x03,0x23,0xB0,0x7A,0x5B,0x0B,0x4B,0xCB,
    0xA3,0xB0,0x5B,0x06,0x75,0xB0,0xB5,0xD0,0x5C,0x03,0xDB,0x91,0xE5,0xF0,0x3E,0xD2,
    0xF1,0xE2,0xF3,0xEC,0x03,0x67,0xB5,0xB0,0x4C,0xBC,0x3D,0xC5,0xB1,0x6F,0x94,0xED,
    0xC4,0xBC,0xB5,0xD1,0x3C,0xD5,0xE0,0xD7,0x03,0x45,0xB0,0x5C,0x0E,0x5C,0x05,0xD6,
    0x76,0xD5,0xE0,0x4D,0xCB,0xA7,0x10,0x7D,0x9D,0x70,0x35,0x7D,0x9C,0x3D,0xC5,0xD1,
    0x1E,0x5D,0x0C,0x98,0x6B,0x5E,0x13,0xDB,0x60,0x7A,0x7D,0x5B,0x00,0x37,0x7B,0xEC,
    0x5D,0x11,0xE5,0xD0,0xC1,0xFC,0x3D,0xB6,0x47,0xB5,0xE4,0x3D,0xC7,0x60,0x5B,0x10,
    0x3C,0x85,0xC0,0x5D,0x05,0xE0,0x9C,0x5F,0x13,0xED,0x62,0x5B,0x2B,0x95,0xE0,0x97,
    0x95,0xB0,0x04,0x07,0x5C,0x05,0xD4,0x1E,0x5F,0x14,0xED,0xB6,0x45,0xB1,0xB5,0xD0,
    0x3C,0xB9,0xC3,0xDB,0x04,0x15,0xB0,0x5C,0x05,0xD1,0x4C,0xDC,0xE5,0xE0,0x3D,0xB6,
    0x85,0xB1,0x60,0x79,0x5E,0x08,0x04,0x25,0xB0,0x5C,0x08,0xA5,0xB0,0xD9,0x4B,0xCD,
    0x64,0x5B,0x16,0x15,0xB4,0x3D,0xE9,0x70,0x40,0x4B,0x0B,0xA5,0xB0,0x62,0x75,0xD0,
    0x68,0x5B,0x36,0x37,0x04,0x78,0x63,0x5C,0x15,0xD0,0x1E,0x68,0x80,0x58,0x5B,0x3B,
    0xEC,0x6C,0x4B,0xEB,0x64,0x80,0x45,0x5C,0x05,0xB3,0x4C,0xDC,0x85,0xD0,0xD6,0x64,
    0xBE,0xF1,0xE6,0x45,0xB1,0x04,0x25,0xC0,0x7D,0xA7,0x62,0x3B,0xC5,0xD0,0xD6,0x18,
    0xB2,0xF6,0x07,0x64,0x70,0x43,0x5B,0x0B,0x66,0x8B,0x61,0x73,0x0D,0x2F,0xC5,0xB0,
    0x05,0x57,0x60,0x5B,0x06,0x28,0xA8,0x94,0xBD,0xB0,0x54,0x5B,0x16,0x85,0xB0,0xA7,
    0x0F,0xF0,0xD7,0xD5,0xD0,0x66,0x1E,0x2F,0x03,0xD8,0x5F,0x01,0xE6,0xC5,0xC1,0x69,
    0xB9,0xA4,0xCD,0xE5,0xF1,0x3E,0xC0,0x38,0x3B,0xE2,0xF3,0xEB,0x6A,0x5C,0x36,0x05,
    0xC0,0x66,0x4B,0xCD,0xBE,0x5E,0x05,0xD0,0x03,0x88,0xAC,0x6D,0xB8,0xA8,0x5C,0x24,
    0xDE,0xD4,0xED,0x09,0xD7,0x4C,0xBC,0x3D,0xE5,0xD0,0x5C,0x10,0x38,0x86,0xDB,0x7D,
    0x75,0xC0,0xE5,0xE1,0x3D,0xFC,0x3D,0xEA,0x7B,0x95,0xC4,0x03,0xE1,0xE2,0xFC,0x60,
    0x4B,0x0C,0x5B,0x15,0xC2,0xEC,0x2F,0x5E,0x13,0xFE,0xA7,0x5D,0x15,0xC1,0x70,0x3E,
    0x1E,0x5F,0x01,0xE9,0x1E,0x61,0x75,0xC0,0x3D,0xE5,0xC1,0x1E,0x5F,0x1C,0x4F,0xED,
    0x1E,0x74,0xCD,0xE9,0xB3,0xBC,0xC0,0x3D,0x1E,0x5F,0x04,0xED,0xC3,0xBD,0x62,0x3B,
    0xC5,0xD0,0x5E,0x14,0xCD,0xE9,0xC5,0xF1,0x4D,0xED,0xC9,0xB5,0xB0,0x3C,0xE2,0xF0,
    0x3A,0x4B,0xEC,0x1E,0x5C,0x08,0x65,0x4B,0xCE,0x5F,0x24,0xEC,0xD1,0xE5,0xF4,0x5E,
    0x15,0xD0,0xD5,0xB3,0xCD,0x03,0x7B,0x5B,0x0B,0x71,0x07,0x60,0xD5,0xD0,0x1E,0x5F,
    0x4C,0x5F,0x55,0xE0,0x5D,0x03,0xCD,0xB7,0x10,0x7D,0x03,0x98,0xA5,0xB2,0x3C,0xDA,
    0x3B,0xC9,0x1E,0x5F,0xF4,0xFE,0xDC,0x5D,0x2B,0x80,0x3F,0x3B,0x05,0xB1,0xE7,0xD9,
    0x4C,0xDE,0x5F,0xA1,0xE5,0xF3,0x5E,0x3E,0xB3,0xB0,0x70,0x3B,0x5B,0x05,0xC1,0x5B,
    0x33,0xCD,0x5E,0x05,0xFB,0x1E,0x5F,0x64,0xED,0xC5,0xB0,0xA7,0x03,0x98,0x60,0x86,
    0x04,0xBC,0xB4,0xCD,0xC5,0xD0,0x1E,0x5F,0x73,0xEF,0x5E,0x15,0xF2,0xCE,0x7A,0x70,
    0x36,0x1E,0x2F,0x76,0x67,0xA8,0x5C,0x19,0xC5,0xF7,0x5E,0x43,0xDE,0x98,0x03,0xB7,
    0x3E,0xF6,0xA4,0xBC,0xD1,0xE9,0xC4,0xDE,0xD5,0xF6,0xC5,0xD1,0x5E,0x0D,0x70,0x3B,
    0x76,0x68,0xA8,0xBE,0x5E,0x05,0xFA,0x5E,0x05,0xD0,0xD7,0x5C,0x18,0x04,0x69,0x4C,
    0x0B,0x3C,0xD5,0xE1,0x5F,0x55,0xE0,0x1F,0x5E,0x1E,0xB5,0xD0,0x5B,0x30,0x43,0x5E,
    0x0D,0xA9,0xBE,0xCE,0xC5,0xF2,0x5E,0x39,0xD5,0xB0,0x5C,0x15,0xB1,0xD0,0x44,0x3E,
    0xC7,0xB8,0x95,0xE2,0x5F,0x35,0xE1,0x4D,0xED,0x75,0xE0,0xE5,0xB1,0x4D,0xEF,0x3E,
    0xC0,0x44,0x3C,0x05,0xB2,0xD5,0xE0,0xEC,0x5F,0x25,0xE0,0x3D,0xCC,0x85,0xE0,0x3D,
    0xC7,0xB9,0x1E,0x2F,0x3D,0xB6,0x05,0xB1,0x04,0x15,0xB0,0xB9,0xC2,0xF5,0xE0,0x94,
    0xCB,0xE3,0xDC,0x9C,0xE5,0xB0,0xD5,0xB4,0x62,0x5B,0x00,0x3F,0x5B,0x4D,0x5D,0x2C,
    0x3D,0xC7,0xD5,0xD0,0xD5,0xB2,0xA7,0x04,0xB8,0x60,0x7D,0xCE,0x5B,0x2B,0x5B,0x0E,
    0xCD,0x05,0x87,0xD9,0x5B,0x21,0x05,0xB2,0x4D,0xEF,0xEB,0x86,0x25,0xB0,0x05,0x04,
    0xCB,0x07,0x64,0x8B,0x4D,0xEF,0x4E,0xDC,0x4B,0xC0,0x80,0x4F,0x5D,0x08,0x60,0x76,
    0x43,0xBC,0x5B,0x04,0xCD,0xE2,0xF3,0xDC,0x04,0xF5,0xD1,0x76,0x68,0x5C,0x08,0xA8,
    0xB4,0xB0,0xB5,0xD0,0xD7,0x04,0xC5,0xB1,0x00,0x85,0xB1,0x0F,0xF0,0x2C,0xF0,0x00,
    0x24,0x25,0x20,0x23,0x1F,0x22,0x15,0x26,0x06,0xE5,0x51,0x2D,0x14,0x55,0x03,0x6D,
    0x54,0x4A,0x44,0xD4,0x55,0x04,0x6D,0x55,0x60,0x47,0x65,0x46,0x7E,0xE1,0x7E,0x17,
    0x28,0x3E,0x65,0xF0,0x17,0x5F,0x02,0x94,0x87,0xE1,0xD9,0x32,0x35,0x4F,0x73,0x54,
    0x55,0x15,0x6C,0x57,0xF1,0x79,0x83,0x65,0x2D,0x14,0x8E,0x1D,0x75,0x50,0x75,0x30,
    0x1D,0x78,0x36,0xD5,0x50,0x56,0x01,0x78,0x1E,0x56,0x01,0x75,0x60,0x49,0xF6,0x58,
    0x08,0x27,0x29,0x48,0x7E,0x1D,0x91,0x37,0x53,0xF5,0x31,0x54,0x18,0x56,0x25,0x52,
    0x54,0x05,0x51,0x34,0x55,0x42,0x53,0x17,0xD9,0xDE,0xD2,0xD8,0x46,0x56,0x1E,0x73,
    0x56,0x55,0x21,0x32,0xD7,0x35,0x42,0xD1,0x68,0x46,0x56,0x47,0x5D,0xDE,0x27,0x46,
    0x79,0x4E,0x67,0x58,0x33,0x98,0x27,0x3E,0xD9,0x7A,0x54,0x23,0x34,0x53,0x15,0x41,
    0x53,0x17,0x81,0x45,0x52,0x56,0x15,0x53,0x54,0x1D,0x54,0x18,0x54,0x05,0x30,0x34,
    0x59,0x45,0x67,0xD2,0xD5,0x50,0xE3,0x34,0x55,0x51,0x45,0xD0,0x2E,0x5D,0x35,0xF1,
    0x1E,0x2D,0x56,0x01,0x75,0x80,0x4E,0x56,0x58,0x33,0x98,0x27,0x3E,0xD9,0x14,0x53,
    0x15,0x40,0xA3,0x45,0xA7,0x87,0x53,0x01,0x45,0x56,0x7D,0x56,0x25,0x51,0x34,0x55,
    0x41,0x55,0x17,0x53,0x03,0x45,0x94,0x56,0x7D,0x2D,0x34,0x55,0x60,0xA3,0x45,0x54,
    0x05,0x50,0x14,0x2D,0x55,0x11,0x65,0x70,0x4E,0x56,0x47,0x87,0x3E,0xD5,0x60,0x27,
    0x38,0xE2,0xDE,0x28,0x27,0x36,0x95,0x70,0x3E,0xD9,0x14,0x53,0x21,0x4A,0x14,0x81,
    0x4A,0x78,0x54,0x1D,0x56,0x15,0x51,0x75,0x51,0xE8,0x34,0x5E,0xD7,0x55,0x0E,0x87,
    0x33,0x48,0x9D,0x27,0x45,0xDE,0x3D,0x48,0x33,0xDA,0x7A,0x14,0x2E,0x2D,0x54,0x53,
    0x7E,0x55,0x04,0x69,0xF3,0xDE,0x5F,0x11,0xE5,0xD1,0x1E,0x5D,0x23,0x98,0x27,0x3E,
    0xD9,0x14,0xA7,0x53,0x04,0x43,0x48,0x14,0xA5,0x42,0x85,0x63,0x55,0x15,0x42,0x55,
    0x07,0x84,0x65,0x45,0x51,0x56,0x2D,0x73,0x54,0x94,0x57,0x6D,0x5D,0x51,0x45,0x63,
    0x27,0x34,0xD5,0x41,0x45,0x45,0x44,0x6E,0x46,0x56,0x47,0x8D,0xD2,0x72,0x82,0x94,
    0xE9,0x82,0x98,0x4D,0x5D,0x28,0x27,0x3E,0xD9,0xA7,0x35,0x45,0x32,0x54,0x15,0x30,
    0x78,0xED,0x56,0x44,0x54,0x51,0x45,0x51,0x73,0x56,0x85,0x40,0x45,0x65,0x16,0x55,
    0x01,0x68,0x71,0x39,0x45,0x67,0xD2,0xD4,0x45,0x65,0xD0,0x14,0xED,0xE4,0x54,0x73,
    0x3D,0x78,0x14,0x84,0x45,0xE4,0x65,0x64,0x78,0x43,0x75,0xE4,0x76,0x91,0xE2,0x81,
    0x75,0x90,0x45,0x76,0x39,0x82,0x73,0xED,0x9A,0x14,0x55,0x01,0x4A,0x54,0x63,0x54,
    0x55,0x25,0x65,0x55,0x15,0x41,0x55,0x17,0x45,0x45,0x16,0x55,0x23,0x65,0x54,0x01,
    0x39,0xDE,0xD2,0xD4,0x34,0x51,0x62,0xD1,0x45,0x54,0x46,0x3D,0x54,0x08,0x54,0x04,
    0x5D,0x68,0x47,0x64,0x47,0x56,0x57,0x03,0x86,0x27,0x28,0x46,0x95,0x47,0x69,0x18,
    0x27,0x3E,0xD9,0x12,0xA3,0x45,0x75,0x30,0x14,0x53,0x11,0x48,0x54,0x15,0x56,0x56,
    0x1D,0x54,0x35,0x52,0x16,0x85,0x60,0x55,0x14,0x65,0x43,0x32,0x95,0x51,0x2D,0x44,
    0x54,0x45,0x6D,0x54,0x25,0xD1,0x2E,0x5D,0x05,0xE0,0x5D,0x15,0x50,0xE4,0x56,0x51,
    0x65,0x70,0x38,0xE2,0x71,0x8E,0x39,0xEE,0x29,0x48,0x7E,0x1D,0x9C,0xA7,0x53,0x47,
    0x55,0x15,0x43,0x35,0x65,0x53,0x16,0x85,0x44,0x83,0x65,0xE8,0x56,0x08,0x16,0x87,
    0x12,0x98,0x36,0x52,0xD1,0x35,0x40,0x16,0x2D,0x2E,0x5D,0x17,0x55,0x05,0x60,0x57,
    0x23,0x5D,0x84,0x67,0x54,0x65,0x64,0x78,0x64,0x8F,0x85,0x61,0x39,0xEE,0x29,0x48,
    0x7E,0x1D,0x95,0x20,0xA1,0x45,0x33,0x75,0x53,0x74,0x34,0x55,0x61,0x55,0x31,0x48,
    0x75,0x51,0x16,0x85,0x60,0x55,0x05,0x61,0x45,0x43,0x34,0x39,0x45,0x67,0xD2,0xD3,
    0x45,0x74,0x6D,0x51,0x62,0x71,0xD5,0x44,0x55,0x05,0x42,0x47,0xE5,0x47,0x86,0x34,
    0x68,0x46,0x76,0x48,0xE7,0x16,0x27,0x46,0x8E,0x37,0x65,0x90,0x47,0xED,0x95,0x22,
    0x53,0x01,0x45,0x31,0x54,0x1D,0x54,0x0A,0x73,0x56,0x55,0x47,0x45,0x65,0x54,0x05,
    0x52,0x56,0x13,0x54,0x55,0x11,0x45,0x30,0x14,0x94,0x56,0x7D,0x2D,0x74,0x54,0x54,
    0xE5,0x64,0x57,0xE7,0x55,0x07,0xDE,0xD5,0x41,0x35,0xD8,0x47,0x6E,0x16,0x84,0x67,
    0x64,0x7D,0x73,0x58,0xE4,0x8D,0x74,0x69,0x84,0x97,0xE1,0xD9,0x31,0x35,0x21,0xA7,
    0x53,0x25,0x41,0x53,0x01,0x48,0x16,0x85,0x42,0x55,0x0E,0x85,0x40,0x81,0x65,0x53,
    0x54,0x2A,0x42,0x34,0x9D,0x27,0xD2,0xD5,0x41,0x45,0xE6,0x45,0x46,0x4E,0x45,0xE5,
    0x50,0x34,0x5E,0x55,0x11,0x42,0xD5,0xE1,0x55,0x1E,0x48,0xDE,0x1D,0xE4,0x8E,0xD4,
    0x76,0x94,0x89,0x73,0xED,0x95,0x10,0x52,0x35,0x3A,0x75,0x51,0x54,0x05,0x50,0x56,
    0x28,0x54,0x6D,0x75,0x50,0x44,0x34,0x53,0x09,0x45,0x76,0xD5,0xD3,0x44,0xE5,0x74,
    0x6E,0x45,0x50,0xED,0x54,0x2D,0x54,0x04,0xD5,0x74,0x8D,0xE5,0x51,0x46,0x58,0x2D,
    0x5E,0x15,0xD1,0x19,0x28,0x47,0xED,0x9C,0x51,0xF5,0x11,0x52,0xF5,0x22,0x51,0x41,
    0x2A,0xC5,0x10,0x98,0x36,0x52,0xD5,0x41,0x2D,0x55,0x11,0xD5,0x40,0x55,0x05,0xD3,
    0x2E,0x5D,0x07,0x45,0x8E,0x55,0x01,0x68,0x47,0xD5,0x58,0x01,0x92,0x84,0xD6,0x84,
    0x78,0x73,0xED,0x97,0x53,0x0C,0x51,0x45,0x24,0x13,0xC3,0x32,0x53,0x15,0x20,0x53,
    0x25,0x20,0x53,0x15,0x23,0x21,0x14,0x55,0x14,0x43,0x21,0x19,0x55,0x12,0xD7,0x85,
    0xDC,0x14,0x55,0x01,0x72,0x84,0x5D,0x45,0x50,0x1E,0x55,0x24,0x65,0xE1,0x7E,0x84,
    0x79,0xE4,0x68,0x74,0x87,0xE1,0xD9,0x34,0x37,0x12,0x51,0x55,0x21,0xA1,0x45,0x31,
    0x52,0x05,0x30,0x52,0x01,0x37,0x13,0xC5,0x31,0x7A,0x52,0x37,0x33,0x45,0x31,0x11,
    0x93,0x56,0x82,0xD7,0x45,0x64,0x2D,0x54,0x18,0xE3,0x75,0x2D,0x54,0x0D,0xE3,0x78,
    0x5D,0x08,0x1D,0x85,0x60,0x35,0xF8,0x46,0x76,0x84,0x9E,0x64,0x87,0x84,0x7E,0xD9,
    0x43,0x24,0x33,0x25,0x14,0x52,0x11,0x37,0x53,0x05,0x21,0x18,0x29,0x5A,0x03,0x98,
    0x52,0x25,0x31,0x34,0x57,0x12,0x53,0x0C,0x53,0x04,0x54,0x35,0x20,0x9D,0xED,0x2D,
    0x84,0x65,0x41,0xD8,0xE8,0xE8,0x47,0x4D,0x7D,0x56,0x13,0x78,0x2D,0x4F,0xED,0x4E,
    0xFE,0x2D,0x1E,0x81,0x65,0x70,0xE4,0x8E,0x63,0x98,0x27,0x3E,0xD9,0x14,0x83,0x43,
    0x52,0x05,0x10,0x52,0x01,0x3C,0x53,0x15,0x20,0x18,0x29,0x5A,0x15,0xB0,0x4A,0x53,
    0x52,0x05,0x30,0x78,0x13,0x7A,0x42,0x56,0x27,0xE4,0x54,0x39,0x45,0x67,0xD2,0xD7,
    0x35,0x42,0xD5,0x51,0x56,0x08,0x44,0x64,0x1D,0x7D,0xE5,0x50,0x17,0x2D,0x14,0x55,
    0x17,0x1D,0x85,0x60,0x27,0xE4,0x8E,0x63,0x98,0x27,0x3E,0xD9,0x74,0x32,0x41,0x3C,
    0x51,0x0C,0xAC,0x13,0x52,0x11,0x82,0x95,0xA6,0x2B,0x49,0x54,0x52,0x0A,0x34,0x55,
    0x40,0xD7,0x33,0x45,0x50,0x74,0x64,0x39,0xD2,0x7D,0x5D,0x03,0xE4,0x5D,0x13,0xED,
    0x55,0x15,0x40,0x45,0x4D,0x14,0x55,0x0E,0x84,0x7D,0x48,0xE4,0x75,0x43,0xD5,0x57,
    0x05,0x62,0x47,0xE6,0x29,0x48,0x7E,0x1D,0x9A,0xC3,0x43,0xC5,0x10,0x52,0x01,0x35,
    0x23,0x38,0x95,0xA0,0x59,0x42,0xA5,0xB0,0x49,0x53,0xC3,0x34,0x55,0x34,0x43,0x4D,
    0x54,0x11,0x6A,0x94,0x57,0x6D,0x2D,0x14,0x8E,0x8E,0x5D,0x05,0xE2,0x2D,0x44,0x56,
    0x84,0x65,0x44,0x7E,0x55,0x60,0x37,0x68,0x4D,0x57,0x18,0x27,0x56,0x04,0x56,0xE1,
    0x62,0x94,0x87,0xE1,0xD9,0x54,0x15,0x30,0x51,0x13,0x23,0x52,0x43,0x89,0x2A,0x19,
    0x28,0x51,0x43,0x9A,0x5B,0x04,0x94,0x3C,0x13,0x7D,0x54,0x0A,0x16,0x57,0x11,0x68,
    0x14,0x98,0x36,0x52,0xD5,0x41,0xD5,0x40,0x36,0xD5,0x63,0x2E,0x4D,0x46,0x35,0x65,
    0x50,0x44,0x6E,0xD5,0x62,0x83,0xD5,0xE1,0x75,0x60,0x84,0x6E,0x65,0x90,0x47,0xED,
    0x95,0x51,0xA1,0x25,0x11,0xA5,0x20,0xA4,0x28,0x92,0xA2,0x85,0x10,0xA1,0x4A,0x14,
    0xA2,0xA2,0xB4,0x94,0x3C,0x33,0x48,0x14,0xA4,0x25,0x68,0x44,0x65,0x34,0x39,0x55,
    0x12,0xD7,0x55,0x24,0x46,0xD5,0x54,0x2E,0x14,0xE5,0x51,0x44,0x6E,0xDE,0x35,0x68,
    0x44,0xDE,0xD5,0x61,0x55,0x13,0xD6,0x59,0x04,0x7E,0xD9,0x34,0x38,0x13,0xC5,0x11,
    0xA5,0x20,0xA3,0x89,0x2A,0x38,0x32,0x14,0x39,0x34,0xC3,0xB2,0x97,0x33,0xA5,0xB0,
    0x49,0x43,0xC5,0x32,0x34,0x25,0x50,0x73,0x65,0x79,0x35,0x68,0x2D,0xD5,0x42,0x55,
    0x01,0xD5,0x51,0x16,0x82,0xE4,0xD4,0x65,0x50,0x74,0x5D,0x44,0x57,0x68,0x73,0xDE,
    0x55,0x64,0xD6,0x94,0x89,0x73,0xED,0x94,0x43,0x55,0x40,0x33,0x25,0x10,0x12,0xA1,
    0x2A,0x32,0x92,0xA4,0x83,0x15,0x30,0x4B,0x9D,0x43,0xC9,0x3D,0x97,0x33,0xA2,0xB4,
    0xA9,0x41,0x3C,0x14,0xA4,0x45,0x41,0x65,0x70,0x56,0x1D,0x93,0x56,0x85,0xD1,0x1E,
    0x55,0x01,0xE5,0xD0,0xDE,0x55,0x15,0xD1,0x14,0x87,0x84,0xEF,0x41,0xE5,0x41,0x1E,
    0x2D,0x5E,0x05,0xF0,0x2E,0x5D,0x02,0x84,0x97,0xE1,0xD9,0x55,0x05,0x31,0x51,0x11,
    0x2A,0x52,0x01,0x82,0xA4,0x93,0x1A,0x44,0x3C,0x4A,0xC3,0x4C,0x8D,0x49,0x45,0x44,
    0x3A,0x2B,0x1A,0xAC,0xA4,0x45,0x41,0x35,0x61,0x55,0x03,0x45,0x98,0x36,0x55,0xD0,
    0x34,0x5E,0x27,0x46,0x4D,0xE5,0x51,0x5D,0x55,0xE3,0xBE,0x2F,0x5E,0x02,0x72,0x83,
    0x98,0x59,0x04,0x86,0xD4,0x97,0x84,0x7E,0xD9,0x44,0x35,0x53,0x01,0x25,0x11,0xA5,
    0x21,0x49,0xA9,0x18,0x53,0x17,0x4A,0xBA,0x43,0xC8,0x3C,0x97,0x45,0x43,0x1A,0x2B,
    0x19,0xA3,0x12,0xA7,0x33,0x65,0x50,0x54,0x1D,0x9D,0xED,0x2D,0x54,0x18,0x16,0x27,
    0x5D,0x41,0x48,0xE1,0xD5,0x51,0x56,0x02,0x72,0x85,0x90,0x38,0xFE,0x55,0x15,0x61,
    0x81,0x95,0x70,0x3E,0xD9,0xA5,0x50,0x44,0x32,0x51,0x05,0x22,0x18,0x2A,0x49,0x38,
    0x19,0x74,0x34,0x94,0xC3,0x54,0xC8,0xD4,0x94,0x54,0x65,0x34,0x9B,0xC1,0xAA,0x31,
    0x2A,0x14,0xA1,0x62,0x75,0x61,0x89,0x45,0x76,0xD2,0xD5,0x40,0x84,0x65,0x64,0x7D,
    0x35,0x40,0x5D,0x01,0x48,0x46,0xD4,0x81,0x65,0x70,0xE2,0x75,0x60,0x48,0xFE,0x17,
    0x56,0x23,0x87,0xE3,0x59,0x57,0x03,0xED,0x95,0x50,0x7A,0x12,0x51,0x05,0x21,0x43,
    0x9A,0x19,0x28,0x3A,0x87,0x43,0x48,0x4C,0x95,0x4C,0x8D,0x19,0x81,0x68,0x48,0xAB,
    0x3C,0x9A,0x31,0x25,0x31,0xDE,0x17,0x55,0x11,0x49,0x45,0x76,0xD2,0xD7,0x35,0x48,
    0x46,0x57,0x3D,0x45,0x50,0x14,0x2D,0x14,0x55,0x03,0xD4,0x55,0x03,0x67,0x56,0x12,
    0x7E,0x17,0x5E,0x0E,0x57,0x01,0x82,0x74,0x65,0x91,0x82,0x73,0xED,0x93,0x54,0xA4,
    0x23,0x25,0x11,0x52,0x11,0x82,0xA4,0x98,0x93,0xA8,0x7A,0x49,0xBA,0x45,0xC8,0x4C,
    0x95,0xE4,0xBA,0x84,0x9B,0xC1,0xA5,0x30,0x11,0x53,0x1D,0xE1,0x75,0x50,0x79,0xD2,
    0x7D,0x2D,0x54,0x18,0x46,0x56,0x3E,0x35,0x51,0x2D,0x54,0x01,0xE2,0xD5,0x40,0x81,
    0x65,0x70,0x56,0x01,0x75,0xE3,0x5F,0x43,0xD9,0x28,0x47,0xED,0x9D,0xAC,0x33,0x25,
    0x11,0x52,0x04,0x39,0xA4,0x98,0x92,0xA3,0x98,0x71,0x32,0xA4,0xB3,0xC4,0x8C,0x94,
    0x56,0x54,0x8C,0xA3,0x8A,0x2C,0x19,0xA3,0x12,0x53,0x05,0x50,0x37,0x55,0x41,0x94,
    0x56,0x7D,0x2D,0x34,0x55,0x40,0x55,0x04,0x6E,0x3D,0x54,0x05,0xD0,0x2E,0x5D,0x25,
    0xE1,0x5F,0x25,0xE1,0x35,0x72,0x93,0x89,0x28,0x49,0x87,0x36,0x92,0x84,0x7E,0xD9,
    0x55,0x17,0x33,0x25,0x10,0xC3,0x38,0x2A,0x49,0x29,0x48,0x9A,0x19,0x74,0x3B,0x94,
    0xC3,0xC4,0x9C,0x95,0x50,0x19,0x2C,0x29,0x4B,0xCA,0x53,0x01,0x15,0x30,0x16,0x57,
    0x05,0x61,0xD9,0xDE,0x45,0xDE,0x14,0x55,0x07,0x84,0x6E,0x35,0x50,0x14,0x2D,0x34,
    0x55,0x64,0x5E,0x02,0x92,0x82,0x9B,0x2E,0x17,0x28,0x17,0xE4,0x78,0x71,0x68,0x19,
    0x28,0x47,0xED,0x94,0x43,0x2D,0xA1,0x25,0x11,0xC4,0x89,0xA3,0x98,0x53,0x13,0x9A,
    0x53,0x04,0xA8,0xC4,0x3B,0x93,0xB9,0x84,0x8B,0xC2,0xB3,0x8B,0x2C,0x1A,0xC3,0x12,
    0xA4,0x65,0x68,0x54,0x0D,0x98,0x46,0x5D,0x1E,0x2D,0x54,0x23,0x5D,0x53,0x34,0xD4,
    0x51,0x45,0x51,0x74,0x56,0xE3,0x86,0x57,0x04,0x89,0x52,0xE5,0x80,0x47,0x86,0x27,
    0x16,0x55,0x02,0x94,0x87,0xE1,0xD9,0x13,0xC3,0x53,0xC5,0x11,0x42,0x38,0x2A,0x49,
    0x29,0x18,0xA4,0x8A,0x9A,0x1A,0x58,0x08,0x4B,0x95,0x48,0x9C,0x4B,0x9B,0x48,0xAB,
    0x3C,0xBC,0x11,0xC3,0x36,0x55,0x05,0x41,0xD9,0x83,0x65,0x5D,0x55,0x30,0x2D,0x5E,
    0x02,0xD7,0x45,0x65,0x16,0x87,0x46,0xE7,0x16,0x57,0x14,0x89,0xFE,0x48,0x57,0x56,
    0x24,0x56,0x52,0x94,0x87,0xE1,0xD9,0x55,0x17,0x33,0x25,0x10,0x42,0x39,0x2A,0x48,
    0x38,0x4A,0x38,0x43,0x9A,0x39,0x48,0xE5,0x52,0x49,0xBC,0x19,0x58,0x03,0x9B,0x2C,
    0x19,0xC1,0x1C,0x16,0x57,0x05,0x60,0x89,0x35,0x68,0x2D,0x35,0xD7,0x55,0x01,0xD7,
    0x55,0x04,0x65,0xD7,0x55,0x24,0x65,0x43,0x6E,0x56,0x15,0x70,0x38,0xF2,0x73,0x68,
    0x56,0x18,0xE3,0x59,0x28,0x47,0xED,0x97,0xA4,0x53,0x25,0x11,0x42,0x39,0x4A,0x92,
    0x48,0x3A,0x28,0x43,0xA9,0x73,0x53,0xE8,0x34,0x52,0xB4,0xCB,0x8E,0x45,0x8A,0x2C,
    0x1A,0xC1,0x1C,0xDE,0x84,0x47,0x61,0x49,0x35,0x68,0x2D,0x35,0xD5,0x41,0x35,0xE5,
    0x41,0x83,0x6D,0x54,0x03,0x54,0x55,0x07,0x35,0xE5,0x61,0x57,0x14,0xE8,0x72,0x81,
    0x65,0x51,0xE8,0x19,0x28,0x47,0xED,0x95,0x31,0xDC,0x51,0x13,0x28,0x2A,0x49,0x89,
    0x5A,0x21,0x95,0x31,0x34,0x68,0x74,0x5A,0xB4,0xC9,0x81,0x7E,0x45,0xAC,0x3D,0xBC,
    0x41,0x23,0x55,0x17,0x47,0x64,0x95,0x51,0x2D,0x34,0xD5,0x42,0x1E,0x54,0x24,0x56,
    0xD5,0x47,0x45,0xD5,0x56,0x18,0x47,0xD7,0x45,0x67,0x55,0x63,0x98,0x27,0x3E,0xD9,
    0x55,0x17,0x33,0x25,0x11,0x18,0x2A,0x48,0x23,0x48,0x9A,0x58,0x05,0x31,0x7D,0x7D,
    0xE4,0xAB,0x81,0x62,0x74,0xA6,0x94,0xCD,0xC1,0x9C,0x41,0x26,0x57,0x05,0x60,0x80,
    0x2F,0x55,0x07,0x33,0x25,0x11,0x43,0x9A,0x19,0x52,0x13,0x8B,0x28,0xA5,0x51,0x16,
    0x73,0x56,0x84,0x6A,0x85,0x60,0x4B,0xA9,0x1B,0x2D,0x1A,0xC4,0x12,0x5E,0x45,0x76,
    0x81,0x40,0x2F,0x44,0x35,0xAC,0x51,0x11,0x82,0xA1,0x9C,0xA4,0x2A,0x97,0x53,0x03,
    0x53,0x54,0x35,0x50,0x36,0x5E,0x4A,0xD9,0x4A,0xCD,0x1B,0xC4,0x12,0x54,0x65,0x43,
    0x76,0x54,0x06,0xD3,0x63,0x00,0xB3,0xCB,0x6D,0xA8,0x73,0x32,0x51,0x01,0x82,0xA4,
    0x82,0x31,0x4A,0x39,0xA2,0x85,0x32,0x34,0x67,0x87,0x16,0x55,0x04,0xAC,0xD4,0xA9,
    0xC4,0xDC,0x8C,0x31,0x65,0x70,0x56,0x08,0x6D,0x36,0x40,0x0B,0x3C,0xA6,0xD5,0x50,
    0x14,0xA1,0x25,0x11,0x19,0x2A,0x48,0x91,0x13,0x74,0x2A,0x33,0x83,0x8A,0x54,0x13,
    0x56,0x55,0x04,0xBA,0xB4,0xCA,0xB4,0xC9,0xB2,0xD1,0x8C,0x41,0x56,0x17,0xE8,0x34,
    0x56,0xC4,0x76,0x41,0x30,0x09,0x2C,0x3A,0x96,0xCA,0x45,0x43,0xC5,0x10,0x48,0x9A,
    0x49,0x8A,0x18,0xA4,0x23,0x25,0x30,0x14,0x81,0x37,0xD5,0x60,0x55,0x01,0xA2,0xC4,
    0xA5,0x61,0xD2,0xA2,0xD1,0x9C,0x11,0x81,0x7E,0xD7,0xD6,0xC4,0x67,0x51,0x40,0x09,
    0x3B,0xA2,0xB6,0xCA,0xD7,0x33,0x25,0x10,0x18,0x2A,0x49,0x8A,0x48,0x12,0x3A,0x9A,
    0x54,0x21,0x35,0x40,0x85,0x40,0x45,0x4D,0x39,0x5E,0x4D,0xB9,0x4D,0xEA,0xC4,0x16,
    0x55,0x70,0xE8,0x6B,0x46,0x57,0x44,0x32,0x00,0x74,0xBA,0x91,0xC2,0xB6,0xB5,0x51,
    0x14,0xA1,0x22,0x11,0x82,0xA4,0x83,0xA4,0x98,0x93,0xB8,0xC1,0x37,0x13,0x78,0x34,
    0x55,0x40,0x45,0x65,0x4B,0xA5,0x36,0xB2,0xC4,0x9D,0xE1,0xBC,0x31,0x65,0x70,0x55,
    0x11,0x46,0xB5,0x70,0x46,0x53,0x00,0x72,0xD5,0xC1,0x6B,0x44,0x35,0x34,0x3C,0x51,
    0x01,0x92,0xAA,0x49,0xA9,0x3B,0x9C,0xA5,0x42,0x84,0x45,0x45,0x50,0xE4,0xAC,0xA2,
    0xC4,0xAD,0x94,0xCE,0xCC,0x31,0x5E,0x17,0x87,0x13,0x6A,0xE1,0x78,0x71,0x30,0x05,
    0x4B,0xAC,0x1A,0x29,0x3C,0xB6,0xAA,0x35,0x35,0x20,0x51,0x04,0x9A,0x94,0x38,0x32,
    0xB1,0x9C,0x13,0x75,0x31,0xCD,0x74,0x56,0x53,0x67,0xE3,0xDC,0x2A,0x49,0xC9,0x4B,
    0xED,0x18,0xC4,0x56,0x51,0x75,0x40,0xA6,0xA4,0x65,0x7D,0x73,0x32,0x00,0x54,0xA9,
    0xC5,0x90,0x2C,0x6A,0x55,0x24,0x43,0x22,0x14,0x9A,0x9A,0x2A,0x4B,0x82,0xA7,0x13,
    0x87,0x32,0x55,0x40,0x45,0x65,0x27,0x46,0xDA,0x19,0x84,0xA9,0xA4,0xED,0x9C,0x16,
    0x57,0x05,0x60,0x86,0x95,0x73,0x46,0x54,0x13,0x00,0x32,0xD4,0xCD,0xC5,0xB0,0x2A,
    0x69,0x74,0x35,0x4A,0x21,0x13,0x2A,0x48,0x9A,0x29,0x3A,0x95,0x33,0x45,0x43,0x34,
    0x25,0x50,0x14,0x55,0x05,0x70,0x3C,0x95,0x53,0x2E,0x1A,0xCD,0xE4,0x56,0x57,0xD6,
    0x9E,0x55,0x04,0x65,0x43,0x32,0x00,0x31,0xC2,0xB4,0xA9,0xB5,0xA0,0x19,0x69,0x13,
    0xCD,0xA1,0x22,0x11,0x32,0xA1,0x82,0x9C,0x49,0xB8,0x12,0xA4,0x43,0x51,0x37,0x33,
    0x5E,0x82,0xC1,0x92,0x74,0xA9,0x55,0x60,0x45,0x4D,0x3E,0xBC,0x55,0x11,0x65,0x40,
    0xD6,0x8E,0x55,0x04,0x46,0x41,0x3C,0x13,0x00,0x13,0xCB,0x2A,0x29,0x1C,0x2A,0x29,
    0x1C,0x68,0x55,0x17,0x43,0x21,0x18,0x2A,0x38,0x9C,0xA3,0xA8,0x53,0x2D,0x54,0x01,
    0x35,0x60,0x45,0xCD,0x4B,0xD9,0x17,0x8E,0x27,0x46,0x4D,0x3E,0xBC,0x16,0x57,0x21,
    0x68,0x68,0x57,0x15,0x62,0x45,0x43,0x00,0x12,0xD1,0xC2,0xB2,0xC5,0xB0,0x2C,0x68,
    0x7A,0x45,0x43,0x42,0x18,0x2A,0x18,0xC5,0x30,0x39,0x25,0x32,0x14,0xA4,0x43,0x68,
    0x44,0xDE,0x4B,0xD9,0x14,0x55,0x01,0x62,0x74,0x65,0xD3,0xEC,0xC5,0x60,0x84,0x47,
    0x61,0x46,0x72,0x74,0x67,0x63,0x54,0xE4,0x54,0x3C,0x6F,0x2D,0x2C,0x2A,0x49,0xBC,
    0x1B,0x2A,0x29,0x67,0x53,0x14,0x54,0x3C,0x18,0x2A,0x48,0x21,0x12,0x53,0x43,0x43,
    0x54,0x14,0x36,0x57,0x4C,0xB9,0x4C,0x84,0x35,0x68,0xE8,0x4D,0xEC,0xCE,0x87,0x47,
    0x64,0x67,0xE4,0x57,0x57,0x46,0x74,0x13,0x52,0x06,0xF4,0xCB,0xA1,0xC5,0x90,0x4B,
    0xCA,0x59,0x16,0x75,0x42,0xAC,0x48,0xA9,0x32,0x15,0x22,0x53,0x14,0x43,0x44,0x54,
    0x53,0x35,0x73,0x59,0x28,0x4A,0x84,0x45,0xCA,0x29,0x4A,0xD8,0x4D,0xED,0x48,0x26,
    0x57,0x15,0x60,0xD6,0x63,0x76,0x82,0x7E,0x27,0x46,0x54,0x53,0x06,0xD3,0xCB,0x2A,
    0x2D,0x2C,0x3B,0xC5,0xB2,0x1C,0x66,0x55,0x15,0x30,0x41,0x29,0x3A,0x9C,0x21,0x43,
    0x8A,0x18,0xC5,0x30,0x84,0x45,0x3D,0x54,0x12,0xA3,0x84,0x85,0xC0,0x2D,0x4E,0x9C,
    0x4E,0xD9,0x42,0x56,0x83,0x46,0x81,0x46,0x65,0x71,0x56,0x03,0x54,0x56,0x04,0x54,
    0x31,0x26,0xD2,0xD5,0xC0,0x2B,0x4A,0x9C,0x1B,0x5A,0x11,0x96,0x63,0x43,0x8A,0x42,
    0x12,0x49,0xA9,0x42,0xA8,0x42,0x8A,0x4C,0x82,0x53,0x14,0x54,0x94,0xCD,0xE1,0xB5,
    0x43,0x84,0x6B,0xA5,0x80,0x4E,0x9C,0x2E,0x39,0x25,0x50,0x73,0x65,0x76,0x51,0x7E,
    0x27,0x16,0x84,0x43,0x61,0x77,0x13,0xC1,0x36,0xB2,0xC2,0xB3,0xCB,0x2A,0x29,0x4C,
    0xBA,0x59,0x11,0xC6,0x54,0x43,0x55,0x40,0x13,0xC4,0x9A,0x94,0x29,0xA4,0x9A,0x93,
    0xB8,0xA1,0x4A,0x45,0x4C,0x2B,0x4C,0xEC,0x75,0x50,0xE5,0x54,0x34,0xC2,0xE4,0xA2,
    0x65,0x70,0x56,0x1D,0x65,0xED,0x27,0x81,0x4A,0x46,0x76,0x55,0x03,0x43,0x6B,0x1C,
    0x2B,0x4A,0xCA,0x59,0x12,0xC5,0xB1,0x2C,0x65,0x55,0x05,0x31,0x41,0x29,0x4A,0x92,
    0x43,0x8A,0x48,0x39,0x53,0x07,0x43,0x54,0x4B,0xDE,0x4B,0xEB,0x14,0x8E,0x55,0x04,
    0xBA,0x84,0x9A,0xE3,0xAC,0x2E,0x3A,0x25,0x61,0x55,0x03,0x45,0x64,0x57,0x45,0x62,
    0x17,0xE4,0x54,0x3C,0x69,0x2D,0x5C,0x15,0xB1,0x3C,0xD5,0xC0,0x3B,0xA5,0x90,0x64,
    0x44,0x35,0x53,0x04,0x21,0x24,0x9A,0x94,0x29,0xA4,0x9A,0x94,0xB8,0x31,0x45,0x30,
    0x74,0xAE,0xF4,0xAE,0xA4,0x45,0x68,0x14,0x81,0xB2,0xC2,0xD4,0xEA,0xB2,0xE4,0xA2,
    0x65,0x50,0x54,0x1D,0x64,0x56,0x01,0x7E,0x83,0x43,0xE4,0x54,0x63,0x43,0x52,0x06,
    0x91,0xC2,0xB1,0xC5,0xB0,0x2A,0x49,0xDB,0x2A,0x3C,0xB5,0x91,0x64,0xA5,0x50,0x34,
    0x3C,0x49,0xA9,0x42,0xA8,0x43,0x8A,0x3C,0x8C,0x33,0x45,0x30,0x1A,0x2D,0x4A,0xEA,
    0x14,0x55,0x07,0x45,0x6B,0x1A,0x58,0x04,0xCA,0xB2,0xE4,0xA2,0x62,0x75,0x61,0x86,
    0x31,0x7E,0x35,0x78,0x7A,0x36,0x77,0x16,0x85,0x40,0x13,0x67,0x2C,0x4B,0xAC,0x1B,
    0x2A,0x59,0x03,0xDB,0x2A,0x1C,0x5B,0x12,0xC6,0x35,0x50,0x7A,0xC4,0x9A,0x94,0x21,
    0x84,0x32,0x83,0x93,0xC1,0x37,0x43,0x49,0x2C,0x49,0xD9,0x71,0x65,0x50,0xE5,0x51,
    0x54,0x01,0xC2,0xE4,0xA2,0x5E,0x17,0x55,0x11,0x46,0x35,0x74,0x56,0x12,0x75,0x62,
    0x83,0x43,0x67,0x5D,0x25,0xC0,0x2B,0x5C,0x02,0xB5,0xC0,0x5B,0x01,0xC6,0x33,0x54,
    0xA4,0x23,0x24,0x12,0x94,0xA9,0x23,0x93,0x58,0x04,0xB8,0x35,0x41,0xA1,0x92,0xB4,
    0x9D,0x91,0x37,0x53,0x04,0x56,0xB3,0xA9,0x2A,0x4E,0x9C,0x2E,0x4A,0x25,0xE1,0x75,
    0x50,0x76,0x25,0x60,0x35,0x75,0x60,0x45,0x76,0x87,0xA4,0x65,0x41,0x35,0x20,0x65,
    0x1C,0x2B,0x4A,0xDC,0x2B,0x3A,0xC5,0xA2,0x29,0x1C,0x2A,0x59,0x16,0x2D,0xAC,0x43,
    0x21,0x42,0x9A,0x39,0x22,0x92,0xA4,0xBC,0x8A,0x71,0x37,0x4A,0x9A,0x2B,0x49,0x34,
    0x2A,0x37,0x38,0x5C,0x12,0xD3,0x9C,0x2E,0x39,0x25,0x50,0x37,0x55,0x41,0x62,0xE8,
    0x17,0xE4,0x54,0x7D,0x54,0x05,0x30,0x45,0x43,0x52,0x16,0x52,0xB4,0xA9,0xD2,0xB4,
    0xA9,0xC1,0xA5,0x93,0x3B,0xA5,0x92,0x62,0x55,0x17,0x13,0xC4,0x9A,0x94,0x29,0x85,
    0x30,0x3B,0x85,0x31,0x54,0x03,0x9A,0x2B,0x39,0x37,0x4A,0x56,0x43,0x67,0x3C,0x95,
    0x50,0x4C,0x8C,0x2E,0x49,0x26,0x57,0x05,0x61,0xD6,0x15,0x73,0x36,0x57,0x17,0x56,
    0x25,0x53,0x7A,0x63,0x5D,0x12,0xC3,0xBA,0x29,0x2C,0x5B,0x25,0xC0,0x5B,0x12,0xC6,
    0x14,0x43,0x2D,0xA4,0x21,0x24,0x8A,0x94,0x21,0x21,0x37,0x43,0x43,0x73,0x34,0x81,
    0x45,0x31,0x83,0x47,0xE3,0x36,0x55,0x05,0x60,0x27,0x4D,0xED,0x48,0x26,0x35,0x68,
    0x54,0x0D,0x61,0x36,0x75,0x60,0x82,0x7E,0xD7,0x33,0x7E,0xD7,0xA4,0x24,0x26,0x33,
    0xCD,0x2C,0x4B,0xA9,0x1C,0x5B,0x02,0xA2,0x91,0xD2,0xA3,0x9B,0x5A,0x04,0x9B,0x96,
    0x11,0x3C,0x35,0x3C,0x41,0x28,0x2A,0x48,0x21,0x32,0x37,0x13,0x54,0x2D,0x7D,0x7D,
    0xE3,0x47,0xE1,0x35,0x50,0x57,0x0E,0x47,0xDE,0x1D,0xC1,0x65,0x50,0x54,0x1D,0x60,
    0xE3,0x76,0x55,0x12,0x78,0x7A,0x17,0x87,0xAC,0x14,0xC6,0x14,0xCB,0xD4,0xCB,0xA2,
    0x93,0xDB,0x5A,0x05,0x90,0x3D,0xA2,0x93,0xCA,0x59,0x01,0xC2,0x96,0x05,0x51,0x74,
    0x32,0x11,0x82,0xA4,0x82,0x15,0x20,0x41,0x93,0x14,0xA3,0x45,0x54,0x05,0x51,0x36,
    0x45,0x50,0x43,0x45,0x57,0x05,0x60,0x47,0xDE,0x1C,0xC1,0x65,0x70,0x56,0x08,0x60,
    0x57,0x85,0x62,0x37,0x68,0x16,0x55,0x11,0x4A,0x61,0x5D,0x15,0xC1,0x1D,0x2C,0x2B,
    0x2C,0x1D,0x2C,0x2B,0x1C,0x5B,0x05,0xC0,0x1B,0x60,0x7A,0x45,0x32,0x21,0x18,0x2A,
    0x48,0x28,0x42,0x89,0x4B,0xA3,0x14,0x53,0x05,0x41,0x4D,0xEB,0x34,0x57,0x53,0x08,
    0x27,0xDE,0x27,0x4D,0xEB,0xCD,0xE8,0x44,0x76,0x14,0x91,0x7E,0x35,0x75,0x61,0x87,
    0x17,0xE8,0x74,0x35,0x4E,0x84,0x43,0x29,0x2C,0x2B,0x3D,0xC5,0xB0,0x5A,0x03,0x9B,
    0x2C,0x5B,0x12,0xA3,0xCB,0x5A,0x21,0x99,0x53,0x1D,0xC2,0x11,0x32,0xA4,0x92,0x94,
    0x8A,0xB4,0x9B,0x83,0x34,0x53,0x14,0x4B,0xE4,0xBD,0xAD,0x56,0x05,0x50,0x46,0xCA,
    0x38,0x78,0x49,0xDE,0x1B,0xC5,0x51,0x74,0x76,0x49,0xE8,0x17,0xE5,0x50,0x74,0x37,
    0x68,0x7A,0x45,0x46,0xD7,0x13,0xC9,0x1C,0x5B,0x03,0xDB,0x5A,0x22,0x93,0xBC,0x2B,
    0x5A,0x02,0x93,0xCB,0x5A,0x05,0x90,0x95,0x51,0x74,0x32,0x11,0x32,0xA3,0x92,0x2A,
    0x43,0x9B,0x3C,0x85,0x34,0x4A,0xCA,0x4C,0x94,0x8E,0xDE,0x4C,0x85,0xE3,0x89,0x2E,
    0x1A,0xC1,0x65,0x70,0x56,0x08,0x02,0xF5,0x50,0x73,0x32,0x21,0x42,0x9A,0x49,0x2A,
    0x49,0xAB,0x49,0xB9,0x33,0x4A,0x54,0x14,0xAB,0x97,0x85,0x61,0x3A,0xB2,0xD4,0xA8,
    0xE4,0xAE,0xD1,0x9C,0xDE,0x45,0x76,0x81,0x40,0x2F,0x44,0x35,0xA1,0x25,0x10,0x42,
    0x9A,0x49,0x29,0x4A,0x89,0x2B,0x39,0x37,0x53,0x01,0x4A,0x54,0x3D,0x56,0x04,0xBC,
    0x91,0xA2,0xE4,0xDB,0xE3,0xD8,0xC4,0x56,0x54,0x47,0x65,0x40,0x01,0x75,0xF3,0x95,
    0xF3,0x95,0xF3,0x9A,0x87,0x33,0x22,0x11,0x92,0xA2,0x84,0xAB,0xA2,0x94,0xA3,0x45,
    0x33,0x44,0x64,0x85,0x40,0x56,0x04,0xCB,0xC4,0xA9,0xD4,0x8C,0xE1,0xCC,0x31,0x65,
    0x70,0x56,0x08,0x00,0x13,0x24,0x00,0x1B,0x61,0xB9,0xB6,0x1B,0x9B,0x61,0xB9,0x55,
    0x01,0x4A,0x12,0x51,0x01,0x82,0xA4,0x82,0xA2,0x8A,0x49,0x34,0xA8,0xA5,0x41,0x35,
    0x67,0x45,0x69,0x4C,0x9A,0x1C,0x2D,0x48,0xDE,0x1B,0xC4,0x15,0x61,0x7E,0x83,0x45,
    0x00,0x13,0x25,0x00,0x1B,0x61,0xB9,0xB6,0x1B,0x9B,0x61,0xB9,0xA4,0x54,0x3C,0x51,
    0x01,0x82,0xA3,0x92,0x29,0x1A,0x5B,0x04,0x95,0x43,0x34,0x81,0x37,0xD5,0x61,0x14,
    0x83,0xAC,0x2B,0x4A,0x9D,0x49,0xDE,0x1A,0xC1,0x18,0x17,0xED,0x7D,0x00,0x0C,0x35,
    0x30,0x00,0xB6,0x1B,0x9B,0x61,0xB9,0xB6,0x1B,0x9A,0xD7,0x33,0x25,0x10,0x48,0x9A,
    0x39,0x25,0x81,0x4B,0xA3,0x34,0x55,0x41,0x13,0x54,0x08,0x54,0x08,0x4B,0xA9,0x4A,
    0xBC,0x2A,0x2D,0x19,0xC4,0x16,0x55,0x70,0xE8,0x00,0x0C,0x35,0x30,0x00,0xB6,0x1B,
    0x9B,0x61,0xB9,0xB6,0x1B,0x95,0x51,0x14,0xA1,0x25,0x10,0x19,0x2A,0x18,0x21,0x18,
    0x2A,0x13,0x55,0x13,0x43,0x78,0x34,0x55,0x40,0x46,0x59,0x4C,0xBA,0x29,0x4C,0x8B,
    0x2D,0x18,0xC3,0x16,0x57,0x05,0x51,0x14,0x6F,0x42,0x32,0x45,0x43,0x6F,0x5F,0x39,
    0x5F,0x39,0x5F,0x39,0x44,0x35,0x34,0x3C,0x51,0x11,0x82,0xA5,0x80,0x4A,0x92,0x44,
    0x54,0xA1,0x4A,0x14,0x83,0x45,0x54,0x14,0x5A,0xB1,0x92,0xB2,0xC4,0x9C,0xD3,0xC8,
    0xC3,0x15,0xE1,0x78,0x71,0x36,0xF4,0x24,0x27,0x13,0x01,0x7A,0x35,0x35,0x20,0x51,
    0x11,0x82,0xA3,0x98,0x29,0x53,0x03,0x4A,0x54,0x05,0x50,0x54,0x21,0x67,0x35,0x68,
    0x44,0x9C,0x2A,0x4C,0xDB,0xC2,0x14,0x56,0x51,0x75,0x40,0xA6,0xE4,0x23,0x4C,0x43,
    0x43,0x01,0x65,0x52,0x44,0x32,0x51,0x04,0x39,0xA4,0x98,0x9A,0x44,0x39,0x3C,0x97,
    0xD7,0xA3,0x45,0x78,0x56,0x08,0x44,0xC5,0x1B,0x2D,0x1A,0xC2,0x11,0x65,0x70,0x56,
    0x08,0x6E,0x42,0x43,0x52,0x03,0x43,0x6E,0x5F,0x39,0x5F,0x39,0x5F,0x39,0x74,0x35,
    0x43,0x32,0x51,0x21,0x82,0xA4,0x81,0x27,0x19,0x2C,0x4A,0x34,0x53,0x07,0xD5,0x41,
    0x55,0x37,0x49,0xCD,0x3C,0x9C,0x41,0x25,0xE4,0x56,0x57,0xD6,0xD4,0x23,0x41,0x35,
    0x20,0x43,0x43,0x6D,0xB6,0x1B,0x9B,0x61,0xB9,0xB6,0x1B,0x91,0x3C,0x35,0x3C,0x51,
    0x21,0x82,0xA4,0x92,0x94,0x49,0xB2,0x83,0xB9,0x53,0x01,0x48,0x36,0x57,0x3A,0xC5,
    0x53,0x44,0xAC,0x3D,0xB5,0x20,0x21,0x55,0x11,0x65,0x40,0xD6,0xD4,0x24,0x3C,0x13,
    0xC3,0x43,0x6D,0xB6,0x1B,0x9B,0x61,0xB9,0xB6,0x1B,0x95,0x51,0x73,0x32,0x51,0x14,
    0x39,0xA4,0x92,0x93,0xAB,0x28,0x4B,0xAB,0x54,0x2D,0xE4,0x54,0xA4,0xBC,0x85,0x50,
    0x71,0xA2,0xC1,0xAC,0x51,0x01,0x65,0x72,0x16,0x86,0xC3,0x23,0x71,0x37,0x43,0x23,
    0x34,0x36,0xCB,0x61,0xB9,0xB6,0x1B,0x9B,0x61,0xB9,0x7A,0x45,0x43,0x12,0x51,0x04,
    0x23,0x92,0xA2,0x81,0xA2,0x84,0xBA,0x84,0x9A,0x33,0x43,0x54,0x04,0x54,0x51,0xA2,
    0xB3,0xC8,0x87,0x1B,0x2C,0x19,0xC2,0x11,0x25,0x60,0x84,0x47,0x61,0x46,0xC3,0x24,
    0xA7,0x35,0x4C,0x34,0x36,0xCB,0x61,0xB9,0xB6,0x1B,0x9B,0x61,0xB9,0x53,0x14,0x54,
    0x31,0x25,0x10,0x42,0x38,0x2A,0x39,0x22,0x94,0xA9,0x81,0x92,0xB4,0x93,0x45,0x52,
    0x46,0x9B,0x49,0xBC,0x28,0x44,0xAB,0x3C,0xB5,0x20,0x11,0xCE,0x87,0x47,0x64,0x6B,
    0x42,0x34,0xA1,0x45,0x50,0x43,0x43,0x34,0x36,0xB5,0xF3,0x95,0xF3,0x95,0xF3,0x95,
    0x42,0xA5,0x11,0xC4,0x89,0xA4,0x98,0x14,0xA9,0x84,0x9A,0xB4,0x94,0x31,0xB2,0x84,
    0xC8,0x5E,0x4B,0x89,0x4B,0xCB,0x35,0xA2,0xC1,0xAC,0x21,0xC1,0x65,0x71,0x56,0x0D,
    0x6B,0x42,0x43,0x32,0x35,0x51,0x13,0xC3,0x43,0x01,0x35,0x51,0x53,0x05,0x13,0x33,
    0x82,0xA4,0x92,0xA1,0x82,0xA4,0x9A,0x84,0x34,0xA2,0x83,0xC8,0x55,0x04,0xA9,0x83,
    0x9B,0x29,0x4B,0xCA,0x53,0x05,0x10,0x42,0x56,0x83,0x46,0x81,0x46,0xA4,0x23,0x4C,
    0x44,0x52,0x11,0x84,0x32,0x33,0x43,0x01,0x23,0x43,0x8A,0xC5,0x11,0xC4,0x39,0xA4,
    0x98,0x14,0xA9,0x83,0xA9,0xA4,0x4A,0x84,0x9C,0x91,0x48,0x49,0xA8,0xD2,0x81,0xA2,
    0xC1,0x9A,0x51,0x25,0x50,0x73,0x65,0x76,0xA4,0x24,0x34,0x24,0x54,0x12,0x34,0x15,
    0x3C,0x34,0x36,0xA5,0xF3,0x95,0xF3,0x95,0xF3,0x94,0x43,0x55,0x40,0x13,0x51,0x11,
    0x22,0x13,0x38,0x2A,0x39,0x12,0x84,0x4A,0x8A,0x44,0xA8,0x4A,0xBA,0x38,0x57,0x4B,
    0x85,0x48,0x9B,0x3C,0xA5,0x30,0x51,0x0C,0x16,0x57,0x05,0x61,0xD6,0x94,0x23,0x43,
    0x24,0x84,0x25,0x64,0x34,0x54,0x32,0x33,0x43,0x69,0xB6,0x1B,0x9B,0x61,0xB9,0xB6,
    0x1B,0x95,0x50,0x53,0x15,0x11,0x12,0x21,0x42,0x39,0x4A,0x98,0x41,0x8A,0x49,0x34,
    0xA4,0xB8,0xA2,0xB4,0x95,0x64,0x4B,0xA8,0x4A,0xBC,0x19,0xA2,0x15,0x20,0x13,0x56,
    0x15,0x50,0x34,0x56,0x94,0x24,0x34,0x24,0x54,0x25,0x62,0x74,0x25,0x3C,0x34,0x36,
    0x9B,0x61,0xB9,0xB6,0x1B,0x9B,0x61,0xB9,0x44,0x35,0x53,0x01,0x25,0x11,0xC2,0x13,
    0x28,0x2A,0x49,0x24,0x4A,0x83,0x74,0x3A,0x84,0xBA,0xC3,0x98,0x83,0xA9,0x74,0xBC,
    0xAA,0x51,0x05,0x21,0x16,0x55,0x05,0x41,0xD6,0x84,0x23,0x43,0x23,0x84,0x26,0x51,
    0x4A,0x42,0x53,0x42,0x34,0x13,0x68,0xB6,0x1B,0x9B,0x61,0xB9,0xB6,0x1B,0x9A,0x55,
    0x04,0x43,0x25,0x11,0x32,0x1C,0x48,0x9A,0x49,0x81,0x49,0x34,0x43,0x45,0x4B,0x8B,
    0x49,0xCA,0x18,0x84,0x98,0x31,0xA2,0xB1,0x9A,0x21,0x52,0x21,0x62,0x75,0x61,0x86,
    0x84,0x24,0x34,0x24,0x54,0x23,0x6D,0xA3,0x42,0x8C,0x34,0x36,0x8B,0x61,0xB9,0xB6,
    0x1B,0x9B,0x61,0xB9,0x55,0x07,0xA1,0x25,0x11,0xCA,0x32,0x82,0xA4,0x92,0x17,0x13,
    0x74,0xB9,0xB4,0x9C,0xA1,0x88,0x48,0x3A,0x2B,0x1A,0xA2,0x1C,0x53,0x1D,0xE1,0x75,
    0x51,0x14,0x67,0x42,0x34,0xA8,0x42,0x34,0x37,0x5A,0x42,0x45,0x43,0x23,0x34,0x36,
    0x75,0xF3,0x95,0xF3,0x95,0xF3,0x93,0x54,0xA4,0x23,0x25,0x13,0x12,0xA4,0x28,0x92,
    0xA4,0x82,0x11,0x4A,0x45,0xA9,0x4C,0x8C,0x3B,0x92,0x83,0x3A,0x2B,0x3A,0x9A,0x11,
    0xC5,0x30,0x7D,0xE1,0x75,0x50,0x76,0x74,0x24,0x34,0x24,0x51,0x25,0x30,0x46,0x75,
    0x43,0x42,0x35,0x4C,0x34,0x30,0x0F,0xDA,0xC3,0x32,0x51,0x13,0x21,0x52,0x23,0x89,
    0x2A,0x38,0x1A,0x74,0xBA,0xC4,0x8C,0xB4,0x98,0x31,0xA5,0xB0,0x19,0x72,0x11,0x25,
    0x30,0x71,0x35,0x50,0x37,0x55,0x41,0x66,0x42,0x34,0x33,0x28,0x42,0x34,0xA4,0x67,
    0x43,0x32,0x74,0x32,0x33,0x43,0x00,0xE5,0x51,0x73,0x32,0x51,0x05,0x21,0xAC,0x38,
    0x92,0xA2,0x81,0x15,0x31,0x85,0x31,0x2A,0x2B,0x19,0x75,0x10,0xC5,0x32,0x16,0x57,
    0x05,0x61,0xD6,0x64,0x24,0x34,0x24,0x53,0x23,0x54,0x04,0x35,0x71,0x4A,0x42,0x54,
    0xC3,0x43,0x66,0x5F,0x39,0x5F,0x39,0x5F,0x39,0x44,0x32,0xDA,0x12,0x51,0x1C,0x33,
    0x2A,0x52,0x03,0x89,0x2A,0x19,0x28,0x11,0x53,0x33,0x9A,0x5B,0x01,0x97,0x12,0x21,
    0x52,0x21,0x3C,0x46,0x56,0x85,0x40,0xD6,0x54,0x23,0x44,0x32,0x43,0x52,0xA5,0x60,
    0x35,0x65,0x31,0x84,0x32,0x33,0x43,0x65,0xB6,0x1B,0x9B,0x61,0xB9,0xB6,0x1B,0x91,
    0x3C,0x35,0x3C,0x51,0x1C,0x13,0x52,0x43,0x89,0x5A,0x05,0x94,0x2A,0x5B,0x04,0x95,
    0x41,0x15,0x22,0x11,0x53,0x04,0x43,0x65,0x50,0x54,0x1D,0x65,0x42,0x43,0x32,0x45,
    0x50,0x13,0xE4,0x43,0x68,0xAE,0x35,0x4C,0x34,0x36,0x5B,0x61,0xB9,0xB6,0x1B,0x9B,
    0x61,0xB9,0x55,0x17,0x33,0x25,0x10,0x52,0x45,0x30,0x32,0x82,0x95,0xA6,0x2B,0x49,
    0x54,0x21,0x52,0x01,0x35,0x20,0x13,0x54,0x03,0x36,0x57,0x05,0x60,0x86,0x43,0x23,
    0x74,0x24,0x54,0x65,0x31,0x45,0x60,0x45,0x45,0x43,0x46,0x47,0x65,0x43,0x23,0x34,
    0x36,0x4B,0x61,0xB9,0xB6,0x1B,0x9B,0x61,0xB9,0x7A,0x45,0x32,0x51,0x21,0x25,0x30,
    0xC5,0x32,0x32,0x82,0x95,0xA1,0x5B,0x04,0xA5,0x32,0x15,0x21,0x53,0x0C,0xA5,0x40,
    0xDE,0x84,0x46,0x41,0x36,0x44,0x24,0x34,0x23,0x55,0x60,0x45,0x34,0x53,0x0D,0xAE,
    0x27,0xD5,0x20,0x34,0x36,0x4B,0x61,0xB9,0xB6,0x1B,0x9B,0x61,0xB9,0x53,0x13,0x52,
    0x51,0x31,0x25,0x30,0xC5,0x34,0x32,0x82,0x95,0xA0,0x49,0x82,0x21,0x52,0x25,0x32,
    0x42,0x35,0x46,0x54,0x55,0x17,0x16,0xA6,0x34,0x23,0x4C,0x44,0x56,0x27,0x36,0x2A,
    0xEA,0x44,0x67,0x18,0x27,0x45,0x42,0x43,0x43,0x63,0x5F,0x39,0x5F,0x39,0x5F,0x39,
    0x55,0x17,0x33,0x25,0x11,0xC1,0x35,0x21,0x53,0x65,0x29,0x53,0x13,0x45,0x53,0x0E,
    0x45,0x46,0x17,0x56,0x05,0x50,0x14,0x63,0x42,0x43,0xCD,0xE2,0x74,0x65,0x3D,0x53,
    0x1E,0x47,0x87,0xE4,0x53,0x23,0x43,0x00,0xB1,0x2A,0x73,0x32,0x51,0x35,0x20,0x13,
    0xC5,0x30,0x14,0x53,0xB5,0x40,0x53,0x17,0xD5,0x30,0xE3,0x46,0x84,0x45,0x4A,0x12,
    0x62,0x42,0x34,0xC4,0x45,0x65,0x71,0x36,0x55,0x30,0x44,0x56,0x47,0x67,0x56,0x04,
    0x53,0x24,0x34,0x30,0x0A,0x21,0x52,0x05,0x1C,0xCA,0x32,0x35,0x40,0xA7,0x53,0x05,
    0x43,0xA5,0x41,0x16,0xA8,0x36,0x57,0x45,0x43,0xC6,0x24,0x24,0x34,0x24,0x53,0x65,
    0x56,0x02,0x7D,0x53,0x13,0x56,0x57,0x01,0x62,0x74,0x64,0x34,0x24,0x36,0x25,0xF3,
    0x95,0xF3,0x95,0xF3,0x92,0x15,0x36,0x54,0x8D,0x56,0xC5,0x70,0xE2,0x71,0x65,0x79,
    0x46,0x53,0x12,0x61,0x42,0x34,0x43,0x24,0x35,0x68,0xE3,0x76,0x8A,0xDE,0x17,0x56,
    0x14,0x76,0x54,0x32,0x33,0x43,0x61,0xB6,0x1B,0x9B,0x61,0xB9,0xB6,0x1B,0x91,0x1A,
    0x52,0x6A,0x52,0x15,0x30,0x54,0xAD,0x75,0x54,0x54,0x58,0x54,0x08,0x46,0x53,0x61,
    0x42,0x43,0x42,0x34,0x83,0x45,0x56,0x04,0x56,0x5A,0x45,0x67,0x16,0x55,0x0E,0x8A,
    0x42,0x43,0x61,0xB6,0x1B,0x9B,0x61,0xB9,0xB6,0x1B,0x91,0x35,0x22,0x53,0x47,0x53,
    0x25,0x41,0x85,0x42,0x55,0x35,0x43,0x55,0x45,0x40,0xD5,0x42,0x45,0x64,0x60,0x42,
    0x34,0xA1,0x48,0x78,0x46,0x54,0x55,0x31,0x68,0x75,0x50,0x14,0xAC,0x34,0x26,0x0B,
    0x61,0xB9,0xB6,0x1B,0x9B,0x61,0xB9,0x13,0xC1,0x35,0x20,0x53,0x03,0x43,0x75,0x30,
    0x7A,0x14,0x55,0x57,0xD5,0x60,0x85,0x40,0x85,0x62,0x55,0x15,0x41,0xD5,0x40,0x35,
    0x46,0x04,0x24,0x31,0x2A,0x14,0xA5,0x40,0x45,0x43,0x7D,0x54,0x0D,0x71,0x35,0x41,
    0x53,0x04,0x21,0x41,0x26,0x0B,0x61,0xB9,0xB6,0x1B,0x9B,0x61,0xB9,0xC5,0x31,0xC4,
    0x34,0x57,0xA1,0x48,0x7A,0x54,0x18,0x16,0x81,0x45,0x50,0xE8,0x34,0x55,0x63,0x55,
    0x15,0x42,0x55,0x07,0x13,0x91,0x22,0x11,0x25,0x35,0x75,0x31,0x14,0x53,0x01,0x45,
    0x37,0xC2,0x11,0x29,0x5F,0x39,0x5F,0x39,0x5F,0x39,0xC1,0x35,0x40,0xA7,0x81,0x37,
    0x81,0x45,0x30,0x54,0x18,0x56,0x08,0x78,0xE3,0x54,0x55,0x1E,0x85,0x40,0xD5,0x40,
    0x81,0x68,0x34,0x30,0x2F,0x32,0x35,0x40,0x45,0x43,0x54,0x0D,0xA5,0x40,0x53,0x25,
    0x40,0x55,0x45,0x40,0x55,0x27,0x35,0x65,0x50,0x75,0x51,0x14,0x85,0x60,0x45,0x43,
    0x02,0xF3,0x23,0x75,0x50,0x7D,0x54,0x05,0x37,0x54,0x15,0x50,0x16,0x85,0x46,0x55,
    0x25,0x43,0x81,0x65,0x52,0x13,0x95,0x2F,0x52,0xF5,0x2F,0x52,0x59,0x12,0xA7,0xD7,
    0xD5,0x43,0xA5,0x41,0x53,0x15,0x40,0xD5,0x60,0xD5,0x40,0x35,0x65,0x50,0x7D,0xE8,
    0x54,0x38,0x56,0x08,0x14,0x91,0x25,0x31,0x52,0x55,0x31,0x52,0x13,0x34,0xA5,0x20,
    0x53,0x07,0x52,0x11,0x3C,0x53,0x05,0x24,0x53,0x11,0x4A,0x54,0x29,0xCA,0x54,0x08,
    0x54,0x08,0x54,0x35,0x31,0x54,0x08,0x16,0x87,0x85,0x61,0x35,0x48,0x56,0x0D,0x54,
    0x05,0x51,0xE1,0x7E,0x35,0x49,0x32,0x35,0x24,0x13,0xCA,0x52,0x0A,0xCA,0x32,0x35,
    0x20,0x13,0x7A,0xC1,0x45,0x21,0x13,0x71,0x35,0x20,0x33,0x27,0xA7,0xA3,0x23,0x54,
    0x09,0x13,0xCA,0x7D,0x54,0x25,0x50,0x75,0x30,0x7D,0x54,0x15,0x51,0x44,0x65,0x36,
    0x5E,0xD7,0xD5,0x61,0x35,0x48,0xE8,0x16,0x27,0x46,0x54,0x13,0x93,0x23,0x52,0x5A,
    0x52,0x45,0x30,0x52,0x4A,0x14,0x53,0x0C,0x33,0x4C,0x43,0x43,0x12,0xA5,0x21,0x54,
    0x05,0x30,0xC1,0x37,0x95,0x21,0x13,0x54,0x3A,0x54,0x1A,0x14,0x55,0x07,0x55,0x37,
    0x55,0x35,0x41,0xD5,0x60,0xD7,0x85,0x60,0x17,0xE3,0x54,0xA9,0x13,0x52,0x05,0x30,
    0xC5,0x31,0x52,0x3A,0xCA,0x52,0x11,0x35,0x40,0x53,0x13,0x23,0xC1,0x45,0x31,0x52,
    0x27,0x42,0x34,0x13,0xCA,0x14,0x92,0x1C,0x53,0x01,0x45,0x31,0x44,0x34,0x53,0x01,
    0x4A,0x54,0x05,0x50,0x54,0xF5,0x40,0xD5,0x41,0x55,0x17,0x53,0x09,0x13,0x52,0x05,
    0x30,0xC3,0x32,0xA5,0x22,0xA5,0x20,0xA5,0x21,0xA5,0x40,0x53,0x11,0x45,0x21,0x13,
    0x52,0x37,0x43,0x23,0x34,0x35,0x20,0x33,0x29,0x51,0x05,0x2F,0x52,0x25,0x3F,0x53,
    0xF9,0x13,0x52,0x0A,0x52,0x21,0x35,0x22,0x43,0x23,0x52,0x01,0x35,0x24,0x44,0x24,
    0x43,0x23,0x75,0x27,0xA1,0x45,0x20,0x14,0x52,0x30,0x2F,0x13,0x52,0x55,0x30,0x52,
    0x1A,0x52,0x84,0x32,0x33,0x23,0x52,0x01,0x35,0x20,0x13,0x52,0x13,0x32,0x53,0x15,
    0x26,0x13,0x02,0xF1,0x35,0x24,0x13,0x52,0x3A,0x14,0x52,0x0A,0x12,0xA1,0x2A,0x12,
    0xA5,0x22,0x33,0x25,0x31,0x52,0x05,0x30,0x34,0x3C,0x7C,0x33,0x25,0x30,0x95,0xF3,
    0x95,0xF3,0x95,0xF3,0x95,0xF3,0x95,0xF3,0x95,0xF3,0x95,0xF3,0x95,0xF3,0x95,0x24,
    0x53,0x1C,0x53,0x05,0x40,0xC1,0x3C,0xAC,0xA7,0x12,0xA5,0x20,0x44,0x23,0x7C,0x53,
    0x05,0x40,0xC1,0x4C,0x53,0x17,0x9B,0x61,0xB9,0xB6,0x1B,0x9B,0x61,0xB9,0xB6,0x1B,
    0x9B,0x61,0xB9,0xB6,0x1B,0x9B,0x61,0xB9,0xB6,0x1B,0x95,0x24,0x13,0xC1,0x35,0x21,
    0x13,0x54,0x05,0x22,0x13,0x71,0x25,0x31,0x52,0x25,0x32,0x14,0xC5,0x30,0x54,0x05,
    0x30,0x12,0xA3,0x43,0x54,0x09,0xB6,0x1B,0x9B,0x61,0xB9,0xB6,0x1B,0x9B,0x61,0xB9,
    0xB6,0x1B,0x9B,0x61,0xB9,0xB6,0x1B,0x9B,0x61,0xB9,0x52,0xD4,0x34,0x3C,0x53,0x03,
    0x24,0x52,0x31,0x35,0x21,0x53,0x05,0x25,0x33,0x45,0x30,0x12,0xA1,0x2A,0x71,0x39,
    0xB6,0x1B,0x9B,0x61,0xB9,0xB6,0x1B,0x9B,0x61,0xB9,0xB6,0x1B,0x9B,0x61,0xB9,0xB6,
    0x1B,0x9B,0x61,0xB9,0x52,0xF5,0x30,0x32,0x3C,0x13,0x52,0x01,0x35,0x24,0x53,0x25,
    0x25,0x13,0x52,0x33,0x34,0xA1,0x29,0xB6,0x1B,0x9B,0x61,0xB9,0xB6,0x1B,0x9B,0x61,
    0xB9,0xB6,0x1B,0x9B,0x61,0xB9,0xB6,0x1B,0x9B,0x61,0xB9,0x51,0xF5,0x1F,0x51,0xF5,
    0x15,0x95,0xF3,0x95,0xF3,0x95,0xF3,0x95,0xF3,0x95,0xF3,0x95,0xF3,0x95,0xF3,0x95,
    0xF3,0x06,0xEF,0x00,0x22,0x12,0x21,0x13,0x23,0x24,0x11,0x14,0x62,0x26,0xC3,0x32,
    0x51,0x04,0x21,0x23,0x12,0x28,0x3A,0x29,0xC4,0x34,0x54,0xB1,0xB4,0x1D,0x25,0x50,
    0xE9,0x4C,0xBA,0x52,0x09,0x52,0x33,0x18,0x57,0x03,0x87,0x26,0x34,0x25,0x1F,0x51,
    0x15,0x31,0x85,0x1F,0x51,0x34,0x32,0x41,0x56,0x83,0x63,0x7A,0x51,0x17,0xB3,0x12,
    0x28,0x4A,0x21,0xCA,0xC4,0xB1,0xB4,0x1D,0x22,0x65,0x50,0x2B,0x3A,0x37,0x97,0x53,
    0x23,0x28,0x57,0x04,0x97,0x64,0x54,0x25,0x13,0x52,0x23,0x12,0xB5,0x20,0x51,0x15,
    0x21,0xA5,0x17,0x73,0x12,0x51,0x74,0x32,0x41,0x56,0x83,0x53,0x7A,0x51,0x28,0xB3,
    0x21,0x28,0x49,0xA2,0x31,0x4B,0x45,0xB1,0x4B,0x1D,0x85,0x61,0x2B,0x4A,0x32,0x43,
    0x21,0x75,0x30,0xC4,0x32,0x81,0x72,0x63,0x87,0x25,0x34,0x25,0x13,0x32,0x17,0x9A,
    0x75,0x12,0x52,0x09,0x75,0x17,0x89,0xA5,0x15,0x8B,0x44,0x56,0x68,0x16,0x25,0xB8,
    0x93,0x21,0x52,0x2D,0x28,0x39,0xA5,0x10,0xC4,0xB1,0xB4,0x1D,0x24,0x65,0x61,0xB2,
    0xA4,0x92,0x38,0x98,0x53,0x0C,0xA7,0x17,0x58,0x22,0x73,0x64,0xB7,0x51,0x58,0x51,
    0xA8,0x51,0xA8,0x51,0x53,0x21,0x73,0x54,0x68,0x45,0x42,0xA5,0x11,0x52,0x1B,0x7D,
    0x28,0x19,0x2A,0x95,0x30,0x26,0xB2,0x61,0xB2,0xA4,0x92,0x38,0x51,0x07,0x53,0x27,
    0x37,0x95,0x70,0x18,0x55,0x0E,0x75,0x11,0x75,0x1F,0x51,0xF5,0x12,0x32,0x17,0x35,
    0x46,0x84,0x54,0x2A,0x51,0x17,0x33,0x2B,0x52,0x03,0x18,0x59,0x02,0xA5,0x13,0x5B,
    0x02,0xA4,0x92,0x38,0x51,0x05,0x22,0xA5,0x21,0x38,0x92,0x73,0x68,0x25,0xC7,0x51,
    0x47,0x51,0x48,0x51,0xF7,0x51,0x77,0xB3,0x56,0x68,0x46,0x54,0xB8,0x97,0xA5,0x24,
    0x31,0x85,0x91,0x5A,0x05,0xB0,0x5A,0x02,0x94,0x23,0x2D,0x52,0x2D,0x53,0x03,0x43,
    0x72,0x91,0x72,0x63,0x75,0x54,0x05,0x1D,0x52,0x03,0x12,0x51,0xF5,0x19,0x43,0x23,
    0xE6,0x83,0x45,0x73,0x12,0x95,0x24,0x53,0x03,0x21,0x28,0x59,0x85,0x20,0x95,0x20,
    0xA5,0x20,0xA5,0x40,0xB4,0x28,0x92,0x64,0x57,0x55,0x40,0x51,0x58,0xB7,0x51,0x63,
    0x32,0x98,0x53,0x04,0x21,0x2B,0x32,0x1B,0x75,0x17,0x43,0x23,0xE6,0x83,0x45,0x73,
    0x12,0x51,0x08,0x53,0x07,0x53,0x25,0x10,0x18,0x59,0x47,0x51,0x05,0x21,0x53,0x07,
    0xB5,0x40,0x43,0x29,0x48,0x98,0x27,0x56,0x0E,0xB7,0x51,0x13,0x32,0x51,0x25,0x21,
    0x51,0x07,0xD5,0x20,0x94,0x21,0x23,0x12,0xB8,0x51,0x87,0x43,0x45,0x16,0x68,0x36,
    0x5B,0x75,0x10,0x85,0x30,0x75,0x35,0x51,0x85,0x22,0x53,0x24,0x23,0x54,0x65,0x44,
    0x32,0x95,0x80,0x47,0x67,0x25,0xCA,0x51,0x35,0x20,0x51,0x18,0x51,0x43,0x21,0x52,
    0x05,0x11,0x89,0x52,0x15,0x19,0x42,0x43,0xE6,0x84,0x43,0x2A,0x51,0x27,0xA5,0x21,
    0x53,0x65,0x29,0x53,0x14,0x45,0x34,0x23,0x62,0x5C,0x43,0x28,0x47,0x87,0x46,0x75,
    0x44,0x24,0xA5,0x13,0x75,0x1E,0x73,0x12,0x95,0x20,0x31,0x25,0x1A,0x32,0x4B,0x68,
    0x44,0x32,0xA5,0x13,0x52,0x0A,0x75,0x30,0xE5,0x3B,0x54,0x05,0x31,0xC1,0x57,0x33,
    0x5C,0x43,0x29,0x48,0x79,0x46,0x57,0x45,0x42,0x34,0x35,0x14,0x85,0x1C,0x85,0x10,
    0x79,0x79,0x85,0x18,0x74,0x34,0x51,0x66,0x84,0x65,0x4A,0x75,0x11,0x52,0x4B,0xCB,
    0x54,0x0B,0xC5,0x30,0x54,0x3B,0x54,0x03,0x56,0x7C,0x71,0x75,0x90,0x18,0x57,0x03,
    0x64,0xB7,0x51,0x88,0x51,0x43,0x21,0x7D,0x52,0x05,0x1D,0x7A,0x96,0xB4,0x43,0x48,
    0x51,0x15,0x20,0xA5,0x23,0x53,0x74,0x45,0x4B,0xC2,0x5C,0xBE,0x25,0x43,0x56,0x7E,
    0x71,0x92,0x82,0x91,0x82,0x73,0x64,0xB7,0x51,0xF5,0x1C,0x75,0x31,0x95,0x20,0x44,
    0x23,0x6C,0xB3,0x42,0x51,0x17,0xA5,0x20,0xE5,0x21,0x53,0x0C,0x53,0x05,0x40,0x15,
    0x54,0x01,0x52,0x63,0x45,0x54,0x02,0x55,0x31,0x52,0x13,0x98,0x27,0x38,0x72,0x63,
    0x54,0x75,0x13,0x52,0x5D,0x52,0x13,0x12,0x51,0x08,0x53,0x34,0x21,0x2A,0x51,0x45,
    0x21,0x46,0x23,0x6C,0x46,0x54,0xA7,0x95,0x22,0x34,0x35,0x21,0xBC,0x25,0xAC,0x55,
    0x1C,0x45,0x65,0x26,0xC5,0x51,0x53,0x05,0x21,0x39,0x82,0x74,0x87,0x62,0x53,0x42,
    0x51,0x64,0x23,0x1B,0x95,0x32,0x85,0x1F,0x51,0x05,0x21,0x44,0x23,0x00,0x04,0x13,
    0x25,0x1F,0x51,0xF5,0x1A,0x52,0x55,0x1F,0x51,0xF5,0x13,0x7B,0x44,0x31,0x00,0x0A,
    0x52,0x15,0x1F,0x51,0xF5,0x17,0x73,0x35,0xB5,0x20,0x51,0xF5,0x1F,0x51,0x33,0x32,
    0x54,0x0A,0x00,0x14,0x32,0x45,0x20,0x51,0xF5,0x1F,0x51,0x64,0x23,0x41,0x5C,0xA7,
    0x51,0xF5,0x1F,0x51,0x35,0x22,0xD0,0x01,0x43,0x26,0x52,0x15,0x1F,0x51,0xF5,0x15,
    0x42,0x34,0x17,0xCA,0x75,0x1F,0x51,0xF5,0x13,0x42,0x64,0x7D,0x00,0x13,0x13,0x26,
    0xEB,0x85,0x1F,0x51,0xF5,0x14,0x42,0x78,0x49,0x86,0x34,0x35,0x1F,0x51,0xF5,0x14,
    0x42,0x64,0x42,0x41,0x00,0x2A,0x54,0x1A,0x51,0xF5,0x1F,0x51,0x62,0x53,0x86,0xCA,
    0x51,0xF5,0x1F,0x51,0x45,0x42,0x00,0x3D,0x52,0x03,0x62,0x51,0xF5,0x1F,0x51,0x64,
    0x25,0x75,0x20,0x51,0xF5,0x1F,0x51,0x44,0x01,0x54,0x32,0x10,0x03,0xA7,0x44,0x62,
    0x51,0xF5,0x1F,0x51,0x64,0x24,0x7E,0x75,0x1F,0x51,0xF5,0x14,0x40,0x15,0x43,0x21,
    0x00,0x34,0x34,0x24,0x46,0x22,0x05,0x1F,0x51,0xF5,0x14,0x42,0x47,0x44,0x23,0x51,
    0xF5,0x1F,0x51,0x36,0x04,0x65,0x40,0x05,0xE7,0xC6,0x25,0x1F,0x51,0xA8,0x51,0x64,
    0x67,0x63,0x43,0x51,0xF5,0x1F,0x51,0x26,0x1E,0x70,0x05,0x43,0x24,0x35,0x16,0x15,
    0x21,0x51,0xD3,0x21,0x52,0x15,0x13,0x75,0x15,0x42,0x53,0x85,0x1F,0x51,0xF5,0x13,
    0x61,0x41,0x21,0x00,0x54,0x32,0x43,0x51,0x62,0x75,0x1E,0x52,0x05,0x11,0x85,0x1B,
    0x42,0x53,0x85,0x1F,0x51,0xF5,0x13,0x62,0xD0,0x07,0x43,0x51,0x64,0x75,0x18,0x52,
    0x15,0x15,0x42,0x12,0x51,0x27,0x51,0x34,0x65,0x35,0x1F,0x51,0xF5,0x13,0x00,0xD4,
    0x32,0x16,0x75,0x18,0x42,0x12,0x51,0x55,0x20,0x51,0x38,0x51,0x34,0x24,0x25,0x1F,
    0x51,0xF5,0x13,0x00,0xE8,0x67,0x52,0x05,0x13,0x85,0x18,0x52,0x0D,0x52,0x55,0x14,
    0x85,0x1F,0x51,0xF5,0x14,0x0F,0xF0,0x72,0x75,0x13,0x85,0x31,0x98,0x97,0x51,0x97,
    0x51,0x38,0x51,0xF5,0x1F,0x51,0x10,0x1B,0x53,0x05,0x16,0x42,0x32,0x51,0x28,0x51,
    0x78,0x51,0xF5,0x1F,0x51,0xB0,0x1B,0xA5,0x13,0x85,0x12,0x75,0x1D,0x85,0x1F,0x51,
    0xF5,0x1B,0x01,0xB8,0x51,0x38,0x51,0x28,0x51,0xF5,0x1F,0x51,0xF5,0x1B,0x01,0xB5,
    0x12,0x42,0x12,0x95,0x21,0x51,0xF5,0x12,0x85,0x1F,0x51,0xF5,0x15,0x01,0xB5,0x11,
    0x79,0x85,0x10,0x79,0x33,0x29,0x85,0x30,0x42,0x12,0xB8,0x51,0x37,0x51,0xF5,0x1F,
    0x51,0x50,0x1B,0x85,0x12,0x85,0x10,0x52,0x19,0x53,0x18,0x95,0x23,0x51,0xF5,0x1F,
    0x51,0x95,0x22,0x01,0xB5,0x24,0x51,0x05,0x20,0x51,0x05,0x21,0xA9,0x85,0x11,0x85,
    0x1F,0x51,0xF5,0x1D,0x80,0x1C,0x75,0x13,0x85,0x31,0x98,0x97,0x51,0x97,0x51,0x38,
    0x51,0xF5,0x1F,0x51,0x08,0x01,0xB5,0x30,0x51,0x64,0x23,0x25,0x12,0x85,0x17,0x85,
    0x1F,0x51,0xF5,0x1A,0x80,0x1B,0xA5,0x13,0x85,0x12,0x75,0x1D,0x85,0x1F,0x51,0xF5,
    0x1A,0x80,0x1B,0x85,0x13,0x85,0x12,0x85,0x1F,0x51,0xF5,0x1F,0x51,0xA8,0x01,0xB5,
    0x12,0x42,0x12,0x95,0x21,0x51,0xF5,0x12,0x85,0x1F,0x51,0xF5,0x13,0x70,0x1B,0x51,
    0x17,0x98,0x51,0x07,0x93,0x32,0x98,0x53,0x04,0x21,0x2B,0x85,0x13,0x75,0x16,0x85,
    0x1F,0x51,0xB3,0x21,0x01,0xC5,0x13,0x75,0x14,0x7D,0x52,0x09,0x42,0x12,0x31,0x25,
    0x30,0x51,0x07,0x97,0x51,0x38,0x51,0xF5,0x1C,0x01,0xCB,0x75,0x11,0x52,0x05,0x13,
    0x32,0x15,0x20,0x51,0x18,0x95,0x20,0x51,0x55,0x20,0x95,0x20,0x51,0xF5,0x19,0x7B,
    0x01,0xBB,0x85,0x1F,0x73,0x12,0x95,0x20,0x51,0x18,0x51,0xF5,0x1F,0x51,0x45,0x20,
    0xA0,0x1B,0x52,0x05,0x1D,0x85,0x10,0x79,0x75,0x12,0x85,0x18,0x75,0x1F,0x51,0xA5,
    0x20,0x01,0xB8,0x51,0x08,0x51,0x17,0x51,0x33,0x21,0x7D,0x52,0x05,0x18,0x85,0x11,
    0x75,0x11,0x85,0x1F,0x51,0xC8,0x01,0xB8,0x51,0x08,0x97,0x51,0xF5,0x12,0x85,0x10,
    0x89,0x75,0x13,0x85,0x1F,0x51,0xC8,0x01,0xB7,0x95,0x23,0x51,0x28,0x51,0x28,0x53,
    0x24,0x21,0x2B,0x79,0x52,0x35,0x12,0x85,0x1F,0x51,0xB7,0x01,0xB5,0x16,0x7D,0x52,
    0x15,0x12,0x89,0x52,0x03,0x31,0x75,0x17,0x7D,0x52,0x15,0x1F,0x51,0xD0,0x1C,0x51,
    0xC5,0x31,0x85,0x1F,0x51,0xF5,0x1F,0x51,0x30,0x1C,0xA5,0x21,0x31,0x2B,0x52,0x05,
    0x11,0x52,0x1A,0x51,0x85,0x22,0x31,0x25,0x31,0x85,0x1F,0x51,0xC5,0x21,0xA0,0x1B,
    0x33,0x17,0x9A,0x75,0x12,0x52,0x09,0x75,0x18,0x32,0x17,0x9A,0x7D,0xB9,0xB5,0x1F,
    0x51,0x97,0x31,0x30,0x1B,0xA5,0x12,0x85,0x1A,0x85,0x17,0x85,0x13,0x85,0x11,0x32,
    0x15,0x20,0x51,0xF5,0x1C,0xA0,0x1B,0x75,0x1F,0x51,0x85,0x20,0x51,0x84,0x21,0x25,
    0x1F,0x51,0xB7,0x01,0xB5,0x10,0x75,0x14,0x85,0x1F,0x51,0x17,0x51,0x15,0x30,0x75,
    0x1F,0x51,0xF0,0x1B,0x51,0x75,0x20,0x31,0x25,0x1F,0x51,0x68,0xB7,0x51,0xF5,0x1E,
    0x01,0xC3,0x12,0xB7,0x51,0x63,0x32,0x98,0x53,0x04,0x21,0x2B,0x85,0x11,0x8B,0x52,
    0x05,0x11,0xA5,0x1F,0x51,0xD3,0x21,0x01,0xC8,0xB8,0x98,0x95,0x21,0x51,0x07,0xD5,
    0x20,0x94,0x21,0x23,0x12,0x53,0x09,0x33,0x25,0x10,0x73,0x12,0xB9,0xA5,0x1F,0x51,
    0xAB,0x80,0x1B,0xA5,0x12,0x73,0x12,0x51,0x43,0x21,0x52,0x05,0x11,0x89,0x52,0x09,
    0x52,0x05,0x10,0x85,0x12,0xB5,0x1F,0x51,0xCA,0x01,0xB8,0x51,0x27,0x51,0xA7,0x31,
    0x29,0x52,0x05,0x11,0x75,0x12,0x7B,0xDB,0x51,0xF5,0x1C,0x80,0x1B,0x75,0x1E,0x85,
    0x10,0x79,0x75,0x13,0x85,0x12,0x73,0x12,0x51,0xF5,0x1E,0x70,0x1B,0x52,0x15,0x12,
    0x85,0x14,0x32,0x17,0xD5,0x20,0x51,0xD8,0x98,0x51,0xF5,0x1C,0x52,0x10,0x1C,0x51,
    0xF5,0x1F,0x51,0x48,0x51,0xF5,0x1F,0x01,0xC4,0x32,0x15,0x31,0x52,0x0D,0x52,0x15,
    0x13,0x85,0x32,0x42,0x12,0x53,0x03,0x21,0x53,0x15,0x20,0xD7,0x53,0x05,0x1F,0x51,
    0x65,0x31,0x41,0x23,0x01,0xB4,0x32,0x1A,0x75,0x12,0x85,0x16,0x42,0x31,0x52,0x03,
    0x31,0x79,0x42,0x13,0x75,0x12,0x42,0x12,0xB5,0x1F,0x51,0x84,0x23,0x13,0x23,0x01,
    0xC5,0x1C,0x53,0x14,0x21,0x35,0x11,0xA5,0x1F,0x32,0x35,0x1F,0x51,0xC0,0x1C,0xA5,
    0x21,0x31,0x2B,0x52,0x05,0x11,0x52,0x14,0x31,0x35,0x11,0xA5,0x11,0x52,0x23,0x12,
    0xB5,0x20,0x51,0x0A,0x51,0xF5,0x19,0x52,0x0A,0x01,0xB3,0x31,0x79,0xA7,0x51,0x25,
    0x20,0x97,0x51,0x83,0x21,0x79,0xA7,0x51,0x38,0x51,0xF5,0x19,0x73,0x13,0x01,0xBA,
    0x51,0x28,0x51,0xA8,0x51,0x78,0x51,0x38,0x51,0x05,0x20,0x53,0x05,0x1F,0x51,0xCA,
    0x01,0xB7,0x51,0xF5,0x18,0x52,0x05,0x18,0x7A,0x51,0xF5,0x1B,0x70,0x1B,0x51,0x07,
    0x51,0x48,0x51,0xF5,0x11,0x75,0x14,0x89,0xA5,0x1F,0x51,0x87,0x51,0x00,0x1C,0x51,
    0x65,0x20,0x31,0x25,0x1F,0x51,0x65,0x20,0x31,0x25,0x1F,0x51,0xD0,0x1C,0x98,0xB7,
    0x51,0x63,0x32,0x98,0x53,0x04,0x21,0x2B,0x85,0x11,0x8B,0x75,0x1F,0x51,0xF3,0x12,
    0xB8,0x90,0x1B,0x53,0x08,0x51,0x25,0x21,0x51,0x07,0xD5,0x20,0x94,0x21,0x23,0x12,
    0x53,0x09,0x33,0x25,0x12,0x52,0x15,0x30,0x51,0xF5,0x19,0x85,0x30,0x01,0xBA,0x52,
    0x15,0x11,0x85,0x14,0x32,0x15,0x20,0x51,0x18,0x95,0x20,0x95,0x20,0x51,0x18,0x51,
    0x2A,0x51,0xF5,0x18,0x52,0x1A,0x01,0xB7,0x31,0x25,0x1E,0x73,0x12,0x95,0x20,0x51,
    0x17,0x51,0x8A,0x51,0xF5,0x19,0x32,0x17,0x01,0xB5,0x10,0x85,0x1C,0x85,0x10,0x79,
    0x75,0x13,0x85,0x1F,0x51,0xF5,0x13,0x85,0x10,0x01,0xB5,0x16,0x85,0x14,0x32,0x17,
    0xD5,0x20,0x51,0xD8,0x51,0xF5,0x1F,0x51,0x10,0x1C,0x51,0xF5,0x1F,0x51,0xF5,0x1F,
    0x51,0x50,0xFF,0x0F,0xF0,0xFF,0x0F,0xF0,0xFF,0x0F,0xF0,0xFF,0x0F,0xF0,0xFF,0x0F,
    0xF0,0xFF,0x0F,0xF0,0xFF,0x0F,0xF0,0xFF,0x0F,0xF0,0xFF,0x0F,0xF0,0xFF,0x0C,0x4F,
};
u8 D_80186CE4[] = {
    0x22,0x23,0x13,0x21,0x26,0x24,0x14,0x12,0x67,0x90,0x00,0x11,0x05,0x89,0x00,0x01,
    0x16,0x7C,0x02,0x4A,0xE6,0x7D,0x00,0x79,0x6F,0x31,0x26,0x85,0x31,0x20,0xD0,0x1C,
    0x97,0xD6,0x83,0x54,0x00,0x6E,0x6F,0x31,0x46,0xAE,0x82,0x04,0x43,0x03,0x43,0x64,
    0x4F,0xEF,0x2E,0x1F,0x00,0x78,0x42,0x12,0xC6,0x54,0x54,0x01,0x58,0x00,0x53,0x23,
    0x6D,0x41,0x24,0x30,0x26,0x83,0x43,0x52,0x0C,0x8D,0x83,0x43,0x20,0x5C,0x04,0xE6,
    0xD4,0x1D,0xF0,0x02,0x83,0x21,0x7C,0x76,0x64,0x53,0x04,0x42,0x0D,0x00,0x33,0x23,
    0x6D,0x41,0x24,0x76,0xA4,0x43,0x2A,0x52,0x14,0x32,0x34,0x4B,0x12,0xC4,0xF6,0xEA,
    0x3D,0xF6,0x69,0x52,0x05,0x14,0x75,0x41,0x97,0xD6,0x64,0x54,0x24,0x52,0x09,0x00,
    0x34,0x23,0x56,0xBA,0x44,0x31,0xE6,0xD3,0x43,0x7A,0x78,0x4B,0xAC,0x4B,0xCE,0x1F,
    0x5D,0x01,0xE6,0x5E,0xA3,0x24,0x56,0x35,0x40,0x53,0x07,0xC6,0x84,0x51,0x54,0x40,
    0x21,0x50,0x02,0x42,0x35,0x96,0xA4,0x12,0x44,0x31,0x40,0x00,0xC9,0xA3,0x23,0x2C,
    0x4A,0xB6,0x41,0xD6,0x1E,0x2D,0x1F,0x63,0x42,0x12,0xDB,0x54,0x03,0x34,0x87,0x54,
    0x23,0x32,0x66,0x45,0x05,0x72,0x53,0x25,0x00,0x24,0x23,0x59,0x69,0xA4,0x24,0x14,
    0x24,0x20,0x02,0x44,0x31,0x42,0xBA,0x4B,0xCF,0x4D,0xE6,0x1F,0x5E,0x06,0x24,0x31,
    0x2B,0x44,0x23,0xD5,0x20,0x34,0x3C,0x52,0x3D,0x66,0x42,0x50,0x43,0x15,0x44,0x34,
    0x00,0x27,0x45,0x35,0x68,0x41,0x24,0x43,0x14,0x31,0x20,0x03,0x44,0x31,0xE5,0xC0,
    0x46,0xE6,0x1F,0xB4,0xFE,0xF6,0x17,0x46,0x43,0xEC,0x33,0x48,0x54,0x05,0x31,0x54,
    0x06,0x73,0x41,0x25,0x41,0x53,0x34,0x30,0x02,0x78,0x35,0x36,0x6A,0x32,0x48,0x44,
    0x12,0x00,0x44,0x25,0x45,0x60,0x2E,0x1F,0x56,0x02,0xE1,0xD6,0x07,0x46,0x42,0x33,
    0x45,0x21,0x54,0x05,0x22,0x6C,0x43,0x15,0x42,0x42,0x35,0x20,0x01,0x34,0x25,0x30,
    0x35,0x36,0x64,0x12,0x44,0x31,0x44,0x12,0x40,0x04,0x45,0xAB,0x56,0x02,0xF5,0x60,
    0x2F,0x5D,0x04,0x02,0x14,0x64,0x3E,0x54,0x05,0x30,0x52,0x0C,0x6D,0x44,0x03,0x41,
    0x43,0x73,0x52,0x00,0x13,0x42,0x8D,0x86,0x5A,0x42,0x41,0x42,0x41,0x32,0x50,0x04,
    0x16,0x2B,0x46,0x1A,0xB1,0xEB,0x1C,0xA4,0x6E,0x24,0x16,0x4E,0xC5,0x20,0xD5,0x20,
    0xC0,0x00,0x43,0x54,0x42,0x32,0x45,0x32,0x00,0x19,0x73,0x34,0x86,0x4A,0x42,0x41,
    0x42,0x41,0x32,0x40,0x05,0x95,0x60,0x2B,0x46,0xEF,0x36,0xCA,0x4A,0xC2,0x41,0x64,
    0x79,0x54,0x03,0x32,0x54,0x00,0x02,0x42,0x54,0x43,0x23,0x45,0x23,0x00,0x19,0x75,
    0x30,0x35,0x36,0x2A,0x42,0x31,0x42,0x34,0x41,0x25,0xE0,0x03,0xE2,0x04,0x16,0x34,
    0x6C,0xF4,0x6C,0xA2,0xB4,0xC1,0x34,0x65,0x34,0x24,0x33,0x24,0x52,0x0D,0x00,0x44,
    0x52,0x53,0x32,0xC3,0x13,0x00,0x17,0x53,0x13,0x53,0x61,0xAE,0x53,0x1D,0x7D,0x70,
    0x03,0x43,0x02,0x25,0x32,0x52,0xC1,0xB2,0xC3,0x31,0x56,0x08,0x15,0x73,0x43,0x54,
    0x00,0x06,0x35,0x47,0x43,0x53,0xE0,0x01,0x97,0x53,0x04,0x53,0x46,0x13,0x12,0x84,
    0x13,0x45,0x30,0x44,0x13,0x00,0x34,0x54,0x54,0x34,0x24,0x46,0xC4,0xA6,0x19,0xB4,
    0x34,0x57,0x34,0x37,0xD0,0x09,0x15,0x74,0x45,0x29,0x00,0x19,0x73,0x32,0x53,0x16,
    0x0A,0x42,0x31,0x42,0x42,0x41,0x24,0x70,0x04,0x18,0xA4,0x23,0x24,0x45,0x63,0xA1,
    0xB8,0x45,0x34,0x15,0x85,0x40,0x00,0x92,0x58,0x45,0x32,0xD0,0x00,0x97,0x97,0x53,
    0x01,0x56,0x0A,0x84,0x14,0x23,0x12,0x83,0x13,0x00,0x22,0x84,0x91,0x24,0x34,0x14,
    0x54,0x34,0xCA,0x62,0x5D,0x8C,0x7D,0x00,0xB3,0x35,0x74,0x42,0x12,0x04,0x63,0x56,
    0xC5,0x20,0x33,0x25,0x30,0x25,0x60,0xA3,0x42,0x53,0x04,0x23,0x43,0x12,0x00,0x25,
    0x70,0x46,0x32,0x25,0x32,0x57,0x33,0xCB,0x84,0x43,0x25,0x40,0x00,0xC4,0x35,0x25,
    0x30,0x41,0x06,0x43,0x53,0x6C,0x52,0x23,0x32,0x81,0x56,0x04,0x12,0x47,0x41,0x32,
    0x43,0x12,0xD0,0x02,0x18,0x20,0x15,0xB4,0x52,0x65,0x40,0xB3,0x13,0xB2,0x5C,0x00,
    0xE4,0x45,0x24,0x42,0x44,0x16,0x54,0x43,0x56,0xC5,0x21,0x33,0x25,0x30,0x15,0x60,
    0x41,0x24,0x42,0x12,0x53,0x04,0x24,0x10,0x06,0x46,0x43,0x36,0x55,0x30,0xE5,0x10,
    0x43,0x46,0xD0,0x0F,0x43,0x54,0x74,0x41,0x64,0x52,0x31,0x56,0xD9,0x52,0x28,0x34,
    0x56,0x04,0x12,0x54,0x21,0x34,0x21,0x34,0x42,0x10,0x07,0x56,0x04,0x45,0x4E,0x51,
    0x04,0x23,0x28,0xD6,0x48,0x00,0x44,0x43,0x58,0x42,0x41,0x46,0x24,0x15,0x6F,0x95,
    0x20,0x43,0x23,0x25,0x60,0x41,0x25,0x42,0x32,0x41,0x24,0x42,0x14,0x00,0xA4,0x65,
    0x37,0x51,0x04,0x21,0x24,0x32,0x34,0x45,0x37,0x43,0x43,0x00,0x44,0x34,0x54,0x24,
    0x34,0x14,0x54,0x42,0x56,0xF9,0x79,0x73,0x43,0x61,0x11,0xCE,0x53,0x23,0x24,0x00,
    0xC1,0x65,0x22,0x51,0x1E,0x84,0x23,0x59,0x54,0x00,0x04,0x44,0x25,0x43,0x14,0x41,
    0x46,0x34,0x2C,0x35,0x46,0x01,0x96,0x9D,0x52,0x15,0x30,0x61,0x41,0x43,0x42,0x13,
    0x42,0x13,0x44,0x14,0x00,0xC3,0x53,0x74,0x34,0x24,0x12,0x3E,0x54,0x01,0x62,0x5D,
    0x52,0x00,0x02,0x83,0x61,0x84,0x16,0x53,0x26,0x25,0x33,0x56,0x11,0x96,0x99,0x74,
    0x32,0x31,0x56,0x14,0x14,0x24,0x13,0x24,0x13,0x44,0x12,0x40,0x0D,0x25,0x43,0x43,
    0xD7,0x53,0x0B,0xD5,0x30,0xC9,0x00,0x24,0x24,0x64,0x13,0x1B,0x44,0x26,0x45,0x35,
    0x44,0x80,0x49,0x09,0x69,0x4F,0xEF,0x2E,0x3F,0x56,0x14,0x15,0x25,0x32,0x41,0x24,
    0x01,0x0B,0xCA,0xEB,0x44,0x36,0x25,0x52,0x00,0x03,0x42,0x56,0x43,0x41,0x46,0x42,
    0x25,0xC4,0x50,0x64,0x80,0x86,0x95,0xC0,0x4E,0x6D,0x41,0xDF,0x20,0x41,0x25,0x42,
    0x13,0x42,0x13,0xC0,0x11,0x44,0x36,0x42,0x12,0x43,0x64,0x46,0x53,0x42,0x34,0x90,
    0x04,0x43,0x56,0x44,0x31,0x46,0x32,0xD2,0x56,0x13,0x68,0x69,0x3B,0x12,0xC4,0xF6,
    0xEA,0x4D,0xF0,0x41,0x43,0x41,0x32,0xA4,0x31,0x20,0x11,0x42,0x36,0x33,0x28,0xB4,
    0x42,0x3D,0x70,0x05,0xDB,0x44,0x21,0x46,0x24,0x55,0x06,0x21,0x56,0x94,0xBA,0xC4,
    0xBC,0xE1,0xF5,0xD0,0x4E,0x01,0x34,0x28,0xD8,0xC1,0x50,0x11,0x48,0x96,0x43,0x93,
    0xB4,0x02,0x43,0x24,0x00,0x84,0x65,0x47,0x36,0x35,0x50,0xD6,0xF2,0xC4,0xAB,0x64,
    0x1D,0x61,0xE2,0xD4,0xF1,0x54,0x21,0x34,0x12,0x33,0x12,0x01,0x22,0x94,0x60,0x64,
    0x89,0x60,0x0D,0x16,0xC7,0x36,0x42,0x53,0x45,0x6F,0x4B,0xAB,0x4C,0xFD,0x4E,0x6F,
    0x2E,0x31,0x45,0x33,0x32,0x30,0x10,0x58,0x03,0x96,0x60,0x38,0x90,0x0E,0x15,0xC7,
    0x16,0x25,0x34,0x50,0x01,0x5C,0x04,0x6E,0x61,0xFB,0x4F,0x14,0x32,0x18,0xC1,0x50,
    0x10,0x9B,0x39,0x66,0x02,0x90,0x0F,0x25,0x43,0x43,0xB2,0x5D,0x00,0x15,0x60,0x2E,
    0x1F,0x56,0x04,0xE1,0x55,0x30,0x42,0x13,0x01,0x44,0x90,0x74,0x97,0x80,0x10,0x9C,
    0x33,0x4B,0x35,0x46,0xF4,0xCA,0xB5,0x60,0x2F,0x56,0x04,0xF1,0x43,0x21,0x54,0x01,
    0x50,0x14,0x48,0x02,0x46,0x76,0x19,0x01,0x04,0x42,0x5D,0xB4,0x54,0x56,0xF1,0x62,
    0xB4,0x61,0xAB,0x1E,0xB4,0x51,0x58,0x42,0x13,0x01,0x94,0x86,0x80,0x10,0x45,0x45,
    0x56,0x04,0x54,0x56,0xF9,0x56,0x02,0xB4,0x6E,0xF4,0x65,0x12,0x54,0x23,0x41,0x50,
    0x1B,0x36,0x80,0x11,0x33,0x1C,0xB1,0x56,0xFE,0x60,0x46,0x36,0x4C,0xF6,0x45,0x15,
    0x54,0x07,0x15,0x01,0xB9,0x01,0x2C,0x41,0x25,0xB6,0xF9,0x61,0x32,0x62,0xC4,0x61,
    0x54,0x42,0x14,0x35,0x40,0x42,0x45,0x31,0x44,0x64,0x00,0x04,0x54,0x34,0x45,0x24,
    0x56,0xC4,0x41,0x58,0x44,0x31,0x15,0x04,0x24,0x56,0x34,0x14,0x60,0x00,0x9A,0x42,
    0x42,0x44,0x54,0x43,0x26,0x42,0x13,0x34,0xC0,0x09,0x4F,0xEF,0x2E,0x1F,0x02,0x14,
    0x63,0x44,0x34,0x56,0xE4,0x98,0x93,0x12,0x84,0x24,0x29,0xC5,0x30,0x44,0x5B,0x1C,
    0x00,0x75,0xC0,0x4E,0x6D,0x41,0xDF,0x01,0xF4,0x63,0x4E,0xC1,0x56,0xC5,0x70,0x18,
    0x84,0x14,0x11,0x57,0x53,0x0C,0x46,0xCA,0x1C,0x00,0x63,0xB1,0x2C,0x4F,0x6E,0xA3,
    0xDF,0x00,0x7C,0x00,0x34,0x53,0x24,0x32,0x46,0xC4,0x80,0x61,0xCC,0x25,0x32,0x5C,
    0x43,0x23,0x42,0x43,0x36,0xC0,0x07,0x4B,0xAC,0x4B,0xCE,0x1F,0x5D,0x01,0xE0,0x06,
    0x44,0x34,0x00,0x34,0x64,0x34,0x13,0x26,0xFB,0x45,0x62,0x36,0x28,0xE5,0x10,0x43,
    0x23,0xD0,0x07,0x2C,0x4A,0xB6,0x41,0xD6,0x1E,0x87,0x51,0x07,0x6E,0xD8,0xD0,0x04,
    0x46,0x54,0x43,0x48,0x30,0x86,0xD4,0x64,0x34,0x65,0x33,0x42,0x51,0x05,0x21,0x33,
    0x46,0x48,0x6D,0x4B,0xAB,0x4C,0xFD,0x4E,0x6F,0x42,0x34,0x52,0x04,0x12,0x1E,0x6C,
    0x43,0x43,0xD0,0x07,0x46,0x58,0x27,0x6F,0x56,0x13,0x53,0x75,0x10,0xEA,0x74,0x34,
    0x59,0x74,0x34,0x36,0xD9,0x5C,0x04,0x6E,0x64,0xF6,0x24,0x46,0x45,0x24,0x6A,0x43,
    0x53,0xD0,0x23,0x36,0x35,0x21,0x95,0x11,0x53,0x13,0x53,0x54,0x06,0xD3,0x54,0x56,
    0x02,0xE1,0xFB,0x31,0x4B,0x32,0x15,0x20,0x11,0x76,0x84,0x35,0x29,0x02,0x44,0x64,
    0x37,0x43,0x42,0x87,0x54,0x0B,0x35,0x45,0x20,0x6A,0x4C,0xAB,0x56,0x02,0xF5,0x60,
    0x31,0x4B,0x33,0x17,0x41,0x21,0xE6,0x84,0x52,0x30,0x26,0x36,0x48,0x44,0x34,0x41,
    0x23,0x34,0x3B,0xD5,0x30,0xC9,0x6A,0x16,0x2B,0x46,0x1A,0xB1,0xEB,0x31,0x45,0x60,
    0x32,0x15,0x20,0x41,0x23,0x66,0x32,0x40,0x2B,0xBC,0xA4,0x24,0x64,0x43,0x63,0x56,
    0x52,0x06,0xB9,0x56,0x02,0xB4,0x6E,0xF4,0x63,0x24,0x46,0x44,0x62,0x14,0x21,0x21,
    0x17,0x65,0x33,0x60,0x2C,0x44,0x36,0x42,0x12,0x43,0x64,0x46,0x53,0x42,0x34,0x96,
    0xBE,0x60,0x46,0x36,0x4C,0xF6,0x3C,0x2C,0x46,0x46,0x9A,0x42,0x12,0x31,0x26,0x43,
    0x46,0x02,0xD4,0x23,0x63,0x32,0x8B,0x43,0x23,0xD7,0x6C,0x92,0x04,0x64,0x21,0x62,
    0xC4,0xBC,0x14,0x46,0x44,0x64,0x6A,0x42,0x12,0x41,0x23,0x62,0xB0,0x2E,0x48,0x96,
    0x43,0x93,0xB4,0x06,0x43,0x24,0x6E,0x45,0x43,0x44,0x62,0x45,0x6C,0x34,0x2C,0x36,
    0x4B,0x45,0x21,0x42,0x12,0x11,0x70,0x34,0x29,0x46,0x06,0x48,0x96,0x00,0x31,0x85,
    0x10,0x42,0x42,0xC4,0x63,0x14,0x46,0x44,0x64,0x64,0x02,0x13,0x21,0x73,0x12,0x03,
    0x15,0x80,0x39,0x66,0x03,0x89,0x00,0x32,0x84,0x91,0x28,0x42,0x41,0x43,0xCA,0xC4,
    0x64,0x64,0xBC,0x34,0x21,0x2A,0x70,0x30,0x9B,0x39,0x66,0x02,0x90,0x03,0x57,0x01,
    0x88,0x41,0x41,0x45,0x12,0x43,0xC6,0xCB,0x4A,0xC3,0xAE,0xA4,0x21,0x30,0x32,0x49,
    0x07,0x49,0x78,0x00,0x41,0x82,0x04,0x54,0x32,0x54,0x25,0x3C,0x46,0x12,0x44,0xC6,
    0x1C,0x20,0x32,0x15,0x20,0x11,0x70,0x31,0x48,0x02,0x46,0x76,0x19,0x00,0x84,0x65,
    0x63,0x26,0x53,0x0E,0x51,0x04,0x32,0x3D,0x20,0x52,0x04,0x12,0x17,0x03,0x54,0x86,
    0x80,0x08,0x46,0x43,0x46,0x53,0x34,0x25,0x10,0x52,0x14,0x34,0x09,0x74,0x12,0x17,
    0x03,0x63,0x68,0x00,0x9B,0x45,0x65,0x97,0x51,0x0E,0xA7,0xC4,0x23,0x14,0x32,0x3E,
    0x03,0x69,0x00,0xA4,0x35,0x43,0x56,0x52,0x29,0x51,0x18,0x45,0x13,0x41,0x32,0x33,
    0x20,0x54,0x42,0x53,0x45,0x45,0x84,0x23,0x47,0x97,0x44,0x51,0x43,0x23,0xE8,0x05,
    0x44,0x24,0x35,0x40,0x15,0x84,0x43,0x44,0x12,0x34,0x43,0x54,0x23,0x23,0x32,0x80,
    0x53,0x84,0x42,0x49,0xCB,0x15,0xCA,0x42,0x45,0x43,0x23,0x42,0x32,0x34,0x30,0x53,
    0x42,0x34,0x43,0x43,0x44,0x30,0x44,0x36,0x42,0x12,0x33,0x58,0x42,0x32,0x43,0x24,
    0x90,0x53,0xEC,0x53,0x06,0x04,0x23,0x63,0x32,0x83,0x65,0x73,0x32,0x8D,0x05,0x38,
    0x44,0x34,0x96,0x14,0x89,0x64,0x39,0x3B,0x34,0x28,0x42,0x43,0x05,0x44,0x23,0x43,
    0x34,0x61,0x29,0x46,0x06,0x48,0x96,0x40,0x31,0x43,0x23,0xD0,0x5B,0x58,0x03,0x96,
    0x60,0x38,0x92,0x04,0x32,0x43,0x24,0x05,0xB9,0xB3,0x96,0x60,0x29,0x60,0x42,0x34,
    0x90,0x5F,0x49,0x07,0x49,0x78,0x60,0x42,0x34,0x90,0x38,0x4F,0xEF,0x2E,0x1F,0x00,
    0xE4,0x80,0x24,0x67,0x61,0x96,0x09,0x03,0xA5,0xC0,0x4E,0x6D,0x41,0xDF,0x01,0x04,
    0x80,0x80,0x3D,0x3B,0x12,0xC4,0xF6,0xEA,0x3D,0xF0,0x11,0x18,0x03,0xD4,0xBA,0xC4,
    0xBC,0xE1,0xF5,0xD0,0x1E,0x01,0x09,0x03,0xE2,0xC4,0xAB,0x64,0x1D,0x61,0xE2,0xD1,
    0xF0,0x61,0x4B,0xAB,0x4C,0xFD,0x4E,0x6F,0x5E,0x00,0x62,0x5C,0x04,0x6E,0x61,0xFB,
    0x4F,0xEF,0x05,0xF3,0xC5,0x56,0x02,0xE1,0xF5,0x60,0x2E,0x1D,0x05,0xE4,0xCA,0xB5,
    0x60,0x2F,0x56,0x02,0xF2,0xD0,0x5E,0x16,0x2B,0x46,0x1A,0xB1,0xEB,0x1C,0xA1,0x60,
    0x44,0x46,0x86,0x28,0x16,0x00,0x19,0x56,0x02,0xB4,0x6E,0xF3,0x6C,0xA3,0xAC,0x04,
    0x35,0x50,0x48,0x19,0x4A,0x96,0x6E,0xE6,0x04,0x63,0x64,0xCF,0x63,0xCA,0x2B,0x3C,
    0x60,0x2C,0x36,0x85,0x61,0x6D,0x34,0x22,0x54,0x61,0x82,0xA3,0x96,0x6D,0x96,0x13,
    0x26,0x2C,0x1B,0x2C,0x4B,0xC6,0x02,0xC1,0x6A,0x48,0x18,0x4A,0x87,0x6B,0x44,0x35,
    0x44,0x58,0x16,0x59,0x01,0x76,0xD4,0x54,0x34,0x56,0x24,0x56,0xC1,0xAB,0x5C,0x01,
    0x60,0x2B,0x55,0x04,0x68,0x64,0x9A,0x81,0x76,0xA2,0x54,0x34,0x14,0xA9,0x14,0x89,
    0x71,0x66,0xB9,0xA4,0x24,0x2C,0x46,0xA2,0x56,0x04,0xC6,0xC0,0x2A,0x34,0x22,0x51,
    0x12,0x91,0x72,0x93,0x86,0x69,0x44,0x34,0x45,0x69,0x47,0x16,0x48,0x7F,0x69,0x28,
    0x49,0x12,0x84,0x24,0x24,0x3C,0xAA,0xB4,0xCB,0xC0,0x29,0x44,0x35,0x44,0x6A,0x49,
    0x78,0x49,0x7F,0x6A,0x55,0x04,0x18,0x11,0x6A,0x47,0xF6,0x67,0x57,0x01,0x88,0x41,
    0x41,0x15,0x74,0x4C,0x64,0x31,0x24,0xCA,0xC0,0x29,0x25,0x43,0x41,0x28,0xB4,0x86,
    0xF1,0x66,0x95,0x10,0x27,0x16,0x51,0x04,0xE6,0x76,0x71,0x82,0x01,0x5C,0x25,0x32,
    0x5C,0xB4,0x21,0x34,0xCB,0xC0,0x2A,0x44,0x34,0x45,0x78,0x17,0x51,0x04,0xE6,0x91,
    0x66,0x85,0x10,0xB5,0x10,0xB4,0x78,0x96,0xAB,0x45,0x26,0xE5,0x30,0x44,0x21,0x43,
    0x13,0xE0,0x2B,0x55,0x04,0x87,0x6A,0x4E,0x17,0x29,0x16,0x68,0x51,0x11,0x8A,0x4B,
    0xDC,0x41,0x78,0x69,0x46,0x43,0xB4,0x34,0x24,0x34,0x24,0x31,0x33,0x12,0x65,0x80,
    0x21,0x51,0x0B,0x51,0x04,0xBD,0xC4,0x17,0x86,0x74,0x16,0x14,0x98,0x63,0x1B,0x2D,
    0x4C,0xB6,0x18,0x6A,0xBD,0xB9,0x74,0x43,0x24,0x13,0x13,0x32,0x20,0x35,0x37,0x43,
    0x43,0x02,0x25,0x11,0x48,0x1B,0x2D,0x4C,0xB6,0x17,0x67,0x41,0x71,0x45,0x61,0x1B,
    0x2D,0x3C,0xBA,0x17,0x6C,0x9B,0xD7,0x43,0x42,0x43,0x23,0x31,0x2C,0x43,0x53,0x54,
    0x00,0x22,0x41,0x61,0x49,0x86,0x1B,0x2D,0x3C,0xBA,0x16,0x68,0x35,0x42,0x5D,0x2B,
    0x4C,0xB1,0x40,0x16,0x6C,0x9B,0x45,0x32,0x43,0x42,0x43,0x13,0x11,0x83,0x54,0x55,
    0x0D,0x52,0x00,0x20,0x41,0x71,0x45,0x64,0x2B,0x3C,0xB5,0x11,0x68,0x45,0x41,0x35,
    0x3A,0x5B,0x04,0x10,0x16,0xC4,0x26,0x43,0x65,0xC4,0x63,0x15,0x30,0x74,0x46,0x45,
    0x30,0xC9,0x02,0x14,0x54,0x14,0x53,0x15,0xB1,0x41,0x51,0x68,0x25,0x40,0x13,0x10,
    0x51,0x04,0xB1,0x56,0xD4,0x35,0x41,0x62,0x05,0x60,0x31,0x37,0x41,0x24,0x33,0x62,
    0x55,0x20,0x02,0x22,0x54,0x01,0x35,0x12,0x45,0x45,0x68,0x35,0x42,0x03,0x53,0x20,
    0xA4,0x54,0x56,0xB3,0x23,0x25,0xD2,0x04,0x43,0x63,0x23,0x74,0x12,0x34,0x64,0x24,
    0x34,0x30,0x23,0x35,0x42,0x04,0x53,0x16,0x04,0x53,0x56,0x91,0x56,0x03,0x51,0x60,
    0x45,0x35,0x6B,0x42,0x43,0x34,0x52,0x04,0x23,0x67,0x11,0x74,0x12,0x43,0x34,0x70,
    0x25,0x15,0x20,0x41,0x51,0x20,0x45,0x45,0x6D,0xA6,0x04,0x54,0x56,0xC4,0x34,0x53,
    0x34,0x20,0x48,0x96,0x43,0x13,0x11,0x74,0x34,0x3D,0x05,0x84,0x23,0x53,0x34,0x20,
    0x29,0x46,0x03,0x41,0x31,0x52,0x00,0x14,0x56,0x00,0x31,0x42,0x45,0xD5,0x80,0x39,
    0x62,0x01,0x65,0x20,0x41,0x31,0x80,0x0F,0x46,0x86,0x48,0x98,0xB0,0x2E,0x32,0x3C,
    0xEB,0x39,0x66,0x04,0x62,0x14,0x31,0x34,0x13,0x20,0x0F,0xA4,0x81,0x84,0xA9,0x81,
    0x60,0x2D,0x42,0x45,0xDB,0x40,0x90,0x47,0x97,0x48,0x31,0x42,0x32,0xA3,0x23,0x00,
    0xD5,0x50,0x46,0x18,0x2A,0x49,0x86,0x02,0xB4,0x23,0x49,0x54,0x04,0x80,0x34,0x67,
    0x63,0x96,0x74,0x32,0x34,0x13,0x20,0x0C,0x34,0x22,0x5A,0x16,0x59,0x11,0x70,0x2A,
    0x8D,0x83,0x43,0x62,0x48,0x68,0x40,0x21,0x32,0x15,0x30,0x70,0x0B,0x44,0x35,0x34,
    0x55,0x81,0x29,0x37,0xF2,0x01,0x76,0x65,0x50,0x37,0x60,0x17,0x83,0x43,0x54,0x16,
    0x34,0x68,0x04,0x31,0x24,0x12,0x31,0x15,0x20,0x00,0xA2,0x54,0x34,0x14,0xA9,0x12,
    0x83,0x7F,0xB3,0x81,0x65,0x34,0x22,0x53,0x18,0x56,0x00,0x14,0x43,0x43,0x44,0x34,
    0x96,0x49,0x60,0x74,0x31,0x24,0x31,0x37,0x00,0x94,0x43,0x44,0x56,0x91,0x7A,0x56,
    0x03,0x87,0xA6,0x54,0x43,0x54,0x45,0x14,0x8A,0x81,0x60,0x12,0x43,0x42,0x43,0x43,
    0xC6,0x84,0x21,0x3A,0x43,0x21,0x97,0x00,0x95,0x50,0x41,0x81,0x16,0x51,0x46,0x62,
    0x54,0x34,0x13,0x86,0x29,0x38,0x66,0xC4,0x68,0x62,0x81,0x66,0xB4,0x23,0x24,0x34,
    0x33,0x43,0x69,0x43,0x12,0x43,0x12,0x43,0x21,0x87,0x00,0x75,0x11,0x17,0xB5,0x14,
    0x66,0x44,0x34,0x45,0x1A,0x49,0x18,0x49,0x86,0x6A,0x55,0x04,0x81,0x94,0xA9,0x66,
    0x8E,0xC4,0x34,0x33,0x43,0x6B,0x32,0x18,0x41,0x23,0xEA,0x33,0x40,0x07,0x51,0x21,
    0x65,0x14,0x68,0x55,0x04,0x69,0x73,0x16,0x28,0x17,0x69,0x34,0x22,0x54,0x61,0x82,
    0xA3,0x7F,0x69,0xE0,0x00,0x43,0x12,0x44,0x31,0x42,0x34,0x32,0x17,0x00,0x75,0x12,
    0x48,0x1B,0x4C,0xB1,0x69,0x51,0x14,0x87,0x6A,0x46,0xF6,0x68,0x44,0x35,0x44,0x58,
    0x16,0x59,0x03,0x6F,0x00,0xD4,0x31,0x34,0x43,0x1E,0x8D,0x00,0x93,0x16,0xA4,0x96,
    0xB2,0xD3,0xCB,0x6A,0x51,0x02,0x71,0x6A,0x4F,0x68,0x68,0x25,0x43,0x41,0x4A,0x91,
    0x48,0x96,0x4E,0x78,0x00,0xC4,0x31,0x3D,0x8E,0x80,0x09,0x31,0x72,0xB3,0x5B,0x5D,
    0x03,0xB1,0x6A,0x51,0x1B,0x41,0x67,0x29,0x18,0x67,0x44,0x34,0x45,0x69,0x17,0xAB,
    0x1E,0xA1,0x70,0x0C,0x43,0x13,0x00,0xE4,0x54,0xB4,0x14,0xB2,0xD3,0xCB,0x6B,0x51,
    0x14,0x61,0x75,0x11,0x27,0x67,0x55,0x04,0x18,0x11,0x65,0x14,0x16,0x02,0xF3,0x54,
    0xA1,0x55,0xC0,0x3B,0x16,0xC3,0x16,0xA4,0x76,0x14,0xCB,0x13,0x67,0x67,0x51,0x11,
    0x7B,0x51,0x40,0x31,0x35,0x4A,0x1C,0x51,0x06,0xD3,0x17,0xA1,0x6A,0x4D,0xCB,0xA1,
    0x76,0x65,0x12,0x16,0x51,0x40,0x33,0x41,0xB1,0x2C,0x11,0x6F,0x35,0x4A,0x34,0x12,
    0xD4,0xCB,0x01,0x16,0x75,0x12,0x48,0x1B,0x4C,0xB1,0x03,0x53,0xB1,0x2C,0x11,0x6F,
    0x35,0x45,0x11,0x2D,0x3C,0xB6,0x93,0x16,0xA4,0x96,0xB2,0xD3,0xCB,0x03,0x5A,0x34,
    0x10,0x01,0x35,0x45,0x10,0x4C,0xDC,0x1B,0x69,0x31,0x75,0x50,0x1B,0x2D,0x4C,0xB1,
    0x90,0x35,0x51,0x00,0x02,0x35,0x0A,0x1B,0x2C,0x3B,0x16,0x84,0x54,0x54,0x14,0xB2,
    0xC5,0xB0,0x31,0x40,0x34,0x33,0x10,0x06,0x3B,0x15,0xB0,0x11,0x68,0x35,0x4A,0x35,
    0x42,0xB5,0x10,0x30,0x10,0x33,0x44,0x51,0x00,0x84,0x1B,0x11,0x56,0x94,0x54,0x05,
    0x11,0x03,0x81,0x10,0x0B,0x41,0x34,0x06,0xB4,0x54,0x50,0x6B,0x15,0x08,0xAF,0x00,
    0x00,0x00,0x00,0x00,0x00,0x00,0x00,0x00,0x00,0x00,0x00,0x00,0x00,0x00,0x00,0x00,
    0x00,0x00,0x00,0x00,0x00,0x00,0x00,0x00,0x00,0x00,0x00,0x00,0x00,0x00,0x00,0x00,
    0x00,0x00,0x00,0x00,0x00,0x00,0x00,0x00,0x00,0x00,0x00,0x00,0x00,0x00,0x00,0x00,
    0x00,0x00,0x00,0x00,0x00,0x00,0x00,0x00,0x00,0x00,0x00,0x00,0x00,0x00,0x00,0x00,
    0x00,0x00,0x00,0x00,0x00,0x00,0x52,0x34,0x34,0x52,0x00,0x00,0x00,0x00,0x00,0x00,
    0x00,0x00,0x00,0x00,0x00,0x00,0x00,0x00,0x00,0x00,0x00,0x00,0x00,0x00,0x00,0x00,
    0x00,0x00,0x00,0x00,0x00,0x00,0x00,0x00,0x00,0x00,0x00,0x00,0x00,0x00,0x00,0x00,
    0x00,0x00,0x00,0x00,0x34,0x1D,0x10,0x0B,0x0B,0x15,0x27,0x52,0x00,0x00,0x00,0x00,
    0x00,0x00,0x00,0x00,0x00,0x00,0x00,0x00,0x00,0x00,0x00,0x00,0x00,0x00,0x00,0x00,
    0x00,0x00,0x00,0x00,0x00,0x00,0x00,0x00,0x00,0x00,0x00,0x00,0x00,0x00,0x00,0x00,
    0x00,0x00,0x52,0x33,0x10,0x7C,0x7C,0x7C,0x7C,0x03,0x1C,0x2C,0x3E,0x52,0x00,0x00,
    0x00,0x00,0x00,0x00,0x00,0x00,0x00,0x00,0x00,0x00,0x00,0x00,0x00,0x00,0x00,0x00,
    0x00,0x00,0x00,0x00,0x00,0x00,0x00,0x00,0x00,0x00,0x00,0x00,0x00,0x00,0x00,0x00,
    0x5E,0x60,0x29,0x06,0x02,0x01,0x7C,0x7C,0x03,0x12,0x1A,0x1D,0x28,0x39,0x36,0x44,
    0x00,0x00,0x00,0x00,0x00,0x00,0x00,0x00,0x00,0x00,0x00,0x00,0x00,0x00,0x00,0x00,
    0x00,0x00,0x00,0x00,0x00,0x00,0x00,0x00,0x00,0x00,0x00,0x00,0x00,0x00,0x54,0x63,
    0x61,0x4E,0x23,0x19,0x27,0x1D,0x0F,0x03,0x03,0x09,0x03,0x0C,0x12,0x25,0x2C,0x33,
    0x44,0x00,0x00,0x00,0x00,0x00,0x00,0x00,0x00,0x00,0x00,0x00,0x00,0x00,0x00,0x00,
    0x00,0x00,0x00,0x00,0x00,0x00,0x00,0x00,0x00,0x00,0x00,0x00,0x4C,0x54,0x56,0x52,
    0x52,0x5C,0x5F,0x52,0x2E,0x10,0x02,0x01,0x01,0x01,0x02,0x06,0x08,0x03,0x08,0x0F,
    0x15,0x22,0x16,0x13,0x44,0x00,0x00,0x00,0x00,0x00,0x00,0x00,0x00,0x00,0x00,0x00,
    0x00,0x00,0x00,0x00,0x00,0x00,0x00,0x00,0x00,0x00,0x4C,0x28,0x4C,0x4C,0x3E,0x4E,
    0x61,0x61,0x44,0x18,0x02,0x01,0x01,0x01,0x0C,0x0A,0x7C,0x01,0x06,0x14,0x1D,0x24,
    0x16,0x06,0x10,0x26,0x2A,0x44,0x00,0x00,0x00,0x00,0x00,0x00,0x00,0x00,0x00,0x00,
    0x00,0x00,0x00,0x00,0x00,0x00,0x00,0x00,0x00,0x40,0x2F,0x4C,0x3E,0x1C,0x36,0x52,
    0x51,0x28,0x0C,0x06,0x0A,0x0E,0x10,0x26,0x16,0x02,0x0A,0x34,0x3A,0x28,0x24,0x18,
    0x18,0x16,0x10,0x0C,0x0C,0x03,0x44,0x00,0x00,0x00,0x00,0x00,0x00,0x00,0x00,0x00,
    0x00,0x00,0x00,0x00,0x00,0x00,0x00,0x00,0x4A,0x2F,0x4A,0x36,0x18,0x22,0x40,0x40,
    0x28,0x0F,0x16,0x2D,0x32,0x26,0x3B,0x2D,0x02,0x0F,0x52,0x3A,0x24,0x1D,0x1D,0x13,
    0x0F,0x03,0x03,0x7C,0x10,0x1D,0x1B,0x44,0x00,0x00,0x00,0x00,0x00,0x00,0x00,0x00,
    0x00,0x00,0x00,0x00,0x00,0x00,0x00,0x4A,0x2F,0x3E,0x36,0x17,0x18,0x30,0x36,0x22,
    0x1B,0x29,0x4A,0x40,0x26,0x43,0x5A,0x26,0x1D,0x51,0x40,0x34,0x28,0x15,0x06,0x0A,
    0x03,0x10,0x24,0x0E,0x1B,0x2C,0x26,0x1B,0x44,0x00,0x00,0x00,0x00,0x00,0x00,0x00,
    0x00,0x00,0x00,0x00,0x00,0x00,0x00,0x41,0x30,0x39,0x18,0x0F,0x1C,0x34,0x20,0x1C,
    0x28,0x44,0x40,0x1D,0x2D,0x61,0x56,0x2E,0x51,0x40,0x30,0x27,0x0C,0x03,0x0F,0x0B,
    0x0F,0x1A,0x22,0x16,0x22,0x2C,0x2C,0x14,0x14,0x44,0x00,0x00,0x00,0x00,0x00,0x00,
    0x00,0x00,0x00,0x00,0x00,0x00,0x00,0x2E,0x39,0x1C,0x12,0x17,0x33,0x1C,0x22,0x27,
    0x34,0x34,0x1C,0x16,0x52,0x56,0x3C,0x44,0x36,0x22,0x1B,0x24,0x15,0x1C,0x16,0x1A,
    0x08,0x27,0x1D,0x10,0x36,0x40,0x34,0x16,0x0C,0x0E,0x44,0x00,0x00,0x00,0x00,0x00,
    0x00,0x00,0x00,0x00,0x00,0x00,0x4C,0x36,0x2C,0x12,0x12,0x2F,0x1C,0x1A,0x1C,0x2E,
    0x28,0x22,0x12,0x34,0x51,0x2E,0x36,0x2F,0x17,0x13,0x34,0x3A,0x22,0x1C,0x1C,0x10,
    0x15,0x36,0x13,0x22,0x5B,0x54,0x2E,0x1D,0x10,0x16,0x11,0x44,0x00,0x00,0x00,0x00,
    0x00,0x00,0x00,0x00,0x00,0x00,0x4C,0x39,0x15,0x12,0x2F,0x1A,0x18,0x1C,0x22,0x1C,
    0x22,0x18,0x1D,0x40,0x29,0x25,0x25,0x12,0x0D,0x2E,0x3C,0x1A,0x12,0x18,0x28,0x27,
    0x39,0x22,0x1F,0x52,0x58,0x3E,0x34,0x24,0x1C,0x24,0x26,0x14,0x44,0x44,0x00,0x00,
    0x00,0x00,0x00,0x00,0x00,0x00,0x4C,0x1C,0x0B,0x25,0x25,0x12,0x25,0x1C,0x1C,0x15,
    0x22,0x10,0x2F,0x29,0x1C,0x22,0x12,0x08,0x23,0x34,0x12,0x08,0x04,0x1B,0x34,0x38,
    0x2F,0x26,0x4C,0x54,0x58,0x39,0x24,0x27,0x17,0x1C,0x08,0x02,0x22,0x26,0x00,0x00,
    0x00,0x00,0x00,0x00,0x00,0x5B,0x44,0x17,0x22,0x2C,0x12,0x28,0x1C,0x10,0x0F,0x28,
    0x10,0x21,0x28,0x18,0x1E,0x17,0x08,0x13,0x24,0x0B,0x06,0x01,0x06,0x29,0x40,0x2D,
    0x34,0x40,0x58,0x46,0x4C,0x36,0x1C,0x1A,0x1A,0x1C,0x1C,0x40,0x47,0x14,0x00,0x00,
    0x00,0x00,0x00,0x00,0x00,0x5B,0x2F,0x1E,0x39,0x1A,0x22,0x34,0x10,0x06,0x28,0x1C,
    0x10,0x28,0x17,0x17,0x17,0x0B,0x11,0x1D,0x09,0x03,0x03,0x02,0x0F,0x2D,0x37,0x39,
    0x39,0x28,0x46,0x39,0x38,0x2E,0x2B,0x28,0x1D,0x2E,0x51,0x5B,0x2D,0x19,0x00,0x00,
    0x00,0x00,0x00,0x00,0x5B,0x52,0x1E,0x39,0x25,0x22,0x36,0x29,0x06,0x0F,0x38,0x10,
    0x1C,0x17,0x12,0x17,0x0B,0x0F,0x16,0x06,0x01,0x04,0x13,0x1F,0x27,0x3A,0x51,0x25,
    0x21,0x20,0x25,0x25,0x28,0x25,0x29,0x4A,0x44,0x40,0x5B,0x47,0x26,0x44,0x00,0x00,
    0x00,0x00,0x00,0x00,0x67,0x31,0x31,0x39,0x22,0x31,0x3E,0x16,0x03,0x2B,0x22,0x15,
    0x18,0x0F,0x12,0x12,0x06,0x15,0x06,0x03,0x10,0x27,0x1D,0x12,0x22,0x56,0x46,0x1A,
    0x1A,0x1A,0x1A,0x1A,0x21,0x18,0x2B,0x4A,0x40,0x4C,0x39,0x1F,0x26,0x44,0x00,0x00,
    0x00,0x00,0x00,0x6C,0x46,0x2C,0x4C,0x25,0x39,0x33,0x40,0x0D,0x10,0x40,0x18,0x1A,
    0x0F,0x12,0x12,0x06,0x10,0x09,0x0D,0x1D,0x1D,0x15,0x06,0x0B,0x2F,0x56,0x2C,0x1A,
    0x1A,0x1A,0x1C,0x1C,0x18,0x17,0x15,0x29,0x44,0x22,0x16,0x2D,0x41,0x00,0x00,0x00,
    0x00,0x00,0x67,0x4C,0x2C,0x4C,0x40,0x3E,0x3E,0x3E,0x3A,0x06,0x2B,0x2F,0x18,0x15,
    0x0B,0x12,0x0B,0x0D,0x16,0x18,0x1B,0x0C,0x0D,0x0D,0x1C,0x17,0x44,0x46,0x21,0x21,
    0x1A,0x21,0x1A,0x1C,0x18,0x15,0x10,0x21,0x27,0x25,0x4C,0x34,0x26,0x32,0x00,0x00,
    0x00,0x61,0x46,0x2C,0x46,0x58,0x4C,0x58,0x39,0x4C,0x23,0x10,0x3E,0x1A,0x18,0x0F,
    0x12,0x12,0x0B,0x18,0x1D,0x0F,0x02,0x10,0x10,0x15,0x29,0x44,0x4C,0x25,0x1A,0x21,
    0x21,0x21,0x1C,0x18,0x15,0x15,0x13,0x2D,0x3E,0x54,0x46,0x26,0x5F,0x48,0x00,0x00,
    0x00,0x46,0x31,0x31,0x60,0x54,0x5E,0x54,0x39,0x56,0x13,0x29,0x33,0x20,0x15,0x0F,
    0x12,0x0B,0x1B,0x2F,0x0D,0x7C,0x0F,0x1D,0x0B,0x21,0x29,0x5B,0x51,0x24,0x18,0x1A,
    0x1C,0x1A,0x18,0x15,0x15,0x10,0x24,0x4E,0x5E,0x46,0x2E,0x57,0x67,0x00,0x00,0x00,
    0x00,0x58,0x31,0x58,0x58,0x68,0x68,0x40,0x54,0x4A,0x13,0x44,0x2C,0x25,0x12,0x12,
    0x12,0x16,0x39,0x25,0x01,0x0C,0x24,0x0B,0x15,0x37,0x4A,0x34,0x2F,0x4E,0x34,0x1A,
    0x1A,0x18,0x15,0x15,0x12,0x15,0x34,0x38,0x54,0x34,0x37,0x67,0x4E,0x00,0x00,0x00,
    0x00,0x46,0x54,0x5E,0x63,0x71,0x5E,0x39,0x68,0x34,0x1F,0x4C,0x39,0x25,0x17,0x17,
    0x10,0x34,0x2F,0x10,0x04,0x29,0x0F,0x10,0x13,0x43,0x6C,0x44,0x25,0x2B,0x56,0x2E,
    0x17,0x17,0x15,0x10,0x10,0x21,0x24,0x2D,0x4C,0x24,0x56,0x67,0x00,0x00,0x00,0x00,
    0x00,0x54,0x5E,0x66,0x71,0x68,0x33,0x44,0x63,0x27,0x2D,0x54,0x40,0x2B,0x22,0x12,
    0x2D,0x2F,0x20,0x07,0x26,0x1C,0x1C,0x21,0x3F,0x60,0x6C,0x66,0x44,0x2B,0x3F,0x56,
    0x24,0x10,0x10,0x10,0x10,0x24,0x16,0x44,0x40,0x37,0x66,0x00,0x00,0x00,0x00,0x00,
    0x00,0x63,0x5B,0x68,0x70,0x40,0x25,0x54,0x4E,0x16,0x34,0x54,0x3E,0x40,0x2C,0x21,
    0x38,0x2C,0x18,0x16,0x3A,0x34,0x40,0x4A,0x58,0x44,0x6C,0x68,0x56,0x3A,0x34,0x4E,
    0x53,0x18,0x10,0x10,0x10,0x18,0x18,0x54,0x34,0x5C,0x58,0x00,0x00,0x00,0x00,0x00,
    0x00,0x4C,0x39,0x58,0x56,0x22,0x38,0x40,0x26,0x0E,0x54,0x4C,0x44,0x54,0x25,0x2F,
    0x33,0x2C,0x10,0x2E,0x4A,0x5A,0x53,0x56,0x36,0x37,0x53,0x67,0x4E,0x2E,0x5B,0x64,
    0x67,0x57,0x1B,0x0D,0x11,0x0D,0x1F,0x51,0x34,0x70,0x00,0x00,0x00,0x00,0x00,0x00,
    0x00,0x25,0x2F,0x56,0x29,0x2B,0x34,0x1F,0x03,0x16,0x58,0x4C,0x5B,0x4C,0x28,0x2F,
    0x40,0x25,0x13,0x40,0x4E,0x4D,0x5B,0x38,0x2F,0x2B,0x30,0x53,0x57,0x29,0x4A,0x67,
    0x66,0x61,0x37,0x0F,0x0D,0x0D,0x24,0x40,0x3F,0x56,0x00,0x00,0x00,0x00,0x00,0x00,
    0x00,0x21,0x40,0x2D,0x2F,0x2E,0x16,0x06,0x04,0x2D,0x66,0x60,0x68,0x3A,0x2C,0x33,
    0x46,0x2F,0x16,0x56,0x44,0x4A,0x4C,0x38,0x38,0x29,0x29,0x29,0x2B,0x38,0x5B,0x48,
    0x34,0x4A,0x24,0x07,0x0D,0x16,0x2D,0x41,0x47,0x34,0x00,0x00,0x00,0x00,0x00,0x00,
    0x00,0x40,0x29,0x2F,0x33,0x18,0x06,0x06,0x07,0x3F,0x68,0x68,0x63,0x2F,0x2F,0x51,
    0x51,0x2E,0x1F,0x56,0x47,0x61,0x2D,0x2D,0x4E,0x29,0x25,0x24,0x1C,0x18,0x2F,0x29,
    0x0C,0x23,0x0C,0x07,0x3B,0x64,0x67,0x37,0x4A,0x1F,0x00,0x00,0x00,0x00,0x00,0x00,
    0x00,0x34,0x40,0x33,0x28,0x09,0x04,0x06,0x10,0x4E,0x68,0x66,0x54,0x33,0x33,0x68,
    0x54,0x21,0x34,0x4E,0x61,0x3C,0x26,0x4E,0x44,0x22,0x21,0x1A,0x12,0x0D,0x06,0x06,
    0x04,0x03,0x02,0x1D,0x5C,0x67,0x23,0x0E,0x52,0x1D,0x00,0x00,0x00,0x00,0x00,0x00,
    0x00,0x44,0x40,0x3E,0x1C,0x04,0x06,0x0D,0x16,0x5B,0x68,0x56,0x44,0x2F,0x46,0x70,
    0x52,0x28,0x29,0x41,0x3B,0x43,0x67,0x66,0x2B,0x1E,0x1A,0x12,0x0D,0x06,0x04,0x03,
    0x03,0x02,0x07,0x23,0x4A,0x5F,0x2D,0x16,0x3A,0x2D,0x00,0x00,0x00,0x00,0x00,0x00,
    0x00,0x63,0x40,0x33,0x0C,0x06,0x0C,0x15,0x16,0x6C,0x60,0x56,0x40,0x2F,0x60,0x67,
    0x46,0x34,0x24,0x3B,0x60,0x61,0x5B,0x44,0x21,0x1A,0x12,0x0D,0x06,0x06,0x04,0x03,
    0x03,0x01,0x16,0x41,0x64,0x2E,0x0C,0x19,0x26,0x2E,0x00,0x00,0x00,0x00,0x00,0x00,
    0x00,0x58,0x4C,0x21,0x07,0x0D,0x15,0x21,0x2D,0x70,0x4E,0x52,0x3E,0x39,0x4E,0x4E,
    0x4C,0x29,0x37,0x51,0x4A,0x4D,0x5A,0x2B,0x1E,0x18,0x10,0x09,0x06,0x04,0x04,0x03,
    0x03,0x01,0x14,0x23,0x5B,0x26,0x7C,0x19,0x41,0x2E,0x66,0x00,0x00,0x00,0x00,0x00,
    0x00,0x4C,0x40,0x0F,0x0C,0x10,0x25,0x21,0x4E,0x70,0x3C,0x52,0x39,0x4C,0x34,0x56,
    0x40,0x29,0x2F,0x2F,0x43,0x56,0x33,0x24,0x18,0x13,0x0D,0x09,0x06,0x04,0x03,0x03,
    0x02,0x01,0x16,0x16,0x56,0x41,0x0F,0x19,0x23,0x47,0x43,0x00,0x00,0x00,0x00,0x00,
    0x00,0x4C,0x2D,0x09,0x10,0x22,0x2F,0x1D,0x66,0x68,0x41,0x46,0x3E,0x4C,0x37,0x56,
    0x28,0x21,0x16,0x32,0x47,0x3F,0x25,0x1A,0x15,0x0F,0x09,0x07,0x06,0x04,0x04,0x03,
    0x04,0x03,0x14,0x1B,0x61,0x68,0x2D,0x26,0x0E,0x3B,0x41,0x00,0x00,0x00,0x00,0x00,
    0x00,0x40,0x13,0x12,0x25,0x40,0x29,0x32,0x72,0x6C,0x43,0x40,0x46,0x54,0x44,0x34,
    0x12,0x16,0x37,0x47,0x34,0x44,0x24,0x1A,0x13,0x0D,0x09,0x07,0x04,0x04,0x04,0x04,
    0x04,0x04,0x14,0x43,0x66,0x70,0x32,0x37,0x1F,0x44,0x66,0x00,0x00,0x00,0x00,0x00,
    0x00,0x1D,0x18,0x2F,0x4A,0x3A,0x13,0x67,0x71,0x68,0x63,0x68,0x5E,0x56,0x3A,0x16,
    0x10,0x37,0x61,0x56,0x37,0x4E,0x21,0x1A,0x10,0x09,0x06,0x06,0x04,0x04,0x02,0x16,
    0x2A,0x0A,0x23,0x60,0x68,0x67,0x34,0x34,0x2D,0x37,0x66,0x00,0x00,0x00,0x00,0x00,
    0x00,0x2B,0x38,0x51,0x3A,0x11,0x56,0x4F,0x25,0x28,0x68,0x73,0x73,0x56,0x24,0x17,
    0x37,0x61,0x58,0x60,0x4E,0x44,0x29,0x1E,0x11,0x0E,0x16,0x09,0x06,0x04,0x03,0x05,
    0x1F,0x32,0x57,0x60,0x6C,0x47,0x34,0x26,0x34,0x66,0x66,0x00,0x00,0x00,0x00,0x00,
    0x00,0x38,0x4A,0x38,0x09,0x44,0x62,0x1E,0x12,0x6A,0x76,0x73,0x71,0x44,0x24,0x2B,
    0x56,0x60,0x4E,0x68,0x4E,0x3F,0x29,0x1A,0x0F,0x16,0x41,0x43,0x3B,0x37,0x23,0x0A,
    0x11,0x57,0x61,0x63,0x66,0x37,0x29,0x16,0x44,0x74,0x70,0x00,0x00,0x00,0x00,0x00,
    0x00,0x38,0x2B,0x09,0x2F,0x59,0x31,0x12,0x5C,0x7B,0x73,0x73,0x6F,0x3E,0x1F,0x3A,
    0x60,0x4E,0x58,0x60,0x4E,0x3F,0x30,0x21,0x10,0x0C,0x0C,0x16,0x2A,0x2A,0x4D,0x57,
    0x48,0x4E,0x51,0x66,0x40,0x2D,0x1B,0x14,0x37,0x50,0x6A,0x6A,0x00,0x00,0x00,0x00,
    0x00,0x22,0x0C,0x25,0x5E,0x31,0x17,0x25,0x77,0x7B,0x73,0x73,0x6B,0x38,0x2B,0x56,
    0x54,0x3A,0x61,0x5C,0x44,0x37,0x30,0x24,0x13,0x09,0x07,0x16,0x41,0x2A,0x26,0x57,
    0x66,0x4C,0x5B,0x4E,0x2D,0x2A,0x37,0x11,0x2A,0x0A,0x37,0x6A,0x67,0x00,0x00,0x00,
    0x00,0x0F,0x2F,0x59,0x45,0x31,0x1E,0x60,0x7B,0x77,0x73,0x73,0x65,0x2B,0x33,0x58,
    0x4E,0x4E,0x57,0x41,0x44,0x3F,0x37,0x29,0x18,0x09,0x07,0x0F,0x2D,0x5C,0x5C,0x41,
    0x58,0x5B,0x4E,0x34,0x43,0x6E,0x4E,0x18,0x32,0x07,0x07,0x48,0x64,0x5F,0x00,0x00,
    0x00,0x2B,0x62,0x49,0x35,0x31,0x31,0x72,0x7B,0x76,0x73,0x73,0x5E,0x2B,0x2F,0x57,
    0x44,0x57,0x3F,0x1D,0x3F,0x44,0x3F,0x34,0x1A,0x0E,0x07,0x07,0x09,0x1F,0x3F,0x4E,
    0x63,0x56,0x30,0x4E,0x72,0x75,0x5B,0x27,0x3B,0x19,0x05,0x11,0x50,0x57,0x5F,0x00,
    0x00,0x62,0x55,0x4B,0x3D,0x31,0x46,0x7B,0x7B,0x76,0x6F,0x6D,0x60,0x34,0x34,0x4D,
    0x5B,0x56,0x3A,0x15,0x18,0x34,0x37,0x3A,0x25,0x13,0x07,0x09,0x0C,0x1F,0x53,0x63,
    0x63,0x40,0x37,0x6F,0x75,0x75,0x66,0x27,0x47,0x50,0x14,0x05,0x26,0x57,0x48,0x00,
    0x00,0x62,0x55,0x4B,0x45,0x31,0x5E,0x7B,0x7B,0x76,0x6F,0x6D,0x56,0x36,0x60,0x5B,
    0x57,0x44,0x38,0x18,0x0C,0x16,0x1F,0x36,0x36,0x1B,0x0C,0x07,0x07,0x2D,0x6C,0x66,
    0x56,0x38,0x5C,0x6B,0x4F,0x68,0x71,0x34,0x48,0x67,0x43,0x0C,0x11,0x3B,0x48,0x00,
    0x00,0x5D,0x55,0x4B,0x45,0x31,0x6F,0x7B,0x7B,0x76,0x6D,0x6B,0x58,0x63,0x66,0x41,
    0x47,0x2A,0x3F,0x24,0x0C,0x0C,0x0D,0x18,0x37,0x36,0x21,0x11,0x0C,0x3B,0x6C,0x66,
    0x4C,0x3F,0x66,0x69,0x31,0x1E,0x38,0x5B,0x48,0x6C,0x67,0x3B,0x0C,0x32,0x50,0x00,
    0x00,0x5D,0x55,0x4B,0x35,0x31,0x75,0x7B,0x7B,0x76,0x6D,0x6D,0x71,0x60,0x5B,0x3C,
    0x4D,0x23,0x26,0x34,0x0C,0x0C,0x0C,0x0C,0x48,0x64,0x50,0x32,0x27,0x57,0x6C,0x60,
    0x44,0x3C,0x69,0x5D,0x59,0x45,0x3C,0x76,0x5C,0x67,0x6A,0x67,0x3B,0x14,0x3B,0x00,
    0x00,0x5D,0x4B,0x4B,0x35,0x4C,0x7B,0x7B,0x7B,0x76,0x6D,0x6D,0x68,0x4C,0x57,0x37,
    0x4D,0x2A,0x07,0x34,0x16,0x0A,0x07,0x1B,0x72,0x61,0x50,0x50,0x50,0x6A,0x72,0x61,
    0x39,0x43,0x69,0x4F,0x4F,0x4F,0x6F,0x78,0x56,0x48,0x6A,0x64,0x67,0x26,0x14,0x00,
    0x00,0x5D,0x4B,0x42,0x31,0x63,0x7B,0x7B,0x7B,0x76,0x6D,0x6D,0x60,0x54,0x50,0x32,
    0x47,0x32,0x04,0x18,0x2D,0x0A,0x09,0x37,0x6C,0x26,0x0E,0x26,0x2D,0x26,0x5A,0x64,
    0x2E,0x43,0x69,0x59,0x45,0x54,0x78,0x76,0x6C,0x2A,0x64,0x64,0x6E,0x64,0x23,0x00,
    0x00,0x55,0x4B,0x42,0x35,0x71,0x7B,0x7B,0x7B,0x73,0x6D,0x6D,0x5E,0x54,0x5C,0x41,
    0x53,0x43,0x0A,0x05,0x2A,0x1F,0x07,0x3B,0x77,0x32,0x05,0x05,0x05,0x07,0x0E,0x37,
    0x47,0x48,0x62,0x5D,0x4F,0x68,0x7B,0x76,0x73,0x4D,0x37,0x64,0x67,0x6E,0x5F,0x00,
    0x00,0x55,0x4B,0x3D,0x46,0x76,0x7B,0x7B,0x7B,0x76,0x6B,0x6F,0x65,0x56,0x57,0x34,
    0x37,0x64,0x64,0x26,0x0E,0x37,0x11,0x3C,0x79,0x41,0x07,0x19,0x41,0x5C,0x56,0x5C,
    0x4E,0x5C,0x54,0x59,0x4F,0x72,0x7B,0x74,0x72,0x61,0x3B,0x37,0x67,0x6A,0x6E,0x00,
    0x00,0x55,0x4B,0x3D,0x59,0x7A,0x7B,0x7B,0x7B,0x76,0x6D,0x6F,0x68,0x61,0x6E,0x4D,
    0x26,0x37,0x6A,0x72,0x5C,0x48,0x32,0x41,0x6E,0x3C,0x4D,0x6C,0x73,0x72,0x68,0x66,
    0x4E,0x4E,0x62,0x4F,0x59,0x77,0x7A,0x73,0x72,0x60,0x56,0x1F,0x5F,0x6A,0x6E,0x00,
    0x00,0x55,0x45,0x3D,0x5E,0x7B,0x7B,0x7B,0x7B,0x76,0x6D,0x6D,0x6F,0x5C,0x5F,0x6A,
    0x4E,0x32,0x50,0x6E,0x72,0x75,0x67,0x61,0x50,0x5F,0x72,0x6F,0x6F,0x70,0x6C,0x67,
    0x5B,0x56,0x69,0x5D,0x6B,0x7A,0x79,0x73,0x70,0x51,0x5B,0x34,0x57,0x6A,0x6A,0x00,
    0x00,0x4B,0x42,0x3D,0x6F,0x7B,0x7B,0x7A,0x7B,0x76,0x6D,0x6D,0x73,0x5B,0x3B,0x3B,
    0x2A,0x26,0x3B,0x66,0x6E,0x57,0x6C,0x70,0x50,0x6E,0x6C,0x6A,0x47,0x43,0x64,0x66,
    0x66,0x4E,0x65,0x5D,0x73,0x7A,0x7A,0x76,0x60,0x40,0x5B,0x37,0x56,0x6A,0x6A,0x00,
    0x00,0x4B,0x3D,0x4F,0x76,0x7B,0x7B,0x7A,0x7B,0x78,0x6B,0x6B,0x73,0x57,0x3B,0x43,
    0x48,0x50,0x57,0x61,0x5C,0x3B,0x64,0x74,0x5F,0x6E,0x64,0x5C,0x3B,0x3C,0x47,0x4E,
    0x6C,0x56,0x5E,0x6B,0x7B,0x79,0x7A,0x76,0x54,0x46,0x56,0x48,0x5F,0x6A,0x6A,0x00,
    0x00,0x4B,0x3D,0x4F,0x78,0x7B,0x7B,0x7B,0x7B,0x78,0x69,0x69,0x73,0x57,0x2A,0x3C,
    0x43,0x47,0x57,0x6A,0x6C,0x64,0x6A,0x7A,0x32,0x4D,0x67,0x4D,0x43,0x37,0x37,0x57,
    0x68,0x52,0x56,0x76,0x7A,0x79,0x7A,0x77,0x5E,0x4C,0x44,0x47,0x64,0x6A,0x6E,0x00,
    0x00,0x45,0x3D,0x59,0x7B,0x7B,0x7B,0x7A,0x7A,0x78,0x69,0x69,0x6C,0x57,0x0E,0x05,
    0x07,0x14,0x47,0x57,0x41,0x3B,0x5C,0x5F,0x61,0x23,0x67,0x72,0x48,0x23,0x07,0x3C,
    0x6C,0x51,0x3F,0x75,0x79,0x79,0x7A,0x78,0x6B,0x4C,0x37,0x61,0x6A,0x70,0x75,0x00,
    0x00,0x4B,0x3D,0x5E,0x7B,0x7B,0x7B,0x7A,0x7A,0x7B,0x6D,0x65,0x6C,0x5C,0x1B,0x14,
    0x0A,0x2A,0x5F,0x41,0x41,0x48,0x1F,0x05,0x48,0x37,0x32,0x61,0x5C,0x2D,0x14,0x14,
    0x26,0x61,0x34,0x72,0x7A,0x79,0x78,0x78,0x71,0x44,0x5A,0x70,0x72,0x79,0x75,0x00,
    0x00,0x42,0x45,0x6B,0x7B,0x7A,0x7B,0x7B,0x7B,0x7B,0x74,0x58,0x67,0x61,0x2A,0x1B,
    0x1F,0x48,0x5F,0x50,0x3B,0x0E,0x11,0x26,0x41,0x37,0x19,0x1F,0x50,0x57,0x5C,0x5C,
    0x19,0x4E,0x3F,0x6A,0x7B,0x78,0x78,0x77,0x71,0x6C,0x6E,0x72,0x7B,0x6C,0x1F,0x00,
    0x00,0x42,0x49,0x73,0x7B,0x7B,0x7B,0x7B,0x7B,0x7B,0x61,0x47,0x66,0x6B,0x37,0x19,
    0x41,0x26,0x41,0x3B,0x0E,0x19,0x64,0x72,0x74,0x37,0x1F,0x16,0x37,0x67,0x61,0x5F,
    0x5C,0x61,0x3F,0x6A,0x7B,0x77,0x75,0x74,0x72,0x71,0x72,0x79,0x5F,0x0F,0x7B,0x00,
    0x00,0x45,0x4F,0x78,0x7B,0x7B,0x7B,0x7B,0x7B,0x72,0x34,0x4D,0x6B,0x69,0x53,0x41,
    0x41,0x23,0x23,0x11,0x0E,0x48,0x67,0x72,0x72,0x2A,0x47,0x57,0x32,0x3B,0x2D,0x57,
    0x6E,0x6C,0x3F,0x6C,0x7B,0x74,0x72,0x72,0x71,0x70,0x77,0x7B,0x50,0x7B,0x7B,0x00,
    0x00,0x42,0x59,0x79,0x7B,0x7B,0x7B,0x7B,0x7B,0x4E,0x30,0x61,0x6B,0x62,0x68,0x57,
    0x1B,0x16,0x16,0x07,0x16,0x4D,0x6C,0x7B,0x61,0x1B,0x5F,0x66,0x50,0x4D,0x16,0x1B,
    0x5A,0x61,0x40,0x74,0x7A,0x4E,0x57,0x72,0x72,0x6E,0x75,0x7B,0x7B,0x57,0x11,0x00,
    0x00,0x42,0x5E,0x7B,0x7B,0x7B,0x7B,0x7B,0x67,0x24,0x43,0x71,0x69,0x5D,0x71,0x67,
    0x26,0x0E,0x0A,0x05,0x1F,0x64,0x74,0x67,0x53,0x2D,0x64,0x5C,0x5C,0x74,0x3C,0x05,
    0x1F,0x5B,0x60,0x7A,0x72,0x34,0x48,0x64,0x74,0x72,0x72,0x79,0x7A,0x7B,0x75,0x00,
    0x00,0x45,0x65,0x7B,0x7A,0x7A,0x7B,0x77,0x2E,0x23,0x67,0x73,0x62,0x5D,0x65,0x70,
    0x57,0x1F,0x07,0x16,0x50,0x6A,0x5B,0x23,0x5C,0x64,0x64,0x61,0x6A,0x72,0x48,0x05,
    0x11,0x57,0x71,0x7B,0x67,0x3C,0x5C,0x6E,0x77,0x77,0x74,0x74,0x78,0x79,0x7B,0x00,
    0x00,0x45,0x6B,0x7B,0x7A,0x7B,0x7B,0x56,0x15,0x3F,0x7B,0x76,0x62,0x62,0x5D,0x61,
    0x64,0x2A,0x0A,0x3B,0x61,0x74,0x2D,0x0E,0x4E,0x7A,0x75,0x75,0x67,0x5C,0x1B,0x05,
    0x1F,0x5C,0x75,0x7B,0x64,0x41,0x6A,0x75,0x78,0x7B,0x7A,0x74,0x75,0x7A,0x79,0x00,
    0x00,0x49,0x73,0x7B,0x7B,0x7B,0x73,0x2E,0x1C,0x66,0x7B,0x79,0x6B,0x62,0x5D,0x66,
    0x67,0x37,0x11,0x5C,0x67,0x67,0x2D,0x07,0x23,0x75,0x7B,0x74,0x64,0x47,0x0C,0x0E,
    0x41,0x67,0x79,0x7B,0x56,0x4E,0x70,0x77,0x79,0x79,0x7A,0x79,0x79,0x79,0x79,0x00,
    0x00,0x59,0x79,0x7B,0x7B,0x7B,0x56,0x22,0x34,0x77,0x7B,0x7B,0x6F,0x5D,0x4F,0x6B,
    0x6C,0x2A,0x07,0x66,0x5F,0x3B,0x2D,0x11,0x04,0x37,0x47,0x5A,0x67,0x26,0x07,0x1F,
    0x48,0x71,0x7B,0x7A,0x44,0x61,0x75,0x77,0x7A,0x79,0x79,0x79,0x78,0x79,0x79,0x00,
    0x00,0x65,0x7B,0x7B,0x7B,0x6E,0x38,0x25,0x66,0x7B,0x7B,0x77,0x6B,0x59,0x4F,0x59,
    0x72,0x3B,0x19,0x64,0x5C,0x3C,0x48,0x13,0x05,0x05,0x07,0x11,0x4E,0x37,0x07,0x2A,
    0x47,0x6F,0x78,0x77,0x3E,0x4E,0x72,0x7B,0x79,0x79,0x79,0x79,0x7A,0x7A,0x79,0x00,
    0x00,0x00,0x00,0x00,0x00,0x00,0x00,0x00,0x00,0x00,0x00,0x00,0x00,0x00,0x00,0x00,
    0x00,0x00,0x00,0x00,0x00,0x00,0x00,0x00,0x00,0x00,0x00,0x00,0x00,0x00,0x00,0x00,
    0x00,0x00,0x00,0x00,0x00,0x00,0x00,0x00,0x00,0x00,0x00,0x00,0x00,0x00,0x00,0x00,
    0x00,0x00,0x00,0x00,0x00,0x00,0x00,0x00,0x00,0x00,0x00,0x00,0x00,0x00,0x00,0x00,
    0x00,0x00,0x00,0x00,0x00,0x00,0x00,0x00,0x00,0x00,0x00,0x00,0x00,0x00,0x00,0x00,
    0x00,0x00,0x00,0x00,0x00,0x00,0x00,0x00,0x00,0x00,0x00,0x00,0x00,0x00,0x00,0x00,
    0x00,0x00,0x00,0x00,0x00,0x00,0x00,0x00,0x00,0x6D,0x38,0x64,0x59,0x40,0x4F,0x6C,
    0x75,0x75,0x75,0x78,0x6C,0x63,0x56,0x51,0x45,0x45,0x45,0x65,0x5E,0x3D,0x32,0x5F,
    0x76,0x70,0x74,0x74,0x79,0x73,0x31,0x66,0x66,0x00,0x00,0x00,0x00,0x00,0x00,0x00,
    0x00,0x00,0x00,0x00,0x00,0x00,0x00,0x00,0x6D,0x3A,0x38,0x4F,0x5D,0x4F,0x6F,0x6F,
    0x63,0x63,0x74,0x62,0x59,0x36,0x36,0x36,0x36,0x36,0x36,0x40,0x59,0x65,0x3E,0x44,
    0x7B,0x7A,0x7A,0x79,0x7B,0x6B,0x3C,0x73,0x74,0x00,0x00,0x00,0x00,0x00,0x00,0x00,
    0x00,0x00,0x00,0x00,0x00,0x00,0x00,0x00,0x52,0x1B,0x2D,0x40,0x5E,0x65,0x56,0x42,
    0x5F,0x42,0x2C,0x26,0x36,0x36,0x36,0x36,0x36,0x36,0x36,0x36,0x36,0x59,0x5E,0x56,
    0x63,0x56,0x3A,0x56,0x7B,0x66,0x61,0x75,0x70,0x00,0x00,0x00,0x00,0x00,0x00,0x00,
    0x00,0x00,0x00,0x00,0x00,0x00,0x00,0x52,0x50,0x44,0x3E,0x51,0x74,0x3E,0x30,0x46,
    0x16,0x0A,0x06,0x14,0x2C,0x36,0x36,0x36,0x36,0x36,0x36,0x30,0x36,0x36,0x65,0x6F,
    0x6D,0x56,0x3A,0x2D,0x6F,0x71,0x66,0x73,0x00,0x00,0x00,0x00,0x00,0x00,0x00,0x00,
    0x00,0x00,0x00,0x00,0x00,0x00,0x00,0x6D,0x5D,0x59,0x4F,0x6A,0x44,0x30,0x34,0x04,
    0x02,0x06,0x0D,0x21,0x26,0x2C,0x2C,0x36,0x2C,0x35,0x2D,0x2C,0x2C,0x36,0x40,0x4F,
    0x4F,0x59,0x56,0x2D,0x5E,0x79,0x57,0x75,0x00,0x00,0x00,0x00,0x00,0x00,0x00,0x00,
    0x00,0x00,0x00,0x00,0x00,0x00,0x6D,0x65,0x3E,0x40,0x5E,0x30,0x30,0x33,0x02,0x04,
    0x0D,0x06,0x15,0x21,0x2C,0x2C,0x2C,0x36,0x2C,0x2A,0x29,0x2D,0x2C,0x2C,0x36,0x36,
    0x32,0x4F,0x4F,0x51,0x5A,0x7B,0x66,0x77,0x70,0x00,0x00,0x00,0x00,0x00,0x00,0x00,
    0x00,0x00,0x00,0x00,0x6D,0x6D,0x72,0x37,0x3D,0x5E,0x32,0x2D,0x3D,0x11,0x0D,0x0D,
    0x02,0x0D,0x0D,0x1E,0x26,0x2C,0x2C,0x2C,0x2C,0x24,0x22,0x21,0x26,0x21,0x21,0x26,
    0x19,0x2A,0x4F,0x40,0x65,0x76,0x71,0x75,0x6E,0x00,0x00,0x00,0x00,0x00,0x00,0x00,
    0x00,0x00,0x6D,0x60,0x64,0x72,0x69,0x35,0x51,0x32,0x21,0x3A,0x11,0x15,0x15,0x02,
    0x04,0x04,0x14,0x21,0x26,0x2C,0x2C,0x26,0x1E,0x19,0x19,0x14,0x1A,0x1E,0x21,0x15,
    0x04,0x23,0x45,0x36,0x4F,0x4E,0x66,0x73,0x57,0x00,0x00,0x00,0x00,0x00,0x00,0x00,
    0x00,0x6D,0x4F,0x60,0x6D,0x72,0x59,0x45,0x3A,0x21,0x37,0x14,0x15,0x15,0x0D,0x02,
    0x04,0x06,0x11,0x1E,0x26,0x26,0x1E,0x1A,0x14,0x0D,0x0D,0x23,0x1A,0x14,0x21,0x1E,
    0x02,0x19,0x4F,0x45,0x40,0x2F,0x07,0x6B,0x57,0x00,0x00,0x00,0x00,0x00,0x00,0x00,
    0x00,0x4F,0x59,0x69,0x6D,0x72,0x59,0x56,0x21,0x2A,0x24,0x0D,0x15,0x15,0x04,0x02,
    0x02,0x04,0x1A,0x1E,0x15,0x15,0x0D,0x0D,0x0C,0x17,0x0C,0x06,0x13,0x1F,0x1E,0x15,
    0x06,0x24,0x2B,0x35,0x40,0x40,0x07,0x31,0x6E,0x00,0x00,0x00,0x00,0x00,0x00,0x00,
    0x00,0x4F,0x64,0x4F,0x6D,0x72,0x6D,0x35,0x2A,0x3A,0x15,0x15,0x15,0x06,0x02,0x02,
    0x02,0x11,0x1A,0x0D,0x11,0x0D,0x06,0x34,0x59,0x3E,0x35,0x2A,0x18,0x16,0x1A,0x11,
    0x0D,0x2A,0x3D,0x37,0x26,0x30,0x28,0x0F,0x77,0x00,0x00,0x00,0x00,0x00,0x00,0x00,
    0x00,0x62,0x59,0x5E,0x69,0x77,0x65,0x2A,0x37,0x16,0x0D,0x15,0x0D,0x02,0x02,0x02,
    0x0B,0x14,0x06,0x0B,0x0B,0x05,0x52,0x62,0x44,0x3D,0x32,0x2D,0x30,0x1F,0x22,0x0B,
    0x14,0x16,0x1A,0x3E,0x3A,0x2A,0x33,0x20,0x79,0x00,0x00,0x00,0x00,0x00,0x00,0x00,
    0x00,0x59,0x50,0x5E,0x69,0x77,0x44,0x21,0x24,0x0D,0x0D,0x0D,0x02,0x02,0x02,0x06,
    0x11,0x04,0x06,0x11,0x18,0x41,0x6D,0x59,0x35,0x30,0x30,0x21,0x1A,0x38,0x22,0x0A,
    0x03,0x04,0x2A,0x4F,0x5E,0x2F,0x2A,0x66,0x79,0x00,0x00,0x00,0x00,0x00,0x00,0x00,
    0x00,0x45,0x4C,0x59,0x65,0x7A,0x30,0x2A,0x18,0x0D,0x06,0x06,0x02,0x02,0x04,0x16,
    0x13,0x06,0x14,0x24,0x13,0x6F,0x56,0x38,0x2D,0x21,0x26,0x21,0x15,0x35,0x24,0x18,
    0x46,0x39,0x16,0x4F,0x62,0x2F,0x1A,0x1B,0x74,0x00,0x00,0x00,0x00,0x00,0x00,0x00,
    0x00,0x50,0x2B,0x62,0x62,0x5E,0x2A,0x21,0x04,0x04,0x06,0x04,0x02,0x04,0x10,0x16,
    0x04,0x0D,0x1A,0x18,0x31,0x5E,0x2D,0x1E,0x2A,0x2D,0x21,0x26,0x15,0x2D,0x2B,0x37,
    0x42,0x50,0x5C,0x44,0x59,0x27,0x23,0x04,0x22,0x00,0x00,0x00,0x00,0x00,0x00,0x00,
    0x00,0x12,0x42,0x59,0x62,0x38,0x1E,0x1A,0x02,0x02,0x06,0x02,0x04,0x0A,0x14,0x0E,
    0x0D,0x15,0x2E,0x16,0x33,0x38,0x35,0x15,0x11,0x14,0x14,0x14,0x11,0x15,0x15,0x24,
    0x27,0x42,0x51,0x62,0x51,0x2A,0x27,0x0B,0x1A,0x00,0x00,0x00,0x00,0x00,0x00,0x00,
    0x00,0x17,0x44,0x59,0x30,0x30,0x1E,0x10,0x02,0x06,0x04,0x04,0x06,0x14,0x16,0x06,
    0x11,0x2A,0x34,0x24,0x2F,0x30,0x2A,0x14,0x0D,0x0D,0x0D,0x0D,0x0D,0x11,0x0D,0x11,
    0x14,0x26,0x4C,0x64,0x44,0x32,0x1F,0x1C,0x23,0x67,0x00,0x00,0x00,0x00,0x00,0x00,
    0x00,0x22,0x5A,0x35,0x35,0x23,0x1E,0x04,0x02,0x06,0x02,0x06,0x14,0x1A,0x0E,0x15,
    0x16,0x51,0x1F,0x44,0x2F,0x15,0x0D,0x0B,0x0B,0x0B,0x0B,0x0B,0x0D,0x0D,0x0D,0x0D,
    0x14,0x26,0x37,0x51,0x3D,0x38,0x16,0x27,0x38,0x67,0x00,0x00,0x00,0x00,0x00,0x00,
    0x00,0x3F,0x50,0x30,0x32,0x14,0x21,0x02,0x02,0x06,0x04,0x0B,0x23,0x1A,0x11,0x0D,
    0x2D,0x5E,0x1C,0x42,0x2F,0x14,0x0D,0x06,0x06,0x06,0x06,0x0B,0x0B,0x0B,0x0D,0x0D,
    0x0D,0x1E,0x35,0x38,0x35,0x32,0x13,0x2A,0x38,0x5D,0x00,0x00,0x00,0x00,0x00,0x00,
    0x00,0x39,0x3D,0x35,0x24,0x15,0x1E,0x02,0x06,0x06,0x0A,0x1A,0x21,0x18,0x15,0x11,
    0x51,0x35,0x24,0x44,0x23,0x1F,0x0A,0x06,0x06,0x06,0x06,0x06,0x06,0x06,0x06,0x0B,
    0x0D,0x15,0x35,0x56,0x32,0x30,0x10,0x37,0x23,0x5A,0x5D,0x00,0x00,0x00,0x00,0x00,
    0x00,0x55,0x2A,0x32,0x1C,0x15,0x1A,0x01,0x14,0x0A,0x11,0x21,0x2A,0x11,0x1E,0x2C,
    0x59,0x29,0x2F,0x50,0x2D,0x24,0x22,0x0B,0x0A,0x06,0x06,0x06,0x06,0x06,0x06,0x0B,
    0x0B,0x0B,0x21,0x44,0x24,0x35,0x13,0x30,0x3A,0x18,0x41,0x5D,0x00,0x00,0x00,0x00,
    0x00,0x2B,0x2C,0x2A,0x19,0x15,0x14,0x0E,0x2A,0x16,0x1A,0x30,0x23,0x15,0x26,0x44,
    0x3E,0x23,0x2F,0x44,0x44,0x2D,0x2A,0x2F,0x18,0x04,0x04,0x06,0x06,0x06,0x06,0x06,
    0x0A,0x06,0x15,0x42,0x23,0x35,0x13,0x35,0x35,0x4C,0x2B,0x2F,0x62,0x00,0x00,0x00,
    0x00,0x15,0x2D,0x23,0x19,0x1E,0x10,0x1A,0x30,0x1A,0x2A,0x2D,0x1C,0x1E,0x2C,0x51,
    0x26,0x22,0x33,0x44,0x50,0x4C,0x3D,0x32,0x34,0x0C,0x04,0x06,0x06,0x06,0x0A,0x0A,
    0x06,0x10,0x16,0x3A,0x23,0x35,0x16,0x3E,0x30,0x44,0x44,0x28,0x62,0x00,0x00,0x00,
    0x00,0x1C,0x2F,0x1E,0x16,0x21,0x0A,0x21,0x30,0x2A,0x2C,0x2A,0x16,0x26,0x2C,0x5E,
    0x15,0x18,0x38,0x45,0x44,0x16,0x2F,0x52,0x28,0x22,0x04,0x06,0x06,0x0A,0x0A,0x0A,
    0x10,0x18,0x34,0x5C,0x33,0x35,0x1C,0x3E,0x35,0x51,0x4C,0x2B,0x62,0x00,0x00,0x00,
    0x00,0x13,0x19,0x2A,0x0D,0x21,0x1A,0x30,0x30,0x30,0x2C,0x2A,0x11,0x2C,0x3E,0x44,
    0x11,0x11,0x46,0x3E,0x51,0x0D,0x0A,0x18,0x56,0x28,0x04,0x0A,0x0A,0x0A,0x0E,0x1B,
    0x4E,0x5C,0x33,0x46,0x2A,0x21,0x2F,0x37,0x40,0x5D,0x46,0x2B,0x62,0x00,0x00,0x00,
    0x00,0x1A,0x19,0x2A,0x11,0x2C,0x30,0x30,0x30,0x2C,0x2A,0x1C,0x1A,0x2C,0x44,0x2D,
    0x10,0x10,0x33,0x42,0x59,0x10,0x08,0x0A,0x46,0x2B,0x04,0x08,0x0A,0x17,0x4E,0x72,
    0x2F,0x19,0x1C,0x42,0x2F,0x1A,0x38,0x1F,0x3E,0x5E,0x43,0x24,0x62,0x00,0x00,0x00,
    0x00,0x23,0x2D,0x2F,0x0D,0x30,0x35,0x30,0x30,0x30,0x1E,0x18,0x2D,0x2C,0x50,0x1E,
    0x10,0x10,0x19,0x5C,0x42,0x1F,0x08,0x0A,0x41,0x22,0x08,0x08,0x18,0x6B,0x6C,0x29,
    0x22,0x2B,0x3A,0x4C,0x42,0x1A,0x40,0x23,0x4C,0x5E,0x29,0x2E,0x62,0x00,0x00,0x00,
    0x00,0x37,0x38,0x27,0x14,0x30,0x35,0x30,0x2C,0x2C,0x2A,0x0E,0x35,0x2C,0x51,0x23,
    0x18,0x1B,0x29,0x33,0x5F,0x34,0x0E,0x18,0x4E,0x0E,0x04,0x12,0x5C,0x56,0x3A,0x52,
    0x3F,0x56,0x63,0x71,0x5F,0x30,0x40,0x44,0x2F,0x63,0x23,0x35,0x62,0x00,0x00,0x00,
    0x00,0x50,0x35,0x27,0x14,0x2C,0x30,0x2C,0x2C,0x26,0x24,0x16,0x35,0x3D,0x6F,0x5F,
    0x61,0x52,0x67,0x70,0x70,0x6B,0x34,0x22,0x12,0x05,0x05,0x28,0x43,0x2F,0x4E,0x46,
    0x71,0x73,0x6B,0x75,0x6C,0x35,0x45,0x4F,0x3A,0x6A,0x27,0x2E,0x62,0x00,0x00,0x00,
    0x00,0x62,0x3E,0x24,0x15,0x2C,0x30,0x2C,0x21,0x2A,0x1C,0x1A,0x3D,0x3D,0x5E,0x23,
    0x1A,0x18,0x1F,0x2F,0x56,0x5F,0x61,0x39,0x1B,0x18,0x09,0x34,0x1C,0x24,0x3F,0x70,
    0x6B,0x6C,0x28,0x43,0x5C,0x42,0x35,0x40,0x50,0x4E,0x2F,0x38,0x62,0x00,0x00,0x00,
    0x00,0x65,0x51,0x24,0x1A,0x30,0x2C,0x26,0x26,0x26,0x1B,0x2D,0x35,0x35,0x56,0x2F,
    0x4C,0x46,0x46,0x34,0x1B,0x2F,0x22,0x12,0x09,0x05,0x0E,0x22,0x16,0x1F,0x61,0x34,
    0x5F,0x52,0x34,0x6B,0x56,0x52,0x35,0x40,0x44,0x46,0x2F,0x3D,0x67,0x00,0x00,0x00,
    0x00,0x63,0x51,0x29,0x1A,0x2C,0x26,0x26,0x26,0x1E,0x1F,0x30,0x35,0x38,0x63,0x6A,
    0x71,0x71,0x73,0x75,0x6B,0x4A,0x13,0x08,0x08,0x03,0x17,0x18,0x0E,0x39,0x34,0x28,
    0x31,0x41,0x61,0x50,0x32,0x56,0x4F,0x4F,0x50,0x3A,0x3D,0x38,0x67,0x00,0x00,0x00,
    0x00,0x5E,0x51,0x22,0x1E,0x2C,0x26,0x26,0x26,0x2E,0x18,0x35,0x2D,0x40,0x6A,0x73,
    0x57,0x5F,0x71,0x6B,0x39,0x5F,0x55,0x17,0x04,0x02,0x12,0x18,0x04,0x04,0x2B,0x29,
    0x3F,0x37,0x32,0x15,0x23,0x5C,0x5B,0x5D,0x3D,0x46,0x42,0x3E,0x67,0x00,0x00,0x00,
    0x00,0x5D,0x51,0x24,0x21,0x2C,0x1E,0x26,0x26,0x33,0x1A,0x35,0x2D,0x50,0x56,0x4E,
    0x28,0x46,0x67,0x52,0x20,0x22,0x16,0x08,0x04,0x02,0x0F,0x18,0x07,0x05,0x08,0x04,
    0x0A,0x0A,0x11,0x14,0x23,0x72,0x5B,0x59,0x2F,0x5E,0x3D,0x44,0x67,0x00,0x00,0x00,
    0x00,0x44,0x51,0x1F,0x21,0x2D,0x21,0x21,0x2D,0x2B,0x21,0x35,0x2D,0x51,0x33,0x5C,
    0x61,0x39,0x55,0x3C,0x4E,0x2B,0x0A,0x08,0x05,0x01,0x0F,0x18,0x0C,0x05,0x04,0x08,
    0x08,0x0A,0x0D,0x14,0x2F,0x72,0x65,0x37,0x56,0x59,0x37,0x69,0x67,0x00,0x00,0x00,
    0x00,0x42,0x51,0x1F,0x2D,0x2A,0x1E,0x21,0x38,0x18,0x2C,0x30,0x2D,0x5C,0x1F,0x23,
    0x46,0x4C,0x33,0x24,0x11,0x0A,0x08,0x04,0x02,0x02,0x07,0x22,0x17,0x05,0x05,0x04,
    0x08,0x0A,0x10,0x14,0x37,0x72,0x4C,0x3F,0x65,0x59,0x2D,0x5C,0x67,0x00,0x00,0x00,
    0x00,0x3D,0x5D,0x19,0x35,0x32,0x1E,0x1E,0x3F,0x14,0x2C,0x30,0x2A,0x5C,0x24,0x19,
    0x14,0x11,0x10,0x0B,0x0A,0x0A,0x08,0x04,0x02,0x01,0x03,0x22,0x22,0x05,0x05,0x05,
    0x08,0x0A,0x10,0x11,0x46,0x6F,0x29,0x6A,0x65,0x51,0x2C,0x6D,0x3D,0x67,0x00,0x00,
    0x00,0x3D,0x5E,0x1F,0x40,0x35,0x1E,0x2A,0x2B,0x21,0x26,0x37,0x1E,0x72,0x2F,0x1F,
    0x19,0x11,0x10,0x0A,0x0A,0x0A,0x08,0x04,0x02,0x01,0x01,0x1D,0x22,0x0C,0x03,0x03,
    0x08,0x08,0x10,0x10,0x5C,0x67,0x46,0x69,0x62,0x51,0x26,0x62,0x56,0x32,0x67,0x00,
    0x00,0x3A,0x5C,0x2F,0x4F,0x35,0x1A,0x3A,0x16,0x2D,0x21,0x3D,0x2A,0x5C,0x46,0x23,
    0x1A,0x14,0x10,0x10,0x0A,0x0A,0x06,0x04,0x02,0x02,0x01,0x17,0x22,0x17,0x02,0x03,
    0x05,0x0A,0x10,0x13,0x6B,0x63,0x71,0x72,0x5D,0x51,0x26,0x50,0x6D,0x4C,0x2A,0x00,
    0x00,0x42,0x50,0x4C,0x4F,0x37,0x23,0x34,0x14,0x26,0x2D,0x33,0x42,0x72,0x52,0x29,
    0x1C,0x19,0x11,0x10,0x0B,0x0A,0x08,0x08,0x05,0x0C,0x02,0x0F,0x3C,0x22,0x03,0x02,
    0x08,0x0A,0x10,0x13,0x74,0x5F,0x72,0x72,0x6D,0x5D,0x26,0x50,0x6C,0x56,0x5E,0x00,
    0x00,0x4C,0x4C,0x5E,0x59,0x29,0x42,0x1B,0x1E,0x1E,0x38,0x24,0x5E,0x6D,0x7B,0x52,
    0x1F,0x19,0x11,0x10,0x10,0x0A,0x08,0x08,0x05,0x22,0x1B,0x1B,0x28,0x13,0x03,0x03,
    0x08,0x0B,0x0E,0x22,0x76,0x5F,0x56,0x62,0x6A,0x65,0x36,0x50,0x5E,0x6A,0x3D,0x00,
    0x00,0x5A,0x52,0x62,0x51,0x2B,0x5C,0x10,0x2C,0x23,0x3D,0x1C,0x6D,0x76,0x76,0x79,
    0x29,0x1C,0x16,0x10,0x10,0x0A,0x08,0x08,0x05,0x03,0x01,0x22,0x12,0x03,0x03,0x05,
    0x04,0x0E,0x10,0x3C,0x77,0x6D,0x34,0x51,0x44,0x3A,0x59,0x51,0x5E,0x67,0x3E,0x00,
    0x00,0x62,0x56,0x62,0x41,0x3F,0x50,0x14,0x21,0x35,0x32,0x3D,0x74,0x5A,0x6C,0x75,
    0x55,0x19,0x16,0x11,0x10,0x0A,0x0A,0x08,0x04,0x05,0x05,0x09,0x0C,0x22,0x17,0x12,
    0x08,0x0A,0x0E,0x52,0x77,0x71,0x5F,0x24,0x2D,0x19,0x46,0x62,0x5E,0x5E,0x50,0x00,
    0x00,0x63,0x56,0x56,0x3C,0x5C,0x2F,0x1E,0x2A,0x3D,0x33,0x72,0x63,0x2E,0x3D,0x6C,
    0x76,0x34,0x19,0x18,0x10,0x0E,0x0E,0x08,0x08,0x12,0x34,0x3A,0x34,0x6C,0x52,0x1B,
    0x08,0x08,0x22,0x34,0x74,0x76,0x63,0x56,0x24,0x12,0x4E,0x5E,0x59,0x59,0x5C,0x00,
    0x00,0x5F,0x41,0x4C,0x63,0x62,0x23,0x21,0x3F,0x3A,0x6C,0x6D,0x3E,0x24,0x24,0x4B,
    0x6C,0x6B,0x18,0x18,0x16,0x10,0x0E,0x0E,0x43,0x6C,0x52,0x28,0x34,0x2B,0x0E,0x08,
    0x08,0x0E,0x52,0x17,0x6F,0x74,0x5A,0x5E,0x2F,0x41,0x6F,0x65,0x59,0x50,0x67,0x00,
    0x00,0x32,0x50,0x6A,0x62,0x56,0x1A,0x3F,0x2B,0x3C,0x5F,0x5A,0x2E,0x1E,0x1A,0x2E,
    0x5A,0x6F,0x52,0x18,0x16,0x10,0x10,0x0E,0x12,0x13,0x18,0x19,0x18,0x29,0x19,0x05,
    0x04,0x3C,0x22,0x10,0x67,0x6F,0x5A,0x41,0x63,0x63,0x42,0x6D,0x59,0x5E,0x5F,0x00,
    0x00,0x6A,0x6D,0x62,0x62,0x37,0x21,0x56,0x63,0x4C,0x2A,0x34,0x4C,0x1A,0x1A,0x2A,
    0x38,0x63,0x7A,0x6B,0x18,0x13,0x0E,0x0E,0x0A,0x0E,0x2B,0x46,0x52,0x41,0x09,0x05,
    0x0F,0x52,0x07,0x10,0x5F,0x6F,0x56,0x6A,0x6F,0x42,0x2E,0x63,0x5E,0x6D,0x44,0x00,
    0x00,0x6C,0x69,0x65,0x62,0x2A,0x3A,0x5E,0x5D,0x74,0x63,0x44,0x34,0x3A,0x24,0x2A,
    0x2E,0x5A,0x74,0x79,0x4E,0x1B,0x13,0x0E,0x0C,0x08,0x0E,0x1B,0x1B,0x0C,0x05,0x05,
    0x28,0x1D,0x08,0x0E,0x52,0x6C,0x5E,0x6F,0x4B,0x38,0x2E,0x5A,0x65,0x72,0x56,0x00,
    0x00,0x5E,0x69,0x65,0x3D,0x1E,0x52,0x60,0x6F,0x63,0x5A,0x56,0x51,0x4B,0x2E,0x2E,
    0x38,0x4B,0x63,0x7A,0x2B,0x3F,0x34,0x17,0x12,0x0C,0x08,0x0A,0x05,0x05,0x05,0x0C,
    0x3C,0x08,0x09,0x0C,0x5C,0x62,0x63,0x5A,0x38,0x2E,0x2E,0x56,0x65,0x74,0x51,0x00,
    0x00,0x62,0x6D,0x50,0x21,0x2B,0x6C,0x60,0x72,0x5A,0x51,0x5A,0x56,0x44,0x42,0x2E,
    0x38,0x44,0x5A,0x76,0x34,0x24,0x2B,0x43,0x39,0x12,0x0C,0x0C,0x08,0x05,0x09,0x43,
    0x1B,0x08,0x09,0x17,0x63,0x51,0x6C,0x4B,0x2E,0x2E,0x5A,0x6F,0x6A,0x6C,0x67,0x00,
    0x00,0x64,0x5E,0x2A,0x2F,0x63,0x6D,0x6D,0x63,0x4B,0x2E,0x2E,0x5A,0x56,0x44,0x38,
    0x3E,0x3E,0x5A,0x6F,0x3A,0x24,0x24,0x23,0x29,0x46,0x28,0x17,0x12,0x1D,0x55,0x34,
    0x0C,0x0C,0x0C,0x34,0x5A,0x67,0x5A,0x42,0x5C,0x73,0x74,0x69,0x69,0x69,0x59,0x00,
    0x00,0x63,0x32,0x38,0x6A,0x65,0x72,0x74,0x5A,0x4B,0x2E,0x1A,0x38,0x4B,0x42,0x2E,
    0x3B,0x3E,0x5A,0x63,0x4C,0x24,0x23,0x1E,0x23,0x24,0x33,0x5F,0x5F,0x5F,0x29,0x0F,
    0x0C,0x0C,0x0F,0x5C,0x5A,0x63,0x5F,0x6C,0x70,0x78,0x7B,0x77,0x72,0x69,0x4C,0x00,
    0x00,0x37,0x56,0x62,0x62,0x64,0x6F,0x63,0x51,0x44,0x2E,0x1A,0x24,0x4B,0x3D,0x38,
    0x44,0x44,0x5A,0x5A,0x4C,0x24,0x23,0x23,0x1E,0x24,0x24,0x27,0x27,0x24,0x18,0x0E,
    0x0C,0x0C,0x1D,0x63,0x5A,0x4B,0x63,0x78,0x7A,0x78,0x78,0x7A,0x7A,0x77,0x3C,0x00,
    0x00,0x52,0x65,0x4F,0x60,0x65,0x72,0x4B,0x44,0x3E,0x1A,0x1A,0x1A,0x4B,0x38,0x3E,
    0x3E,0x4B,0x5A,0x67,0x52,0x29,0x23,0x23,0x23,0x27,0x27,0x24,0x29,0x24,0x17,0x0E,
    0x0E,0x0C,0x4E,0x5A,0x5A,0x5A,0x7B,0x7C,0x7A,0x78,0x78,0x7B,0x7B,0x75,0x52,0x00,
    0x00,0x7A,0x74,0x6D,0x69,0x69,0x74,0x63,0x5A,0x2E,0x1F,0x19,0x19,0x4B,0x38,0x3E,
    0x44,0x5A,0x63,0x74,0x52,0x2B,0x29,0x24,0x24,0x29,0x27,0x27,0x29,0x1F,0x12,0x0E,
    0x0C,0x17,0x67,0x5A,0x63,0x7B,0x7D,0x7B,0x79,0x78,0x79,0x7B,0x7A,0x79,0x5C,0x00,
    0x00,0x78,0x78,0x7B,0x7D,0x7B,0x7B,0x7D,0x7D,0x75,0x3C,0x19,0x19,0x38,0x42,0x3E,
    0x44,0x5A,0x6C,0x74,0x56,0x2F,0x2F,0x29,0x29,0x2F,0x2F,0x2F,0x2F,0x18,0x0C,0x0E,
    0x0E,0x39,0x63,0x5A,0x76,0x7D,0x7D,0x7D,0x78,0x78,0x7A,0x7B,0x7B,0x78,0x78,0x00,
    0x00,0x71,0x78,0x78,0x7A,0x7B,0x7B,0x7B,0x7A,0x7D,0x78,0x41,0x2B,0x42,0x3E,0x3E,
    0x4B,0x63,0x6F,0x6F,0x4E,0x1F,0x22,0x29,0x2B,0x29,0x22,0x24,0x22,0x13,0x0C,0x0C,
    0x12,0x5F,0x63,0x6F,0x7D,0x7B,0x7D,0x7D,0x79,0x78,0x7A,0x7A,0x7A,0x7A,0x7A,0x00,
    0x00,0x6E,0x76,0x77,0x78,0x79,0x78,0x7A,0x78,0x76,0x7B,0x74,0x3D,0x56,0x2E,0x44,
    0x5A,0x67,0x6F,0x6F,0x43,0x0C,0x0E,0x12,0x17,0x13,0x10,0x19,0x19,0x0E,0x0E,0x0C,
    0x20,0x67,0x6F,0x7B,0x7C,0x7B,0x7D,0x7B,0x78,0x79,0x7A,0x7A,0x7B,0x7A,0x7A,0x00,
    0x00,0x66,0x74,0x78,0x78,0x77,0x77,0x76,0x71,0x78,0x74,0x67,0x79,0x52,0x2E,0x44,
    0x63,0x6F,0x6F,0x6F,0x4E,0x0F,0x0E,0x0C,0x09,0x0C,0x16,0x1C,0x13,0x0E,0x0E,0x0C,
    0x41,0x67,0x77,0x7B,0x7B,0x7D,0x7D,0x7A,0x78,0x79,0x7A,0x7B,0x7B,0x7B,0x7B,0x00,
    0x00,0x52,0x66,0x73,0x75,0x73,0x6E,0x71,0x78,0x7A,0x7C,0x7D,0x78,0x74,0x2E,0x4B,
    0x63,0x6F,0x6C,0x2F,0x34,0x17,0x0C,0x0C,0x09,0x0C,0x18,0x18,0x0E,0x0C,0x0C,0x12,
    0x63,0x74,0x7B,0x7B,0x7B,0x7D,0x7D,0x79,0x79,0x7A,0x7A,0x7B,0x7D,0x7B,0x7A,0x00,
    0x00,0x57,0x57,0x5C,0x5F,0x66,0x6E,0x78,0x79,0x79,0x7C,0x77,0x7B,0x7B,0x42,0x51,
    0x63,0x6F,0x46,0x19,0x16,0x12,0x0C,0x0C,0x0C,0x0C,0x16,0x13,0x0C,0x0C,0x0C,0x1B,
    0x6F,0x7B,0x71,0x77,0x7B,0x7B,0x7D,0x78,0x78,0x7A,0x7B,0x7B,0x7D,0x7B,0x77,0x00,
    0x00,0x6E,0x5F,0x5F,0x6E,0x75,0x76,0x7B,0x79,0x79,0x77,0x6E,0x7A,0x78,0x56,0x4B,
    0x63,0x6F,0x29,0x16,0x0E,0x0C,0x0C,0x0C,0x08,0x0C,0x16,0x0E,0x0C,0x0C,0x0C,0x31,
    0x74,0x75,0x6B,0x66,0x79,0x7B,0x7B,0x78,0x78,0x78,0x79,0x7B,0x7D,0x7B,0x73,0x00,
    0x00,0x75,0x71,0x73,0x73,0x76,0x7B,0x79,0x79,0x7B,0x6E,0x75,0x79,0x77,0x5F,0x5A,
    0x67,0x29,0x22,0x2B,0x0E,0x09,0x09,0x09,0x0C,0x13,0x22,0x0C,0x0C,0x0C,0x1B,0x5F,
    0x76,0x70,0x73,0x66,0x7B,0x7B,0x78,0x78,0x78,0x78,0x78,0x7A,0x7B,0x78,0x6E,0x00,
    0x00,0x77,0x75,0x75,0x71,0x7B,0x7B,0x79,0x7A,0x77,0x70,0x7A,0x77,0x6B,0x6C,0x5A,
    0x6F,0x19,0x0E,0x13,0x28,0x17,0x08,0x0E,0x10,0x34,0x1B,0x0C,0x17,0x28,0x22,0x5F,
    0x79,0x66,0x6B,0x77,0x7B,0x7B,0x78,0x78,0x78,0x78,0x78,0x79,0x7B,0x70,0x66,0x00,
    0x00,0x77,0x73,0x71,0x75,0x7B,0x7A,0x7B,0x7C,0x6E,0x78,0x77,0x6E,0x66,0x71,0x5A,
    0x75,0x29,0x0E,0x0C,0x0C,0x12,0x08,0x0C,0x2B,0x31,0x1D,0x28,0x1D,0x13,0x12,0x70,
    0x70,0x66,0x77,0x78,0x79,0x79,0x78,0x78,0x79,0x78,0x78,0x7A,0x73,0x6E,0x6B,0x00,
    0x00,0x76,0x71,0x73,0x78,0x7C,0x7A,0x7D,0x75,0x75,0x77,0x70,0x61,0x39,0x70,0x6D,
    0x67,0x24,0x18,0x0C,0x08,0x08,0x04,0x0C,0x0C,0x12,0x22,0x08,0x0E,0x12,0x1F,0x79,
    0x71,0x66,0x77,0x70,0x6B,0x78,0x78,0x78,0x78,0x78,0x7A,0x78,0x6E,0x66,0x6F,0x00,
    0x00,0x75,0x73,0x75,0x7D,0x7C,0x7C,0x78,0x73,0x79,0x6E,0x49,0x70,0x54,0x61,0x63,
    0x24,0x19,0x16,0x0C,0x08,0x05,0x05,0x08,0x09,0x12,0x0C,0x08,0x0E,0x18,0x1F,0x7B,
    0x61,0x6B,0x61,0x39,0x73,0x78,0x78,0x78,0x78,0x79,0x78,0x73,0x6E,0x66,0x78,0x00,
    0x00,0x77,0x75,0x7A,0x7C,0x7A,0x7B,0x75,0x78,0x77,0x6E,0x31,0x25,0x49,0x70,0x24,
    0x0E,0x0C,0x09,0x05,0x08,0x05,0x05,0x08,0x08,0x08,0x08,0x08,0x10,0x11,0x1B,0x79,
    0x39,0x6B,0x47,0x47,0x73,0x78,0x78,0x78,0x79,0x77,0x75,0x7D,0x6E,0x6E,0x7A,0x00,
    0x00,0x77,0x75,0x7C,0x7A,0x7A,0x78,0x79,0x77,0x70,0x61,0x6B,0x71,0x52,0x19,0x0E,
    0x09,0x08,0x05,0x05,0x04,0x05,0x04,0x04,0x08,0x08,0x08,0x08,0x08,0x0E,0x18,0x75,
    0x31,0x1D,0x47,0x61,0x75,0x78,0x78,0x78,0x77,0x73,0x7B,0x7D,0x6E,0x78,0x78,0x00,
    0x00,0x78,0x78,0x7D,0x79,0x7A,0x77,0x77,0x73,0x6B,0x79,0x63,0x1F,0x11,0x0C,0x09,
    0x08,0x05,0x05,0x05,0x05,0x05,0x05,0x05,0x08,0x04,0x08,0x08,0x08,0x08,0x10,0x3F,
    0x73,0x61,0x25,0x6B,0x78,0x78,0x77,0x79,0x73,0x77,0x7C,0x7D,0x75,0x78,0x73,0x00,
    0x00,0x00,0x00,0x00,0x00,0x00,0x00,0x00,0x00,0x00,0x00,0x00,0x00,0x00,0x00,0x00,
    0x00,0x00,0x00,0x00,0x00,0x00,0x00,0x00,0x00,0x00,0x00,0x00,0x00,0x00,0x00,0x00,
    0x00,0x00,0x00,0x00,0x00,0x00,0x00,0x00,0x00,0x00,0x00,0x00,0x00,0x00,0x00,0x00,
    0x00,0x00,0x00,0x00,0x00,0x00,0x00,0x00,0x00,0x00,0x00,0x00,0x00,0x00,0x00,0x00,
    0x00,0x00,0x00,0x00,0x00,0x00,0x00,0x00,0x00,0x00,0x00,0x00,0x00,0x00,0x00,0x00,
    0x00,0x00,0x00,0x00,0x00,0x00,0x00,0x00,0x00,0x00,0x00,0x00,0x00,0x00,0x00,0x00,
    0x00,0x00,0x00,0x00,0x00,0x00,0x00,0x00,0x00,0x00,0x00,0x00,0x00,0x00,0x00,0x00,
    0x00,0x00,0x00,0x00,0x00,0x00,0x50,0x3F,0x39,0x3B,0x4A,0x00,0x00,0x00,0x00,0x00,
    0x00,0x00,0x00,0x00,0x00,0x00,0x00,0x00,0x00,0x00,0x00,0x00,0x00,0x00,0x00,0x00,
    0x00,0x00,0x00,0x00,0x00,0x00,0x00,0x00,0x00,0x00,0x00,0x00,0x00,0x00,0x00,0x00,
    0x00,0x00,0x00,0x00,0x00,0x47,0x5A,0x57,0x47,0x39,0x2A,0x41,0x78,0x7D,0x7D,0x00,
    0x00,0x00,0x00,0x00,0x00,0x00,0x00,0x00,0x00,0x00,0x00,0x00,0x00,0x00,0x00,0x00,
    0x00,0x00,0x00,0x00,0x00,0x00,0x00,0x00,0x00,0x00,0x00,0x00,0x00,0x00,0x00,0x00,
    0x00,0x00,0x00,0x00,0x5A,0x5F,0x5A,0x5C,0x57,0x4B,0x31,0x25,0x57,0x73,0x7B,0x64,
    0x00,0x00,0x00,0x00,0x00,0x00,0x00,0x00,0x00,0x00,0x00,0x00,0x00,0x00,0x00,0x00,
    0x00,0x00,0x00,0x00,0x00,0x00,0x00,0x00,0x00,0x00,0x00,0x00,0x00,0x00,0x00,0x00,
    0x00,0x00,0x00,0x64,0x5F,0x57,0x57,0x4A,0x5A,0x5A,0x5D,0x2B,0x41,0x71,0x7B,0x78,
    0x00,0x00,0x00,0x00,0x00,0x73,0x73,0x00,0x00,0x00,0x00,0x00,0x00,0x00,0x00,0x00,
    0x00,0x00,0x00,0x00,0x00,0x00,0x00,0x00,0x00,0x00,0x00,0x00,0x00,0x00,0x00,0x00,
    0x00,0x00,0x5E,0x71,0x6C,0x6C,0x6E,0x6C,0x73,0x7B,0x7B,0x67,0x54,0x64,0x78,0x78,
    0x5D,0x00,0x00,0x6E,0x63,0x63,0x6C,0x78,0x00,0x00,0x00,0x00,0x00,0x00,0x00,0x00,
    0x00,0x00,0x00,0x00,0x00,0x00,0x00,0x00,0x00,0x00,0x00,0x00,0x00,0x00,0x00,0x00,
    0x00,0x58,0x7D,0x71,0x6A,0x63,0x63,0x6E,0x72,0x72,0x7B,0x7B,0x7B,0x71,0x73,0x7B,
    0x6C,0x6C,0x7C,0x64,0x5C,0x53,0x53,0x64,0x7C,0x00,0x00,0x00,0x00,0x00,0x00,0x00,
    0x00,0x00,0x00,0x00,0x00,0x00,0x00,0x00,0x00,0x00,0x00,0x00,0x00,0x00,0x00,0x00,
    0x5E,0x7D,0x5A,0x53,0x5F,0x6A,0x6A,0x63,0x5F,0x6E,0x78,0x7B,0x78,0x7B,0x78,0x78,
    0x72,0x72,0x78,0x78,0x7B,0x71,0x5F,0x59,0x6E,0x71,0x00,0x00,0x00,0x00,0x00,0x00,
    0x00,0x00,0x00,0x00,0x00,0x00,0x00,0x00,0x00,0x00,0x00,0x00,0x00,0x00,0x00,0x6D,
    0x78,0x57,0x4F,0x4F,0x4F,0x5C,0x63,0x63,0x5C,0x6A,0x6E,0x78,0x7B,0x78,0x72,0x72,
    0x78,0x78,0x78,0x72,0x72,0x78,0x7B,0x6C,0x5C,0x72,0x00,0x00,0x00,0x00,0x00,0x00,
    0x00,0x00,0x00,0x00,0x00,0x00,0x00,0x00,0x00,0x00,0x00,0x00,0x00,0x00,0x5B,0x4A,
    0x36,0x36,0x41,0x41,0x45,0x45,0x4F,0x4F,0x63,0x63,0x63,0x6E,0x72,0x6E,0x72,0x72,
    0x7B,0x78,0x78,0x78,0x6E,0x6F,0x78,0x7B,0x71,0x63,0x00,0x00,0x00,0x00,0x00,0x00,
    0x00,0x00,0x00,0x00,0x00,0x00,0x00,0x00,0x00,0x00,0x00,0x00,0x00,0x51,0x31,0x25,
    0x2F,0x36,0x34,0x3B,0x4F,0x59,0x59,0x5C,0x63,0x5F,0x63,0x72,0x72,0x71,0x72,0x72,
    0x78,0x7B,0x78,0x78,0x6F,0x6E,0x72,0x72,0x78,0x6E,0x6C,0x00,0x00,0x00,0x00,0x00,
    0x00,0x00,0x00,0x00,0x00,0x00,0x00,0x00,0x00,0x00,0x00,0x00,0x42,0x2F,0x1B,0x2A,
    0x36,0x31,0x41,0x50,0x45,0x45,0x45,0x59,0x59,0x53,0x63,0x6E,0x78,0x72,0x6E,0x72,
    0x78,0x78,0x78,0x72,0x71,0x6E,0x72,0x72,0x72,0x72,0x78,0x00,0x00,0x00,0x00,0x00,
    0x00,0x00,0x00,0x00,0x00,0x00,0x00,0x00,0x00,0x00,0x00,0x00,0x34,0x18,0x23,0x31,
    0x36,0x47,0x3B,0x2F,0x36,0x4F,0x59,0x59,0x4F,0x59,0x6A,0x72,0x7B,0x6F,0x72,0x71,
    0x72,0x78,0x7B,0x72,0x6E,0x6E,0x71,0x72,0x72,0x6A,0x78,0x00,0x00,0x00,0x00,0x00,
    0x00,0x00,0x00,0x00,0x00,0x00,0x00,0x00,0x00,0x00,0x00,0x3F,0x1B,0x2A,0x31,0x39,
    0x39,0x27,0x2A,0x3B,0x4F,0x4F,0x4F,0x4F,0x59,0x6A,0x6F,0x71,0x78,0x6C,0x72,0x5F,
    0x78,0x78,0x7B,0x72,0x6A,0x6A,0x6A,0x6E,0x6F,0x6A,0x6A,0x71,0x00,0x00,0x00,0x00,
    0x00,0x00,0x00,0x00,0x00,0x00,0x00,0x00,0x00,0x00,0x00,0x25,0x31,0x36,0x3F,0x39,
    0x0F,0x18,0x42,0x5C,0x3F,0x36,0x4A,0x59,0x6A,0x71,0x6A,0x71,0x6C,0x6E,0x64,0x5C,
    0x78,0x72,0x7B,0x72,0x6A,0x63,0x5F,0x5F,0x6A,0x6A,0x5C,0x71,0x00,0x00,0x00,0x00,
    0x00,0x00,0x00,0x00,0x00,0x00,0x00,0x00,0x00,0x00,0x3F,0x25,0x53,0x4A,0x47,0x11,
    0x13,0x3F,0x42,0x34,0x34,0x50,0x4F,0x6A,0x6E,0x63,0x64,0x5F,0x64,0x6F,0x53,0x5F,
    0x72,0x6F,0x78,0x78,0x63,0x63,0x5C,0x5C,0x5C,0x63,0x59,0x63,0x00,0x00,0x00,0x00,
    0x00,0x00,0x00,0x00,0x00,0x00,0x00,0x00,0x00,0x00,0x39,0x3F,0x5C,0x54,0x27,0x0B,
    0x39,0x49,0x25,0x2B,0x54,0x45,0x5C,0x5D,0x5F,0x71,0x50,0x64,0x6C,0x6A,0x4A,0x63,
    0x72,0x6E,0x78,0x7B,0x63,0x5F,0x5C,0x53,0x5C,0x5C,0x59,0x5C,0x6E,0x00,0x00,0x00,
    0x00,0x00,0x00,0x00,0x00,0x00,0x00,0x00,0x00,0x00,0x3B,0x5C,0x50,0x3F,0x10,0x27,
    0x50,0x17,0x16,0x55,0x2B,0x36,0x49,0x51,0x71,0x5A,0x45,0x71,0x71,0x64,0x45,0x5F,
    0x6E,0x6E,0x78,0x7B,0x6E,0x5C,0x5C,0x4F,0x4A,0x4A,0x4A,0x53,0x63,0x00,0x00,0x00,
    0x00,0x00,0x00,0x00,0x00,0x00,0x00,0x00,0x00,0x00,0x47,0x5C,0x54,0x27,0x1B,0x4A,
    0x3A,0x09,0x3C,0x40,0x27,0x3C,0x3C,0x64,0x36,0x3F,0x3F,0x78,0x6C,0x63,0x3B,0x5C,
    0x6E,0x6E,0x72,0x78,0x72,0x5F,0x5C,0x53,0x45,0x41,0x41,0x41,0x63,0x00,0x00,0x00,
    0x00,0x00,0x00,0x00,0x00,0x00,0x00,0x00,0x00,0x00,0x5C,0x5F,0x42,0x1B,0x31,0x62,
    0x1D,0x17,0x6D,0x37,0x3C,0x3A,0x54,0x2D,0x25,0x37,0x49,0x6B,0x64,0x5F,0x36,0x5C,
    0x6A,0x63,0x6C,0x71,0x71,0x6A,0x53,0x5A,0x4A,0x41,0x3B,0x41,0x57,0x6E,0x00,0x00,
    0x00,0x00,0x00,0x00,0x00,0x00,0x00,0x00,0x00,0x5B,0x5C,0x63,0x31,0x23,0x57,0x60,
    0x19,0x3C,0x67,0x49,0x43,0x54,0x2A,0x15,0x34,0x49,0x67,0x42,0x62,0x64,0x2F,0x50,
    0x63,0x5C,0x6A,0x71,0x64,0x78,0x5C,0x4F,0x54,0x3B,0x41,0x36,0x4A,0x6A,0x00,0x00,
    0x00,0x00,0x00,0x00,0x00,0x00,0x00,0x00,0x00,0x62,0x5C,0x62,0x2A,0x34,0x71,0x3C,
    0x42,0x71,0x55,0x5B,0x5B,0x2F,0x12,0x2B,0x6C,0x6C,0x42,0x34,0x54,0x6A,0x2F,0x41,
    0x63,0x4A,0x5F,0x71,0x5F,0x71,0x64,0x45,0x50,0x4A,0x3B,0x36,0x4A,0x63,0x00,0x00,
    0x00,0x00,0x00,0x00,0x00,0x00,0x00,0x00,0x00,0x60,0x63,0x49,0x2A,0x5A,0x54,0x39,
    0x6A,0x60,0x55,0x71,0x4B,0x30,0x37,0x67,0x51,0x37,0x2D,0x2D,0x51,0x6F,0x2F,0x36,
    0x5C,0x3B,0x50,0x71,0x5D,0x63,0x72,0x53,0x4A,0x5A,0x41,0x3B,0x41,0x6A,0x00,0x00,
    0x00,0x00,0x00,0x00,0x00,0x00,0x00,0x00,0x00,0x6B,0x6A,0x39,0x34,0x73,0x3F,0x3B,
    0x6E,0x49,0x60,0x54,0x27,0x27,0x42,0x52,0x42,0x31,0x2A,0x2D,0x42,0x78,0x34,0x2F,
    0x4F,0x36,0x3B,0x6F,0x5D,0x5C,0x6C,0x64,0x45,0x50,0x54,0x36,0x41,0x64,0x00,0x00,
    0x00,0x00,0x00,0x00,0x00,0x00,0x00,0x00,0x00,0x71,0x64,0x34,0x47,0x7C,0x31,0x34,
    0x6E,0x49,0x6B,0x39,0x12,0x0F,0x2B,0x66,0x77,0x73,0x51,0x36,0x39,0x6C,0x42,0x2A,
    0x41,0x39,0x2A,0x5A,0x64,0x57,0x5A,0x71,0x53,0x41,0x5D,0x41,0x3B,0x5C,0x63,0x00,
    0x00,0x00,0x00,0x00,0x00,0x00,0x00,0x00,0x00,0x71,0x62,0x34,0x63,0x7B,0x2A,0x27,
    0x64,0x51,0x5D,0x2E,0x2B,0x35,0x5E,0x67,0x42,0x51,0x6D,0x6D,0x3B,0x42,0x5E,0x25,
    0x3B,0x3F,0x2A,0x3F,0x6A,0x4A,0x5A,0x6C,0x6C,0x4A,0x50,0x5A,0x3B,0x57,0x6A,0x00,
    0x00,0x00,0x00,0x00,0x00,0x00,0x00,0x00,0x00,0x67,0x64,0x3B,0x73,0x7B,0x4E,0x26,
    0x51,0x62,0x60,0x5E,0x73,0x7B,0x6D,0x4D,0x4D,0x51,0x67,0x47,0x34,0x2F,0x7C,0x3A,
    0x2D,0x3B,0x2B,0x2F,0x64,0x4A,0x50,0x64,0x71,0x5C,0x4A,0x62,0x41,0x57,0x63,0x00,
    0x00,0x00,0x00,0x78,0x00,0x00,0x00,0x00,0x00,0x62,0x6B,0x47,0x78,0x5E,0x60,0x5B,
    0x3C,0x6D,0x60,0x51,0x54,0x43,0x48,0x32,0x14,0x3A,0x50,0x2F,0x23,0x23,0x51,0x7C,
    0x3C,0x2F,0x27,0x25,0x47,0x5C,0x36,0x5D,0x6E,0x6F,0x4A,0x5A,0x5A,0x5F,0x5F,0x00,
    0x00,0x00,0x78,0x00,0x00,0x00,0x00,0x00,0x00,0x78,0x71,0x54,0x78,0x71,0x67,0x66,
    0x35,0x37,0x42,0x2D,0x37,0x3E,0x35,0x32,0x3A,0x54,0x37,0x1F,0x1B,0x1B,0x31,0x7C,
    0x71,0x42,0x21,0x17,0x34,0x5D,0x36,0x3B,0x6C,0x71,0x5D,0x57,0x64,0x64,0x5C,0x00,
    0x00,0x00,0x73,0x00,0x00,0x00,0x00,0x00,0x78,0x7B,0x64,0x5D,0x73,0x78,0x5B,0x3A,
    0x35,0x27,0x42,0x3F,0x34,0x2B,0x1E,0x25,0x2A,0x1E,0x12,0x12,0x16,0x1B,0x2A,0x71,
    0x5D,0x78,0x3F,0x0F,0x27,0x4B,0x50,0x2D,0x47,0x71,0x71,0x5A,0x64,0x6C,0x5C,0x00,
    0x00,0x00,0x78,0x78,0x00,0x00,0x00,0x78,0x73,0x78,0x62,0x60,0x6B,0x71,0x60,0x37,
    0x37,0x18,0x35,0x2B,0x27,0x1C,0x10,0x10,0x0F,0x0F,0x10,0x12,0x18,0x1B,0x23,0x6C,
    0x50,0x78,0x71,0x2B,0x17,0x39,0x5A,0x34,0x31,0x5F,0x78,0x64,0x64,0x6F,0x5D,0x00,
    0x00,0x00,0x00,0x78,0x78,0x78,0x78,0x78,0x00,0x6E,0x5F,0x5E,0x54,0x71,0x39,0x27,
    0x2F,0x10,0x21,0x21,0x0F,0x10,0x0F,0x0F,0x0F,0x0F,0x21,0x27,0x18,0x1B,0x2D,0x71,
    0x54,0x6C,0x78,0x55,0x17,0x30,0x4B,0x47,0x2F,0x3F,0x71,0x72,0x6C,0x71,0x5F,0x00,
    0x00,0x00,0x00,0x00,0x78,0x78,0x78,0x00,0x00,0x72,0x64,0x51,0x4B,0x6B,0x30,0x30,
    0x2A,0x10,0x10,0x21,0x0F,0x0F,0x0F,0x0F,0x0F,0x21,0x37,0x35,0x21,0x1B,0x36,0x62,
    0x51,0x64,0x71,0x7C,0x30,0x2B,0x42,0x45,0x47,0x2F,0x54,0x78,0x71,0x71,0x64,0x00,
    0x00,0x00,0x00,0x00,0x00,0x00,0x00,0x00,0x00,0x72,0x6A,0x52,0x42,0x64,0x35,0x37,
    0x21,0x0F,0x0F,0x0F,0x19,0x13,0x0F,0x0F,0x10,0x42,0x21,0x16,0x1F,0x1F,0x5A,0x49,
    0x5B,0x63,0x71,0x7D,0x42,0x2B,0x60,0x47,0x53,0x39,0x36,0x64,0x78,0x71,0x64,0x00,
    0x00,0x00,0x00,0x00,0x00,0x00,0x00,0x00,0x5B,0x72,0x6A,0x54,0x51,0x62,0x3C,0x2E,
    0x10,0x0F,0x0F,0x0F,0x0F,0x0F,0x0F,0x0F,0x19,0x55,0x1C,0x18,0x1B,0x36,0x54,0x37,
    0x6A,0x5A,0x6B,0x7D,0x6B,0x31,0x60,0x5D,0x47,0x4F,0x34,0x47,0x78,0x78,0x64,0x00,
    0x00,0x00,0x00,0x00,0x00,0x00,0x00,0x00,0x71,0x6E,0x64,0x5A,0x55,0x71,0x35,0x35,
    0x27,0x19,0x21,0x0F,0x0F,0x0F,0x0F,0x0F,0x21,0x5E,0x2E,0x1E,0x34,0x4B,0x2E,0x4D,
    0x5C,0x5D,0x71,0x7D,0x78,0x31,0x51,0x7D,0x50,0x53,0x47,0x3B,0x6C,0x7B,0x6C,0x00,
    0x00,0x00,0x00,0x00,0x00,0x00,0x00,0x00,0x78,0x72,0x64,0x63,0x4D,0x5E,0x3C,0x17,
    0x27,0x10,0x0F,0x0F,0x10,0x10,0x10,0x10,0x15,0x3E,0x67,0x5A,0x4A,0x37,0x60,0x63,
    0x5C,0x6C,0x7B,0x7B,0x7B,0x31,0x47,0x7B,0x71,0x47,0x57,0x3B,0x57,0x7B,0x6C,0x00,
    0x00,0x00,0x00,0x00,0x00,0x00,0x00,0x00,0x7C,0x78,0x5A,0x64,0x3F,0x49,0x3F,0x25,
    0x15,0x10,0x13,0x0F,0x10,0x10,0x10,0x10,0x13,0x27,0x42,0x67,0x71,0x71,0x73,0x50,
    0x64,0x6C,0x7C,0x7B,0x7B,0x34,0x3F,0x63,0x7B,0x5A,0x53,0x4F,0x47,0x78,0x6C,0x00,
    0x00,0x00,0x00,0x00,0x00,0x00,0x00,0x5E,0x64,0x6C,0x5A,0x64,0x41,0x64,0x5B,0x2A,
    0x32,0x2E,0x27,0x17,0x13,0x10,0x10,0x12,0x15,0x1B,0x2B,0x34,0x39,0x3F,0x57,0x6C,
    0x5D,0x71,0x7B,0x7C,0x73,0x2E,0x47,0x53,0x6C,0x78,0x50,0x5C,0x4A,0x6C,0x71,0x00,
    0x00,0x00,0x00,0x00,0x00,0x00,0x60,0x5D,0x47,0x5A,0x5A,0x5A,0x50,0x6A,0x63,0x3B,
    0x34,0x3C,0x35,0x35,0x3C,0x55,0x27,0x12,0x15,0x1B,0x31,0x34,0x3F,0x5D,0x6B,0x62,
    0x64,0x7B,0x7B,0x7C,0x54,0x30,0x64,0x59,0x59,0x78,0x62,0x50,0x59,0x64,0x78,0x00,
    0x00,0x00,0x00,0x00,0x00,0x54,0x6E,0x5A,0x39,0x4B,0x54,0x47,0x5D,0x6E,0x57,0x71,
    0x2A,0x26,0x1C,0x21,0x21,0x21,0x1C,0x16,0x18,0x1B,0x2A,0x42,0x5B,0x51,0x54,0x50,
    0x6A,0x72,0x7C,0x78,0x35,0x42,0x7C,0x5C,0x4A,0x6F,0x78,0x50,0x5C,0x6C,0x78,0x00,
    0x00,0x00,0x00,0x00,0x57,0x5F,0x72,0x54,0x3F,0x4B,0x54,0x3F,0x78,0x54,0x4B,0x71,
    0x2E,0x42,0x43,0x43,0x2C,0x13,0x12,0x16,0x18,0x1B,0x25,0x31,0x34,0x39,0x54,0x54,
    0x6E,0x71,0x7D,0x55,0x2E,0x71,0x7B,0x63,0x4A,0x5F,0x78,0x6B,0x5C,0x6F,0x78,0x00,
    0x00,0x00,0x00,0x00,0x5A,0x78,0x72,0x60,0x57,0x49,0x50,0x62,0x72,0x47,0x6C,0x71,
    0x35,0x2E,0x37,0x2E,0x21,0x12,0x15,0x18,0x1B,0x25,0x2A,0x2D,0x2F,0x42,0x41,0x63,
    0x63,0x7B,0x7C,0x3E,0x4D,0x7D,0x78,0x6E,0x4F,0x5A,0x64,0x7B,0x6A,0x6E,0x7B,0x00,
    0x00,0x00,0x00,0x5A,0x71,0x78,0x64,0x6C,0x54,0x47,0x51,0x71,0x50,0x5A,0x7B,0x72,
    0x35,0x21,0x21,0x21,0x16,0x16,0x16,0x1E,0x25,0x25,0x2D,0x2F,0x39,0x4A,0x4B,0x63,
    0x72,0x7C,0x6B,0x49,0x7B,0x78,0x5D,0x72,0x59,0x5C,0x5F,0x7B,0x7B,0x6E,0x78,0x00,
    0x00,0x00,0x00,0x64,0x71,0x54,0x59,0x71,0x51,0x4B,0x5D,0x53,0x57,0x78,0x78,0x78,
    0x35,0x1C,0x16,0x16,0x17,0x16,0x18,0x25,0x2A,0x2F,0x31,0x34,0x47,0x4A,0x64,0x71,
    0x7C,0x71,0x55,0x71,0x7D,0x5F,0x47,0x71,0x5C,0x59,0x5F,0x78,0x73,0x71,0x78,0x00,
    0x00,0x00,0x71,0x7C,0x62,0x4A,0x5C,0x60,0x47,0x54,0x6B,0x5D,0x78,0x72,0x72,0x7C,
    0x3A,0x15,0x19,0x16,0x16,0x18,0x27,0x2F,0x34,0x34,0x34,0x39,0x4B,0x51,0x72,0x7B,
    0x67,0x5E,0x71,0x7B,0x7C,0x50,0x51,0x78,0x63,0x5C,0x5F,0x6F,0x78,0x71,0x78,0x00,
    0x00,0x00,0x71,0x7D,0x3F,0x31,0x5C,0x5B,0x5A,0x73,0x73,0x7C,0x72,0x78,0x72,0x7C,
    0x43,0x19,0x1C,0x1C,0x1E,0x2A,0x31,0x34,0x39,0x3B,0x3B,0x3F,0x55,0x6A,0x78,0x7B,
    0x71,0x78,0x7B,0x7C,0x6E,0x47,0x6B,0x7C,0x6A,0x5F,0x5A,0x6C,0x78,0x6D,0x71,0x00,
    0x00,0x00,0x00,0x73,0x3C,0x2D,0x5A,0x71,0x78,0x7B,0x7B,0x72,0x72,0x72,0x72,0x7C,
    0x5E,0x2E,0x2B,0x2B,0x31,0x3C,0x3F,0x42,0x42,0x42,0x3F,0x3F,0x5B,0x72,0x7B,0x78,
    0x78,0x78,0x7B,0x78,0x4A,0x54,0x7B,0x7B,0x6A,0x63,0x54,0x64,0x78,0x73,0x6B,0x00,
    0x00,0x00,0x00,0x4E,0x6D,0x4B,0x5D,0x7B,0x67,0x71,0x78,0x6E,0x78,0x72,0x78,0x7B,
    0x7D,0x51,0x3C,0x49,0x4D,0x51,0x55,0x4D,0x42,0x42,0x3B,0x42,0x62,0x7C,0x78,0x78,
    0x78,0x78,0x7C,0x62,0x47,0x73,0x7B,0x78,0x6A,0x63,0x50,0x73,0x71,0x7B,0x64,0x00,
    0x00,0x00,0x3A,0x78,0x78,0x60,0x71,0x67,0x5E,0x7C,0x72,0x72,0x78,0x72,0x7B,0x7B,
    0x7B,0x7B,0x6D,0x66,0x5E,0x30,0x2B,0x2A,0x2A,0x31,0x37,0x47,0x78,0x78,0x78,0x7B,
    0x78,0x7C,0x71,0x47,0x6B,0x7D,0x7B,0x78,0x6E,0x63,0x5A,0x7B,0x78,0x7B,0x6B,0x00,
    0x00,0x6D,0x7C,0x72,0x64,0x71,0x6B,0x67,0x7B,0x7C,0x72,0x78,0x72,0x78,0x7B,0x7B,
    0x7B,0x7D,0x7D,0x7D,0x7B,0x32,0x16,0x1E,0x1E,0x25,0x31,0x4B,0x7C,0x64,0x6A,0x78,
    0x78,0x7C,0x4B,0x54,0x7B,0x73,0x7B,0x71,0x72,0x5A,0x62,0x7B,0x78,0x7B,0x71,0x00,
    0x00,0x7C,0x78,0x5F,0x63,0x7D,0x4B,0x6D,0x7D,0x78,0x72,0x78,0x71,0x7B,0x7B,0x7B,
    0x7C,0x7D,0x7D,0x7B,0x7D,0x35,0x15,0x1C,0x25,0x1E,0x2A,0x4B,0x78,0x53,0x5C,0x6A,
    0x7D,0x54,0x47,0x7C,0x67,0x6D,0x7B,0x6F,0x4A,0x47,0x78,0x72,0x78,0x7B,0x7B,0x00,
    0x00,0x52,0x6D,0x73,0x7B,0x7B,0x49,0x78,0x7C,0x72,0x78,0x6B,0x72,0x7B,0x7B,0x7D,
    0x7B,0x52,0x40,0x6D,0x7B,0x2B,0x16,0x21,0x25,0x21,0x2A,0x4B,0x78,0x5C,0x53,0x78,
    0x6B,0x47,0x71,0x7B,0x4E,0x73,0x71,0x5A,0x31,0x54,0x7B,0x78,0x7B,0x78,0x7B,0x00,
    0x00,0x52,0x4E,0x43,0x71,0x71,0x51,0x7B,0x78,0x72,0x71,0x5B,0x72,0x7C,0x7D,0x5E,
    0x2C,0x11,0x28,0x6D,0x51,0x18,0x1C,0x2B,0x1E,0x21,0x2A,0x51,0x78,0x5C,0x5F,0x7B,
    0x51,0x54,0x7D,0x5E,0x5E,0x78,0x64,0x47,0x3B,0x78,0x7C,0x7B,0x7B,0x78,0x7B,0x00,
    0x00,0x3A,0x4E,0x51,0x71,0x6B,0x51,0x7D,0x78,0x72,0x72,0x6B,0x72,0x7B,0x40,0x20,
    0x0D,0x0C,0x28,0x66,0x3C,0x1E,0x2B,0x2B,0x16,0x21,0x30,0x5D,0x71,0x6E,0x78,0x71,
    0x51,0x71,0x77,0x5E,0x73,0x64,0x64,0x50,0x62,0x7C,0x7B,0x6D,0x7B,0x71,0x78,0x00,
    0x00,0x33,0x3E,0x5D,0x73,0x6C,0x51,0x7B,0x78,0x72,0x60,0x64,0x62,0x38,0x1A,0x0E,
    0x0B,0x0B,0x24,0x6D,0x3C,0x30,0x39,0x27,0x16,0x1E,0x30,0x64,0x71,0x72,0x7B,0x64,
    0x5B,0x73,0x78,0x6B,0x6C,0x64,0x72,0x72,0x7C,0x78,0x52,0x58,0x7A,0x6E,0x78,0x00,
    0x00,0x38,0x43,0x51,0x78,0x72,0x47,0x73,0x7B,0x60,0x5D,0x5B,0x32,0x1A,0x0E,0x0B,
    0x0B,0x1A,0x3A,0x73,0x3C,0x31,0x39,0x1C,0x16,0x19,0x2F,0x6B,0x78,0x7B,0x7B,0x54,
    0x71,0x6D,0x73,0x6E,0x6C,0x6A,0x6A,0x7C,0x71,0x43,0x3A,0x58,0x77,0x6A,0x78,0x00,
    0x00,0x3A,0x5B,0x5D,0x7C,0x78,0x5D,0x51,0x71,0x5D,0x52,0x28,0x20,0x0E,0x0B,0x0A,
    0x1A,0x48,0x58,0x66,0x3C,0x27,0x31,0x15,0x16,0x15,0x31,0x6C,0x7B,0x7B,0x6B,0x54,
    0x7D,0x6D,0x55,0x5D,0x5C,0x63,0x49,0x40,0x3A,0x33,0x38,0x58,0x7A,0x6A,0x78,0x00,
    0x00,0x4D,0x73,0x71,0x7B,0x71,0x72,0x5A,0x51,0x43,0x28,0x1A,0x0E,0x0B,0x0A,0x14,
    0x40,0x4E,0x40,0x6D,0x30,0x2B,0x2B,0x10,0x17,0x27,0x55,0x62,0x78,0x7D,0x51,0x60,
    0x73,0x3E,0x3A,0x3E,0x3C,0x33,0x20,0x26,0x2C,0x32,0x33,0x48,0x7A,0x6F,0x78,0x00,
    0x00,0x51,0x6C,0x71,0x78,0x78,0x6A,0x49,0x3C,0x24,0x14,0x0B,0x0A,0x0A,0x11,0x3A,
    0x4E,0x40,0x4E,0x51,0x1C,0x2E,0x21,0x26,0x3C,0x6B,0x6E,0x62,0x78,0x7D,0x55,0x73,
    0x40,0x3A,0x3A,0x2C,0x1D,0x11,0x0D,0x1A,0x2C,0x33,0x32,0x40,0x70,0x78,0x7B,0x00,
    0x00,0x55,0x64,0x5C,0x63,0x67,0x43,0x3A,0x20,0x14,0x0B,0x0A,0x0A,0x0B,0x32,0x58,
    0x48,0x40,0x43,0x1C,0x10,0x27,0x35,0x4D,0x6B,0x6B,0x5B,0x62,0x78,0x7C,0x67,0x4E,
    0x33,0x3E,0x3E,0x33,0x20,0x11,0x0D,0x14,0x2C,0x32,0x32,0x38,0x65,0x77,0x7C,0x00,
    0x00,0x38,0x4E,0x55,0x55,0x43,0x43,0x20,0x11,0x0B,0x0A,0x0A,0x0A,0x28,0x3F,0x37,
    0x51,0x43,0x21,0x10,0x12,0x12,0x2A,0x35,0x2E,0x1C,0x35,0x6C,0x7B,0x73,0x6D,0x40,
    0x38,0x3A,0x3A,0x32,0x22,0x11,0x0D,0x11,0x22,0x32,0x32,0x33,0x65,0x7A,0x7C,0x00,
    0x00,0x38,0x3A,0x3A,0x40,0x4E,0x22,0x0E,0x0B,0x0A,0x0A,0x09,0x14,0x3C,0x1B,0x15,
    0x1C,0x18,0x12,0x18,0x1F,0x1F,0x1B,0x10,0x0F,0x10,0x30,0x64,0x7B,0x6D,0x43,0x55,
    0x38,0x3A,0x3E,0x3A,0x26,0x11,0x0D,0x0E,0x1D,0x38,0x44,0x44,0x56,0x75,0x6C,0x00,
    0x00,0x40,0x3A,0x3A,0x43,0x28,0x0E,0x0C,0x09,0x0A,0x09,0x0B,0x33,0x2A,0x10,0x12,
    0x12,0x12,0x12,0x16,0x25,0x25,0x16,0x12,0x12,0x13,0x25,0x39,0x78,0x5E,0x38,0x52,
    0x52,0x40,0x4E,0x38,0x1D,0x0C,0x14,0x29,0x44,0x44,0x4C,0x4E,0x69,0x7B,0x4B,0x00,
    0x00,0x4E,0x38,0x40,0x33,0x0C,0x0C,0x0A,0x0A,0x09,0x0A,0x1A,0x3E,0x1E,0x12,0x15,
    0x15,0x12,0x12,0x12,0x12,0x16,0x12,0x10,0x10,0x10,0x18,0x2B,0x67,0x73,0x4E,0x3A,
    0x4E,0x55,0x43,0x1D,0x0E,0x29,0x3D,0x4C,0x56,0x58,0x3B,0x34,0x6F,0x5F,0x51,0x00,
    0x00,0x68,0x4E,0x3A,0x0C,0x0B,0x0A,0x0A,0x09,0x09,0x0C,0x32,0x5B,0x21,0x15,0x15,
    0x15,0x12,0x12,0x15,0x21,0x2B,0x21,0x16,0x10,0x10,0x10,0x21,0x52,0x73,0x6D,0x4E,
    0x3E,0x3A,0x2C,0x1A,0x3D,0x4C,0x4C,0x7A,0x71,0x41,0x2D,0x3B,0x71,0x54,0x7B,0x00,
    0x00,0x70,0x58,0x0E,0x08,0x09,0x0A,0x0A,0x09,0x09,0x1A,0x5E,0x5B,0x25,0x16,0x15,
    0x15,0x15,0x12,0x21,0x34,0x34,0x34,0x31,0x2B,0x17,0x19,0x2C,0x32,0x52,0x52,0x52,
    0x40,0x28,0x38,0x56,0x4C,0x69,0x7B,0x7D,0x71,0x41,0x2D,0x5A,0x5A,0x67,0x7B,0x00,
    0x00,0x66,0x1D,0x22,0x38,0x1A,0x09,0x0A,0x0A,0x0B,0x32,0x6D,0x36,0x25,0x15,0x15,
    0x17,0x15,0x16,0x1F,0x23,0x23,0x23,0x23,0x2D,0x39,0x32,0x14,0x3A,0x43,0x3E,0x38,
    0x32,0x3D,0x65,0x70,0x77,0x7D,0x7D,0x7B,0x6B,0x41,0x36,0x5D,0x52,0x7B,0x7A,0x00,
    0x00,0x32,0x28,0x33,0x43,0x66,0x11,0x09,0x0A,0x0E,0x40,0x3F,0x25,0x1B,0x16,0x16,
    0x16,0x16,0x16,0x18,0x18,0x1B,0x1B,0x1B,0x2A,0x30,0x11,0x22,0x4E,0x40,0x3E,0x40,
    0x46,0x70,0x75,0x7C,0x7D,0x7B,0x7B,0x7B,0x5E,0x53,0x5C,0x52,0x6D,0x7A,0x7A,0x00,
    0x00,0x38,0x40,0x46,0x58,0x5E,0x22,0x08,0x0A,0x20,0x52,0x2D,0x1B,0x16,0x16,0x16,
    0x16,0x16,0x18,0x16,0x15,0x12,0x12,0x21,0x27,0x0D,0x11,0x48,0x4E,0x3E,0x46,0x70,
    0x70,0x77,0x7D,0x7B,0x7B,0x7B,0x7B,0x7B,0x5B,0x63,0x60,0x5E,0x77,0x75,0x7A,0x00,
    0x00,0x66,0x7B,0x70,0x4E,0x4E,0x20,0x08,0x0C,0x32,0x49,0x23,0x18,0x15,0x15,0x18,
    0x1E,0x1B,0x1B,0x1B,0x18,0x15,0x21,0x20,0x0B,0x0C,0x38,0x52,0x43,0x61,0x68,0x75,
    0x7B,0x7D,0x7B,0x7A,0x7A,0x7A,0x7A,0x7B,0x5E,0x54,0x52,0x7B,0x7A,0x70,0x70,0x00,
    0x00,0x00,0x00,0x00,0x00,0x00,0x00,0x00,0x00,0x00,0x00,0x00,0x00,0x00,0x00,0x00,
    0x00,0x00,0x00,0x00,0x00,0x00,0x00,0x00,0x00,0x00,0x00,0x00,0x00,0x00,0x00,0x00,
    0x00,0x00,0x00,0x00,0x00,0x00,0x00,0x00,0x00,0x00,0x00,0x00,0x00,0x00,0x00,0x00,
};
u8 D_8018A1B4[] = {
    0x29,0x2A,0x24,0x25,0x66,0x20,0x65,0x68,0x0F,0xF6,0x31,0x8A,0x6A,0x48,0x25,0x00,
    0x44,0x82,0x50,0x03,0x48,0x25,0x00,0x34,0x82,0x50,0x0D,0x48,0x75,0x7E,0x48,0x27,
    0x1A,0x70,0x01,0x48,0x27,0x1A,0x70,0x00,0x48,0x27,0x1A,0x70,0x00,0x48,0x27,0x1A,
    0x70,0x0B,0x47,0x59,0x1F,0x76,0x74,0x27,0xA3,0x9F,0x70,0x00,0x42,0x7A,0x39,0xF7,
    0x6F,0x42,0x7A,0x39,0xF7,0x6F,0x42,0x7A,0x39,0xF7,0xD4,0xDF,0x54,0x6F,0x24,0x3F,
    0x64,0xAF,0xED,0x48,0x59,0x4F,0x12,0x19,0xB4,0x85,0x64,0x8F,0x13,0x29,0x6F,0x48,
    0x56,0x48,0xF1,0x32,0x96,0xE4,0x85,0x64,0x8F,0x13,0x29,0x6E,0x48,0x56,0x48,0xF1,
    0x32,0x9D,0x21,0x4E,0x56,0x2F,0x26,0x4E,0x21,0x64,0xA4,0x9F,0x24,0x42,0x9D,0x46,
    0x51,0x4A,0xF2,0x44,0x29,0x6E,0xA4,0x1A,0xF4,0x24,0x21,0x96,0xDA,0x41,0xAF,0x42,
    0x42,0x19,0x6D,0xA4,0x1A,0xF4,0x24,0x21,0x9D,0x41,0x41,0x4B,0x5D,0x55,0x02,0x31,
    0x16,0x34,0x65,0x13,0x92,0x93,0x31,0x63,0x26,0x45,0x18,0x39,0x19,0x33,0x16,0xC1,
    0x6A,0x41,0x89,0x11,0x93,0x31,0x6D,0x46,0x18,0x39,0x19,0x33,0x16,0xD4,0x61,0x83,
    0x91,0x93,0x31,0xD4,0x13,0x14,0x8B,0xD2,0xB4,0xA4,0x26,0x34,0x60,0x54,0x89,0x14,
    0x34,0x11,0x86,0x21,0x6C,0x45,0x89,0x11,0x23,0x34,0x16,0xA5,0x60,0xC4,0x58,0x94,
    0x14,0x33,0x41,0x6D,0x46,0x58,0x49,0x14,0x43,0x41,0x6D,0x46,0x08,0x49,0x14,0x43,
    0x41,0xB4,0x13,0xA5,0x82,0x4A,0x31,0x62,0x46,0x05,0x10,0x73,0x24,0x21,0x18,0x61,
    0x16,0x61,0x73,0x24,0x21,0x6A,0x16,0x61,0x35,0x07,0x42,0x42,0x11,0x6C,0x26,0x35,
    0x07,0x42,0x42,0x11,0x6E,0x36,0x07,0x42,0x42,0x11,0x67,0x4A,0x21,0x3A,0x87,0x48,
    0xA2,0x1A,0x62,0x16,0xC4,0x9C,0xD1,0x52,0x23,0xBF,0x61,0x16,0x60,0x49,0xCD,0x15,
    0x22,0x3B,0xF6,0xF4,0x9C,0xD1,0x52,0x23,0xBF,0xE5,0x60,0x15,0xC7,0x4C,0xD5,0x22,
    0x3B,0xF6,0xB1,0x6C,0x49,0xCD,0x15,0x22,0x3B,0xFB,0x5A,0x04,0x85,0xE1,0x55,0xA0,
    0x63,0x46,0x08,0x4B,0x5E,0x4B,0x46,0x3B,0xE6,0x01,0x6C,0x49,0x8B,0x45,0xEB,0x44,
    0x6B,0x1E,0x6D,0x49,0x8B,0x45,0xEB,0x44,0x6B,0x1E,0x6C,0x74,0x8B,0x54,0xEB,0x44,
    0x6B,0xE6,0x91,0x6C,0x49,0x8B,0x45,0xEB,0x44,0x6B,0x1E,0xB1,0xA5,0x50,0x1E,0xA1,
    0xAD,0x49,0xB5,0x46,0x5E,0x4B,0x46,0x64,0x49,0xB5,0x46,0x5E,0x4B,0x46,0x6D,0x74,
    0xB5,0x64,0x5E,0xB3,0x46,0x6C,0x59,0x04,0xB5,0x64,0x5E,0xB3,0x46,0xE2,0x66,0x04,
    0x9B,0x54,0x65,0xE4,0xB4,0x66,0x73,0x56,0x55,0x04,0xD5,0xAD,0x49,0xEB,0x45,0xB6,
    0x4F,0xB6,0x63,0x74,0xEB,0x54,0xB6,0xF3,0xB6,0x6C,0x59,0x04,0xEB,0x54,0xB6,0xF4,
    0xB6,0x26,0xA5,0x91,0x4E,0xB5,0x4B,0x6F,0x4B,0x62,0x6B,0x74,0xEB,0x54,0xB6,0xF4,
    0xB6,0x2B,0x35,0x65,0x50,0x4D,0x65,0x64,0x49,0x81,0x4F,0xEB,0x46,0x5E,0x15,0x63,
    0x49,0x81,0x4F,0xEB,0x46,0x5E,0x15,0x6C,0x74,0x81,0xF4,0xEB,0x64,0x5F,0x51,0x26,
    0x95,0x91,0x48,0x1F,0x4E,0xB6,0x45,0xF5,0x12,0x6A,0x74,0x81,0xF4,0xEB,0x64,0x5F,
    0x51,0x2B,0x56,0x0A,0x4E,0x65,0x64,0x39,0x82,0x23,0x1A,0xA3,0xD5,0x62,0x71,0x82,
    0x23,0x1A,0xA3,0xD5,0x6B,0x59,0x01,0x82,0x23,0x1A,0xA4,0xE5,0x36,0x93,0x90,0x71,
    0x82,0x23,0x1A,0xA4,0xE5,0x36,0x95,0x90,0x18,0x22,0x31,0xAA,0x4E,0x53,0xB5,0x61,
    0x45,0xE6,0x15,0x63,0x49,0x82,0x34,0x25,0xB0,0x48,0xB3,0x62,0x49,0x82,0x34,0x25,
    0xB0,0x48,0xB3,0x6B,0x59,0x04,0x82,0x41,0x25,0xB0,0x48,0x93,0xE3,0x90,0x59,0x04,
    0x82,0x41,0x25,0xB0,0x48,0x93,0xE5,0x91,0x48,0x24,0x12,0x5B,0x04,0x89,0x3B,0x15,
    0x2E,0x46,0x5E,0x36,0x56,0x34,0x98,0x14,0x42,0xB1,0x87,0x3B,0x36,0x24,0x98,0x14,
    0x42,0xB1,0x87,0x3B,0x36,0xB5,0x90,0x48,0x14,0x42,0xB8,0x73,0x82,0xE4,0x90,0x94,
    0x89,0x84,0x14,0x23,0xB8,0x73,0x82,0xE5,0x91,0x48,0x14,0x42,0xB8,0x73,0x82,0xB4,
    0xD1,0x24,0xE6,0xE1,0x26,0x44,0x91,0x24,0x41,0x92,0xB3,0xE6,0x86,0x14,0x91,0x24,
    0x41,0x92,0xB3,0xE6,0x86,0xA5,0x90,0x41,0x24,0x31,0x92,0xB4,0xE6,0xA1,0x26,0x94,
    0x98,0x94,0x12,0x43,0x19,0x2B,0x4E,0x6A,0x12,0xB3,0x90,0x59,0x04,0x12,0x43,0x19,
    0x2B,0x4E,0x6A,0x12,0xB5,0x40,0x2E,0x13,0x64,0x39,0x12,0x33,0xB9,0xA3,0xD5,0x86,
    0x13,0x91,0x23,0x3B,0x9A,0x3D,0x58,0x6A,0x49,0x09,0x11,0x23,0x3B,0x9A,0x3D,0x58,
    0xE4,0x90,0x83,0x91,0x23,0x3B,0x9A,0x3D,0x58,0xE5,0x90,0x11,0x23,0x3B,0x9A,0x3D,
    0x58,0xB1,0x39,0x11,0x23,0x64,0x19,0x21,0x3A,0x9A,0x1D,0x55,0x01,0xA6,0x11,0x92,
    0x13,0xA9,0x55,0x01,0xDA,0x1A,0x6A,0x49,0x09,0x21,0x3A,0x95,0x50,0x1D,0xA1,0xAE,
    0x49,0x08,0x19,0x21,0x3A,0x95,0x50,0x1D,0xA1,0xA6,0x97,0x21,0x3A,0x95,0x50,0x1D,
    0xA1,0xAB,0x12,0x91,0x22,0x3D,0x41,0xBA,0xA3,0x6D,0x55,0x01,0xA6,0x24,0x1B,0xAA,
    0x36,0xD5,0x50,0x86,0xB4,0x91,0xB4,0xA5,0x63,0x5D,0x55,0x08,0x6A,0x48,0x1B,0x4A,
    0x56,0x35,0xD5,0x50,0x8E,0x74,0x1B,0xA4,0x56,0x51,0xD5,0x50,0x8D,0x46,0x76,0x42,
    0x32,0xD2,0x13,0xA5,0x26,0x1D,0x55,0x01,0xA6,0x22,0x13,0xA5,0x26,0x1D,0x55,0x08,
    0x6B,0x19,0x21,0x3A,0x52,0x61,0xD5,0x50,0x86,0xB4,0x81,0xA1,0x52,0x61,0xD5,0x50,
    0x86,0x91,0x92,0x13,0xA5,0x26,0x1D,0x55,0x08,0x64,0xA1,0xD2,0xEA,0xB4,0xA1,0x52,
    0x61,0xE5,0x50,0x3A,0x36,0x24,0xA1,0x52,0x61,0xE5,0x50,0x40,0xA3,0x6B,0x48,0xA1,
    0x15,0x26,0x1E,0x55,0x08,0x6B,0x48,0xA1,0x15,0x26,0x1E,0x55,0x08,0x6A,0x48,0xA1,
    0x45,0x6D,0x55,0x18,0x64,0x45,0x0D,0x4F,0xEC,0x3D,0x5D,0x81,0x52,0x64,0xEC,0xD4,
    0xE2,0x46,0x28,0x15,0x26,0x4E,0xCD,0x4E,0x02,0x14,0x6C,0x81,0x52,0x64,0xEC,0xD3,
    0xEA,0x23,0x6B,0x81,0x52,0x64,0xEC,0xD1,0xE8,0x6A,0x81,0x52,0x63,0xEC,0x2D,0x1E,
    0x8B,0x4D,0xFD,0x4C,0xD5,0xD8,0x2D,0x2E,0x52,0x06,0x48,0x2D,0x2E,0x13,0x22,0xC1,
    0x46,0xC8,0x2D,0x2E,0x13,0x22,0x40,0x34,0x6B,0x82,0xD2,0xE4,0x32,0x02,0x36,0xA8,
    0x2D,0x2E,0x52,0x01,0x02,0x3B,0x1C,0x2D,0x3B,0xD6,0x74,0x8A,0x39,0x22,0xB1,0x88,
    0x13,0x91,0x20,0x00,0x18,0x81,0x39,0x42,0x32,0xC1,0x36,0xB8,0x13,0x94,0x23,0x21,
    0x02,0x36,0xA8,0x13,0x92,0x24,0x32,0x02,0x3B,0x4B,0xED,0x3B,0xC6,0x72,0x81,0x39,
    0x22,0xB4,0x90,0xA1,0x39,0x12,0x00,0x04,0x80,0xA1,0x39,0x32,0x36,0xE4,0x80,0xA1,
    0x39,0x32,0x36,0x01,0x36,0xA4,0x8A,0x39,0x22,0x33,0x2C,0x13,0xB1,0xB2,0xE3,0xBC,
    0x67,0x49,0x83,0x93,0x21,0xD4,0x89,0x03,0x13,0x91,0x10,0x00,0x49,0x01,0x13,0x93,
    0x13,0x6E,0x48,0x01,0x13,0x93,0x13,0x6E,0x48,0x13,0x94,0x12,0x31,0x26,0x94,0xBD,
    0xE2,0xBB,0x49,0x80,0x42,0x46,0x35,0xB6,0x47,0x41,0x01,0x42,0x46,0x1B,0x6F,0x28,
    0x40,0x12,0x44,0x6B,0x15,0x6E,0x49,0x01,0x42,0x46,0x3B,0x56,0xD2,0x84,0x12,0x44,
    0x6B,0x23,0x65,0x69,0x4B,0xCF,0x3C,0xAB,0x49,0x80,0x26,0x35,0xB6,0x47,0x48,0x10,
    0x46,0x56,0x3D,0xB6,0xE1,0x87,0x40,0x65,0x46,0xDB,0x1C,0x6E,0x49,0x06,0x45,0x6D,
    0x3B,0xD6,0xD4,0x90,0x64,0x56,0xD4,0xBC,0xD1,0xC6,0x94,0xCB,0xF1,0xC6,0x77,0xA4,
    0xEF,0xB6,0x47,0x60,0x46,0xAE,0x3F,0xB6,0xC5,0x91,0x40,0x6A,0x4E,0xFD,0x2C,0x6D,
    0x74,0x6A,0xE4,0xFB,0xD1,0xC6,0xD4,0x96,0xA4,0xEF,0xB1,0xC2,0xD1,0xE6,0x94,0xCB,
    0xE1,0xD6,0x74,0x19,0x01,0xA2,0xE1,0xBD,0x19,0x60,0x3A,0xB2,0xE1,0xB6,0xD3,0x98,
    0xC3,0xAB,0x2E,0x2C,0x6E,0x73,0xAB,0x2E,0x3B,0xD6,0xE4,0x9A,0xB2,0xE4,0xBC,0xD2,
    0xE6,0x94,0x8B,0xE1,0xDE,0x41,0x0C,0x2D,0x1B,0x6A,0x1C,0x2D,0x1B,0x00,0x21,0xC2,
    0xD2,0xB6,0xD7,0xC1,0xC2,0xD3,0xBC,0x6E,0x48,0x0C,0x2D,0x4B,0xCD,0x3C,0xD6,0x94,
    0x81,0xD1,0xE6,0xA4,0xCE,0xD1,0xB6,0x92,0xC4,0xED,0xB0,0x02,0x4C,0xDE,0x3C,0xB0,
    0x01,0x4D,0xED,0x2B,0x00,0x04,0xDE,0xD2,0xB4,0xCE,0xCE,0x28,0x42,0xCD,0x6A,0x1C,
    0x2E,0x1B,0xE5,0xC0,0x2E,0x1B,0x00,0x21,0xC2,0xE1,0xC0,0x02,0x2E,0x3C,0xB0,0x01,
    0x2E,0x4C,0xB0,0x4D,0xEC,0xE2,0x84,0x1A,0x86,0x91,0xC2,0xD3,0xFB,0x67,0x3C,0xD2,
    0xC4,0xDF,0xB0,0x01,0x2C,0x4D,0xFC,0x00,0x24,0xDF,0xC1,0xB0,0x01,0x4D,0xFC,0xC4,
    0xDE,0xCE,0x48,0x10,0x49,0xA8,0xE2,0xC4,0xDF,0xB6,0x74,0xCD,0xC4,0xBD,0xF1,0xB0,
    0x01,0x2C,0x4D,0xFB,0x00,0x24,0xDF,0xC1,0xB0,0x01,0x4D,0xFB,0xC2,0xD6,0xA4,0x80,
    0x83,0xF9,0xE4,0xDC,0xD3,0xFB,0x67,0x2D,0x4B,0x0D,0x3F,0xB0,0x01,0x4D,0xCD,0x3F,
    0xB0,0x02,0x4D,0xFC,0x00,0x33,0xFC,0xC3,0xDC,0x00,0xA1,0xD2,0xC3,0xEB,0x67,0x4D,
    0xCB,0x40,0xCE,0x1B,0x00,0x11,0xD2,0xC3,0xEA,0x00,0x24,0xCE,0xB0,0x02,0x4C,0xEB,
    0xC3,0xDC,0x00,0x94,0xCD,0xB4,0xCE,0xBB,0x4C,0xDB,0xC4,0xCE,0xB0,0x00,0x4C,0xDB,
    0x4C,0xEA,0x00,0x14,0xDC,0xE1,0xB0,0x02,0x4C,0xEB,0x40,0xBD,0x1C,0x00,0x92,0xC1,
    0xB2,0xC1,0xDB,0x2C,0x1B,0xC2,0xC1,0xD0,0x00,0x2C,0x4B,0xCD,0x00,0x24,0xEC,0xD1,
    0xB0,0x02,0x4C,0xDA,0x40,0xBD,0x1C,0x6A,0x48,0x25,0x69,0x48,0xB0,0x2C,0x1D,0xB3,
    0x8B,0x60,0x2C,0x1D,0x00,0x04,0x8B,0x03,0xCD,0x00,0x24,0x8C,0xD1,0xA0,0x01,0x4B,
    0xCD,0xC4,0xBD,0xC6,0x94,0x82,0x71,0xA7,0x67,0x48,0xB0,0x4C,0xAC,0xB3,0x8B,0x60,
    0x4C,0xAC,0x00,0x04,0x8B,0x03,0xAC,0x00,0x24,0x8A,0xC0,0x03,0x48,0xAC,0x40,0x8C,
    0x1D,0x69,0x42,0x7A,0x39,0xF7,0xB4,0x82,0x04,0x18,0xAD,0x12,0x28,0x60,0x41,0x8A,
    0x6F,0x42,0x82,0x41,0x8A,0x00,0x24,0x18,0xA0,0x03,0x48,0xA8,0x10,0x28,0x1A,0xE4,
    0x85,0x64,0x8F,0x13,0x29,0xB2,0x84,0x02,0x13,0x98,0xD2,0x86,0x04,0x21,0x91,0x86,
    0xF2,0x84,0x21,0x91,0x80,0x01,0x42,0x19,0x18,0x00,0x21,0x92,0x8C,0x39,0x86,0x7A,
    0x41,0xAF,0x42,0x42,0x19,0x67,0x18,0x22,0x40,0x89,0x1F,0xD2,0x8C,0x42,0x08,0x39,
    0xF6,0xF4,0x82,0x14,0x89,0xF0,0x00,0x42,0x08,0x39,0xF0,0x01,0x42,0xF9,0x60,0x39,
    0x8B,0x45,0x18,0x39,0x19,0x33,0x10,0x63,0x45,0x68,0x49,0x14,0x43,0x41,0x06,0x43,
    0x65,0x74,0x24,0x21,0x10,0x65,0x46,0x09,0x4C,0xD5,0x22,0x3B,0xF6,0xE4,0x82,0x50,
    0x03,0x48,0x25,0x6F,0x38,0x56,0xE3,0x85,0x00,0xF4,0x69,0x84,0xB5,0xE4,0xB4,0x63,
    0xBE,0x6C,0x48,0x27,0x1A,0x70,0x00,0x48,0x27,0x1A,0x76,0xC4,0x87,0xA3,0x89,0x6B,
    0x48,0x7A,0x38,0x90,0x0D,0x45,0x9B,0x45,0x65,0x4E,0xB4,0x16,0x6D,0x42,0x7A,0x39,
    0xF7,0x6F,0x42,0x7A,0x39,0xF7,0x6A,0x48,0x7A,0x38,0xF7,0x69,0x48,0x7A,0x38,0xF7,
    0x00,0x12,0x81,0xCD,0x74,0xEB,0x54,0xB6,0xF3,0xB6,0x6C,0x48,0x56,0x48,0xF1,0x32,
    0x96,0xE4,0x85,0x64,0x8F,0x13,0x29,0x6A,0x45,0x68,0x4F,0x12,0x7E,0x45,0x68,0x4F,
    0x12,0x76,0xE4,0x89,0x54,0x65,0xC6,0x44,0x98,0x14,0xFE,0xB4,0x65,0xF1,0x56,0xBA,
    0x41,0xAF,0x42,0x42,0x19,0x6D,0xA4,0x1A,0xF4,0x24,0x21,0x96,0x94,0x51,0xA4,0xF2,
    0x44,0x31,0x96,0x74,0x51,0xA4,0xF2,0x44,0x31,0x96,0xE4,0x95,0x73,0x54,0x28,0x62,
    0x71,0x82,0x23,0x1A,0xA3,0xE5,0x6B,0x45,0x18,0x39,0x19,0x33,0x16,0xCA,0x41,0x89,
    0x11,0x93,0x31,0x69,0x41,0x89,0x31,0x39,0x31,0x96,0x74,0x58,0x93,0x13,0x93,0x19,
    0x6D,0x48,0x57,0x11,0x59,0x02,0x86,0x17,0x48,0x24,0x12,0x5B,0x03,0x89,0x6A,0x46,
    0x58,0x49,0x14,0x43,0x41,0x6D,0x46,0x58,0x49,0x14,0x43,0x41,0x6B,0x49,0x14,0x43,
    0x41,0x69,0x45,0x91,0x44,0x34,0x11,0x6E,0x55,0x01,0x15,0x90,0x42,0x89,0x61,0x74,
    0x81,0x44,0x2B,0x87,0x18,0x6A,0x36,0x07,0x42,0x42,0x11,0x6E,0x36,0x07,0x42,0x42,
    0x11,0x6B,0x49,0xCD,0x45,0x21,0x3B,0xEE,0x74,0x24,0x21,0x16,0xF3,0x21,0x59,0x04,
    0xF2,0x33,0x09,0x61,0x74,0x12,0x43,0x19,0x2B,0x3E,0x66,0xA1,0x67,0x4C,0xD5,0x22,
    0x3B,0xF6,0xC4,0x60,0x94,0xCD,0x52,0x23,0xBF,0x69,0x49,0x65,0x4E,0xB4,0x46,0xBE,
    0x67,0x49,0xCD,0x15,0x22,0x3B,0xF6,0xC1,0x85,0x91,0x3F,0x29,0x30,0x96,0x17,0x11,
    0x23,0x3B,0x9A,0x3D,0x56,0x94,0x60,0x94,0x8B,0x54,0xEB,0x44,0x6B,0xE6,0xB4,0x69,
    0x84,0xB5,0xE4,0xB4,0x63,0xBE,0xEA,0x46,0x5E,0x4B,0x46,0x1B,0x67,0x48,0xB5,0x4E,
    0xB4,0x46,0xBE,0x6A,0x59,0x13,0xAC,0x22,0x14,0x64,0x72,0x13,0xA9,0x55,0x01,0xDA,
    0xE1,0x67,0x4B,0x56,0x45,0xEB,0x34,0x66,0xB4,0x65,0x94,0xB5,0x64,0x5E,0xB3,0x46,
    0xE4,0x9E,0xBA,0x46,0xFB,0x36,0x2B,0x49,0xB5,0x46,0x5E,0x4B,0x46,0x6A,0x59,0x01,
    0x8A,0x4D,0x32,0xB4,0x91,0xB4,0xA5,0x63,0x5D,0x55,0x06,0x73,0x60,0x74,0xEB,0x54,
    0xB6,0xF4,0xB6,0x26,0xA1,0x67,0x4E,0xB5,0x4B,0x6F,0x4B,0x62,0x67,0x49,0x1F,0x4E,
    0xB6,0x45,0xF6,0x12,0xB4,0x9E,0xB4,0x5B,0x64,0xFB,0x66,0x95,0x90,0x18,0x26,0x45,
    0xE4,0x4D,0x56,0x64,0x19,0x21,0x3A,0x52,0x61,0xD5,0x50,0xB3,0x60,0x74,0x81,0xF4,
    0xEB,0x64,0x5F,0x51,0x26,0xA4,0x59,0x84,0x1F,0xE4,0xB6,0x54,0xF5,0x2B,0x49,0x82,
    0x43,0x1B,0x46,0x5F,0x35,0x3D,0x49,0x81,0x4F,0xEB,0x46,0x5F,0x35,0x2E,0x59,0x04,
    0xE6,0x54,0x6F,0x44,0x65,0x6D,0x48,0xA1,0x45,0x6D,0x55,0x1E,0x71,0x82,0x23,0x1A,
    0xA4,0xE5,0x36,0xA7,0x18,0x22,0x31,0xAA,0x4E,0x53,0xB4,0x98,0x24,0x42,0xAA,0x4E,
    0x53,0xD4,0x98,0x34,0x21,0xAA,0x4E,0x54,0x12,0xB5,0x90,0x42,0x3E,0x4D,0x6F,0x43,
    0x6C,0x15,0xD8,0x15,0x26,0x3E,0xC2,0xD1,0xE6,0x75,0x90,0x48,0x24,0x12,0x5B,0x04,
    0x89,0x36,0xA7,0x48,0x24,0x12,0x5B,0x04,0x89,0x3D,0x74,0x82,0x41,0x25,0xB0,0x48,
    0x93,0xD2,0x84,0x42,0x85,0xB0,0x48,0x93,0x14,0xB4,0x90,0x94,0xA4,0xA1,0x52,0x64,
    0xE6,0xD1,0xED,0x82,0xD2,0xE5,0x20,0xE5,0x90,0x48,0x14,0x42,0xB8,0x73,0x82,0x6A,
    0x74,0x81,0x44,0x2B,0x87,0x38,0x2D,0x74,0x82,0x44,0x1B,0x87,0x48,0xA2,0x64,0x28,
    0x43,0x28,0x3B,0x87,0x48,0x24,0x23,0x64,0x49,0x09,0x81,0xC5,0x50,0x4D,0x52,0x13,
    0xD8,0x13,0x92,0x23,0x32,0xE5,0x90,0x41,0x24,0x31,0x92,0xB4,0xE6,0xA1,0x26,0x97,
    0x41,0x24,0x31,0x92,0xB4,0xE6,0xA1,0x26,0x47,0x41,0x23,0x31,0x92,0xB3,0xE6,0x86,
    0x45,0x82,0x19,0x2B,0x4E,0x60,0x32,0x36,0x71,0x95,0xA0,0x49,0x5D,0x45,0x01,0x13,
    0xD4,0x8A,0x39,0x22,0x33,0x26,0x73,0x90,0x71,0x12,0x33,0xB9,0xA3,0xD5,0x86,0x97,
    0x11,0x23,0x3B,0x9A,0x3D,0x58,0x64,0x75,0x10,0x3B,0x9A,0x3D,0x55,0xA0,0x63,0x19,
    0x58,0x03,0x59,0xA3,0xD5,0x6A,0x49,0x2A,0x45,0xA8,0x71,0x09,0x1A,0x64,0x48,0x13,
    0x94,0x12,0x31,0x26,0x97,0x21,0x3A,0x95,0x50,0x1D,0xA1,0xAE,0x49,0x09,0x21,0x3A,
    0x95,0x50,0x1D,0xA1,0xA6,0x47,0x41,0xBA,0x19,0x55,0x01,0xDA,0x86,0x31,0x95,0x80,
    0x19,0x55,0x01,0xDA,0x69,0x48,0x43,0xA1,0xA2,0x81,0x09,0x1A,0xD4,0x12,0x44,0x6B,
    0x23,0x65,0x69,0x74,0x1B,0xA4,0x56,0x51,0xD5,0x50,0x86,0x94,0x91,0xB4,0xA5,0x63,
    0x5D,0x55,0x08,0x63,0x38,0x92,0x14,0xA5,0x63,0x5D,0x55,0x05,0xA0,0x62,0x19,0x58,
    0x04,0x56,0x51,0xD5,0x50,0x6A,0x94,0x65,0xDA,0xC8,0xD4,0x65,0x64,0xDB,0xC3,0xDC,
    0x6A,0x19,0x21,0x3A,0x52,0x61,0xD5,0x50,0x86,0x91,0x92,0x13,0xA5,0x26,0x1D,0x55,
    0x08,0x64,0x49,0x21,0x3A,0x52,0x61,0xD5,0x50,0x5A,0x06,0x21,0x95,0x80,0x15,0x26,
    0x1D,0x55,0x06,0x91,0x6A,0x46,0x5D,0xAE,0x46,0xAE,0x4F,0xBC,0x4D,0xED,0x6B,0x48,
    0xA1,0x45,0x6D,0x55,0x18,0x6A,0x48,0xA1,0x45,0x6D,0x55,0x18,0xD4,0x3A,0x14,0x56,
    0xD5,0x51,0x1A,0x23,0x63,0x28,0xA3,0x6D,0x55,0x16,0x95,0x62,0x1E,0xAE,0x3A,0xB2,
    0xE4,0xBC,0xD3,0xEC,0x6B,0x81,0x52,0x63,0xEC,0x2D,0x1E,0x86,0xA8,0x15,0x26,0x3E,
    0xC2,0xD1,0xE8,0xD4,0x3A,0x52,0x63,0xEC,0x2D,0x3E,0x02,0x36,0x34,0xA8,0x52,0x63,
    0xEC,0x2D,0x1E,0xE1,0x95,0x62,0x3E,0x56,0xA1,0xC2,0xD3,0xB0,0x2D,0x1C,0x6B,0x82,
    0xD2,0xE5,0x20,0x10,0x23,0x6A,0x82,0xD2,0xE5,0x20,0x10,0x23,0xD8,0x2D,0x2E,0x52,
    0x06,0x01,0x36,0x38,0x2D,0x2E,0x52,0x0B,0x59,0x11,0x52,0x62,0xE3,0x35,0x6A,0x4D,
    0xED,0x3B,0x02,0xD1,0xC6,0xB8,0x13,0x92,0x24,0x32,0x02,0x36,0xA8,0x13,0x92,0x24,
    0x32,0x02,0x3D,0x81,0x39,0x22,0x33,0x26,0x78,0x13,0x92,0x23,0x32,0x64,0x59,0x21,
    0x0A,0x1E,0x54,0x06,0xB2,0xE4,0xCB,0x04,0xDE,0xC6,0xB4,0x8A,0x39,0x22,0x33,0x2C,
    0x13,0x6A,0x48,0xA3,0x92,0x23,0x32,0xC1,0x3D,0x48,0xA3,0x92,0x23,0x32,0xE3,0xA3,
    0x92,0x23,0x32,0xD5,0x90,0x60,0x21,0x54,0x06,0xB4,0xDF,0xCC,0x4D,0xEC,0x6B,0x48,
    0x13,0x94,0x12,0x31,0x26,0xD4,0x81,0x39,0x41,0x23,0x12,0xE4,0x81,0x39,0x41,0x23,
    0x12,0x67,0x48,0x13,0x94,0x12,0x31,0x26,0xA5,0x20,0x13,0x91,0x36,0xA4,0xDF,0xBC,
    0x4C,0xEC,0x6B,0x48,0x12,0x44,0x6B,0x42,0x65,0x6D,0x48,0x12,0x44,0x6B,0x42,0x65,
    0xE4,0x81,0x24,0x46,0xB4,0x26,0x56,0x74,0x81,0x24,0x46,0xB4,0x26,0x56,0xA5,0x20,
    0x11,0x54,0x06,0xA3,0xFC,0x60,0x4C,0xDC,0x6B,0x49,0x65,0x46,0xDB,0x4C,0xDC,0x6E,
    0x46,0x56,0x4D,0xBC,0x3D,0xC6,0x72,0x84,0x65,0x64,0xDB,0xC3,0xDC,0xB2,0x84,0x65,
    0x64,0xDB,0xC3,0xDC,0x69,0x52,0x13,0x03,0x96,0x94,0xCE,0xB6,0x04,0xBC,0xD6,0xB4,
    0x6A,0xE4,0xFB,0xC4,0xDE,0xD6,0xD4,0x6A,0xE4,0xFB,0xC4,0xDE,0xD6,0x74,0x86,0xA4,
    0xEF,0xB4,0xCD,0xE1,0xDB,0x48,0x6A,0x4E,0xFB,0x4C,0xDE,0x1D,0x69,0x15,0x22,0x11,
    0xC9,0x13,0xE4,0xCE,0xB6,0x04,0xBD,0xC6,0xB3,0xAB,0x2E,0x4B,0xCD,0x3E,0xC6,0xD3,
    0xAB,0x2E,0x4B,0xCD,0x3E,0xC6,0x74,0x8A,0xB2,0xE4,0xBC,0xD3,0xEC,0xB4,0x8A,0xB2,
    0xE4,0xBC,0xD3,0xEC,0x69,0x4D,0x56,0xC3,0xCD,0x2E,0xE4,0xCD,0xA6,0x04,0xBC,0xD6,
    0xB3,0x9C,0x2D,0x3B,0xC2,0xD1,0xC6,0xE1,0xC2,0xD3,0xB0,0x2D,0x1C,0xE3,0x8C,0x2D,
    0x3B,0x02,0xD1,0xCB,0x28,0x1C,0x2D,0x3B,0x02,0xD1,0xCE,0x1C,0x5D,0x0C,0x5D,0x16,
    0x74,0xBC,0xD6,0x23,0xBD,0x6B,0x48,0xDE,0x4D,0xBC,0x2D,0x1C,0x6E,0x4D,0xED,0x3B,
    0x02,0xD1,0xC6,0x94,0xDE,0xD3,0xB0,0x2D,0x1C,0x67,0x48,0xDE,0x4D,0xB0,0x2D,0x1C,
    0xE5,0xD0,0xC4,0xCE,0xF1,0xDE,0x48,0xAC,0x62,0x48,0xCD,0x6B,0x2E,0x1C,0x2B,0x4D,
    0xEC,0x6E,0x2E,0x4C,0xB0,0x4D,0xEC,0x69,0x2E,0x4C,0xB0,0x4D,0xEC,0xE2,0xE4,0xCB,
    0x04,0xDE,0xCE,0x4E,0xDC,0x40,0xCD,0x4F,0xDC,0xE4,0x8A,0x86,0x24,0x18,0xA6,0xB4,
    0xDF,0xC4,0x0B,0xD1,0xE6,0xF4,0xDF,0xCC,0x4D,0xEC,0x69,0x4D,0xFC,0xC4,0xDE,0xCE,
    0x4D,0xFC,0xC4,0xDE,0xCE,0x3E,0xDC,0x4D,0xED,0x1C,0x69,0x19,0x28,0x63,0x19,0x28,
    0x6A,0x4D,0xFB,0x40,0xBC,0x1E,0x6F,0x4D,0xFB,0xC4,0xCE,0xC6,0x94,0xDF,0xBC,0x4C,
    0xEC,0xE4,0xDF,0xBC,0x4C,0xEC,0x67,0x4C,0xEC,0xC4,0xDE,0xC6,0xA4,0x2F,0x96,0x41,
    0x92,0x86,0xA3,0xFC,0xC3,0xCD,0x6F,0x3F,0xC6,0x04,0xCD,0xC6,0x93,0xFC,0x60,0x4C,
    0xDC,0xE3,0xFC,0x60,0x4C,0xDC,0x67,0x2D,0x4C,0x0C,0x3F,0xD0,0x14,0x4C,0xEB,0xC3,
    0xCD,0x6E,0x4C,0xEB,0x60,0x4B,0xCD,0xE4,0xCE,0xB6,0x04,0xBC,0xD6,0x74,0xCE,0xB6,
    0x04,0xBC,0xD6,0x72,0xDC,0x4D,0xFC,0x01,0x44,0xCE,0xBC,0x3D,0xC6,0xE4,0xCE,0xB6,
    0x04,0xBD,0xCE,0x4C,0xEB,0x60,0x4B,0xDC,0x67,0x4C,0xEB,0x60,0x4B,0xDC,0xB4,0xCD,
    0xC4,0x02,0xE1,0xD0,0x01,0x28,0x12,0x6E,0x4C,0xDA,0xC3,0xCD,0x6E,0x4C,0xDA,0x60,
    0x4B,0xCD,0xE4,0xCD,0xA6,0x04,0xBC,0xD6,0x74,0xCD,0xA6,0x04,0xBC,0xDB,0x2D,0x10,
    0x73,0xEC,0x00,0x01,0x52,0x73,0x62,0x6C,0x4B,0xCD,0x60,0x3B,0xD6,0xD4,0xBC,0xD6,
    0x23,0xBD,0x67,0x4B,0xCD,0x62,0x3B,0xDB,0x4B,0xCD,0x62,0x3B,0xDD,0x42,0x8D,0x40,
    0x29,0x3A,0x20,0x00,0x78,0x15,0x6C,0x48,0xAC,0x60,0x48,0xCD,0x6C,0x48,0xAC,0x62,
    0x48,0xCD,0xB4,0x8A,0xC6,0x24,0x8C,0xDD,0x48,0xAC,0x62,0x48,0xCD,0x64,0x71,0xAC,
    0x70,0x00,0x59,0x23,0xA5,0x6B,0x48,0xA8,0x60,0x41,0x8A,0x6C,0x48,0xA8,0x62,0x41,
    0x8A,0xB4,0x8A,0x86,0x24,0x18,0xAD,0x48,0xA8,0x62,0x41,0x8A,0xD3,0x9A,0xC3,0x98,
    0x00,0x04,0x98,0xF7,0x38,0xA6,0xB1,0x92,0x86,0x11,0x92,0x86,0xB1,0x92,0x86,0x31,
    0x92,0x8D,0x19,0x28,0x63,0x19,0x28,0x64,0x19,0x28,0x63,0x19,0x28,0x64,0x39,0x86,
    0x03,0xF9,0x6F,0x48,0xF1,0x22,0x28,0x6B,0x42,0xF9,0x62,0x19,0x28,0x6A,0x42,0xF9,
    0x64,0x19,0x28,0x64,0x42,0xF9,0x64,0x19,0x28,0x63,0x42,0xF9,0x64,0x19,0x28,0x63,
    0x42,0xF9,0x00,0x33,0x91,0x23,0x42,0x18,0x06,0x54,0x9D,0x14,0x43,0x14,0x91,0xA0,
    0x53,0x59,0x02,0x24,0x31,0xB4,0x89,0x36,0x24,0xA5,0x64,0x12,0x14,0xD5,0x93,0x6A,
    0x01,0x31,0x26,0x11,0x40,0x06,0x4A,0x8D,0x8A,0x00,0x55,0x91,0x32,0x42,0x87,0x38,
    0x36,0x14,0xA6,0x54,0x72,0x34,0x25,0x74,0x56,0xA6,0x92,0x26,0xC1,0x46,0x45,0x20,
    0x60,0x14,0x23,0x00,0x35,0xA0,0x19,0x5A,0x06,0xD4,0x82,0x56,0x35,0x91,0x42,0x48,
    0x2B,0x3E,0x68,0x60,0x4A,0x65,0x4A,0xE4,0x33,0xD5,0x51,0x69,0x32,0x36,0x22,0x2D,
    0x96,0x32,0x24,0x32,0x01,0xA5,0x30,0x00,0x35,0x51,0x18,0x5A,0x06,0xB4,0x82,0x71,
    0xA7,0x61,0x39,0x07,0x4A,0x38,0xA3,0xD5,0x86,0x04,0xDF,0x54,0x6F,0x24,0x3F,0x64,
    0xAF,0xE6,0x93,0x23,0x62,0x32,0x36,0x31,0xEC,0x14,0x64,0x42,0x31,0x5A,0x00,0x04,
    0xA5,0x60,0xA8,0x96,0x94,0x27,0xA3,0x9F,0x76,0x04,0x90,0x88,0x55,0x01,0xDA,0x1A,
    0x61,0x21,0x4E,0x56,0x2F,0x26,0x4E,0x21,0x61,0x52,0x06,0x23,0x23,0x62,0x32,0x46,
    0x34,0x32,0x08,0x64,0x12,0x5A,0x0D,0x96,0xAA,0x56,0x01,0xDA,0xC9,0xE4,0x85,0x64,
    0x8F,0x13,0x29,0x61,0x19,0x5A,0x01,0x52,0x61,0xDA,0x86,0x04,0x14,0x14,0xB5,0xD5,
    0x50,0x23,0x11,0x61,0x52,0x06,0x23,0x23,0x62,0x32,0x46,0x34,0x34,0x25,0xA0,0x64,
    0x1A,0x67,0x11,0x96,0x9A,0x26,0x1E,0xA1,0x66,0xBA,0x41,0xAF,0x42,0x42,0x19,0x62,
    0x5A,0x01,0x52,0x61,0xDA,0x80,0x01,0x32,0x36,0x38,0x61,0x32,0x36,0x34,0x12,0x41,
    0x28,0x00,0x18,0x67,0xA5,0x60,0x1E,0xA2,0xE6,0xA4,0x51,0x83,0x91,0x93,0x31,0x62,
    0x4A,0x4A,0x15,0x26,0x1E,0xA2,0x30,0x01,0x32,0x36,0x38,0x62,0x5A,0x01,0x46,0x22,
    0x11,0xA0,0x02,0x5A,0x06,0x75,0xE1,0x1D,0x2E,0x43,0x43,0x69,0x45,0x89,0x11,0x23,
    0x34,0x16,0x31,0xA9,0x15,0x26,0x4E,0xDE,0x32,0x3D,0x12,0x28,0xB2,0x26,0x48,0x61,
    0x84,0x34,0x30,0x0A,0x5A,0x0B,0x13,0x54,0x05,0x20,0x54,0x01,0x36,0x73,0x60,0x73,
    0x24,0x21,0x64,0x1A,0x91,0xD5,0xE0,0x22,0xB4,0x25,0x73,0x65,0xB3,0xA2,0x63,0x86,
    0x28,0x34,0x30,0x00,0x13,0x64,0x4E,0x42,0x8B,0x54,0x03,0x31,0x22,0x13,0x93,0x6D,
    0xB4,0x69,0xC3,0xD5,0x23,0x3B,0xF6,0x44,0x1A,0x11,0x29,0x12,0x67,0x15,0x72,0x81,
    0x5D,0x86,0x31,0xA2,0x30,0x07,0x91,0xA6,0x35,0x30,0x11,0xB1,0x35,0x40,0x11,0x60,
    0x42,0x56,0x4D,0xEC,0xD7,0x4B,0x5E,0x4B,0x46,0x3B,0xE6,0x34,0x80,0x11,0x39,0x12,
    0x67,0x59,0x04,0xF9,0xAD,0x86,0x42,0x30,0x04,0x14,0xC1,0x29,0x1A,0x62,0x21,0xE5,
    0x40,0x12,0x62,0x1B,0x2C,0x3E,0xD6,0x47,0x48,0x56,0x45,0xEB,0x34,0x66,0x44,0x90,
    0x11,0x39,0x11,0xB4,0x89,0x84,0xF1,0x21,0x8D,0x5A,0x00,0x07,0x12,0x60,0x96,0x01,
    0x25,0xA0,0x6C,0x36,0x59,0x13,0x61,0x3C,0xD2,0xE3,0xDC,0x64,0x59,0x04,0x8B,0x54,
    0xB6,0xF3,0xB6,0x63,0x74,0x01,0x24,0x46,0xBB,0x48,0x29,0x41,0x32,0x18,0xD5,0xA0,
    0x00,0x72,0x23,0x0A,0x96,0x28,0x11,0x6A,0x45,0xAD,0x26,0x15,0xC3,0xCD,0x2E,0x4D,
    0xCB,0xD7,0x28,0x4F,0xEB,0x46,0x5E,0x15,0x62,0x74,0x16,0x52,0x6E,0x42,0x91,0x43,
    0x42,0x19,0xB8,0x00,0x74,0x13,0x45,0xA0,0x00,0x24,0xAC,0xD2,0xE3,0xAC,0x5D,0x12,
    0xCB,0x59,0x14,0x82,0x31,0x1A,0x3D,0x56,0x05,0x91,0x46,0xAB,0x2E,0x67,0x48,0x9D,
    0x41,0x43,0x41,0x91,0x1A,0x64,0x80,0x08,0x31,0x35,0xA0,0x00,0x34,0xCD,0xF3,0xEC,
    0x5D,0x01,0xC6,0x95,0x90,0x22,0x43,0x1B,0x48,0x93,0x62,0x74,0x0C,0xA4,0xCD,0xEB,
    0x4A,0x56,0x41,0x21,0x4D,0x58,0x36,0xA6,0x42,0x30,0x09,0x11,0x5A,0x00,0x03,0x4D,
    0xCD,0x1C,0x2D,0x1C,0x6A,0x59,0x13,0x24,0x28,0x73,0x83,0xD4,0xCB,0xD3,0xED,0xD4,
    0xA6,0x53,0x72,0x23,0x45,0x75,0x36,0xA6,0x42,0x30,0x0B,0x1A,0x63,0x14,0x6C,0x4D,
    0xED,0x4C,0x81,0x6C,0x59,0x14,0x24,0x82,0xB3,0xE6,0x86,0x44,0xCB,0xD3,0xEC,0xD4,
    0xA6,0x53,0xAE,0x91,0xE5,0x51,0xD1,0x36,0xA1,0x46,0x21,0x46,0xE4,0x43,0x46,0xA4,
    0xEF,0xD3,0x81,0x6D,0x39,0x07,0x4A,0x38,0xA3,0xD5,0x86,0x44,0xCB,0xE3,0xFC,0xD4,
    0xDF,0x54,0x6F,0x24,0x3E,0x64,0xAF,0xE0,0x03,0x96,0x01,0xE9,0x6B,0x83,0x34,0x62,
    0x14,0xD4,0xFE,0xC6,0xF4,0x90,0x88,0x55,0x01,0xDA,0x1A,0xD3,0xDC,0x2E,0x1B,0xD2,
    0x14,0xE5,0x62,0xF2,0x64,0xE2,0x1E,0x22,0xC1,0x46,0x39,0x60,0x42,0x04,0x1A,0x69,
    0x5A,0x16,0x39,0x63,0x4C,0xFD,0x00,0x11,0x95,0xA0,0x15,0x26,0x1D,0xA8,0x64,0x4D,
    0xCF,0x1D,0xB4,0x14,0x14,0xB5,0xD5,0x50,0x23,0x11,0xE3,0x23,0xC3,0x43,0x62,0x86,
    0x03,0x32,0x5A,0x0E,0x5A,0x06,0x43,0xA4,0x63,0x4D,0xEC,0x00,0x25,0xA0,0x15,0x26,
    0x1D,0xA8,0x64,0x4D,0xCF,0x1D,0x00,0xD4,0x24,0x31,0x02,0x3C,0x43,0x40,0x5A,0x0C,
    0x41,0x43,0x80,0x03,0x86,0x23,0xED,0x00,0x34,0xA4,0xA1,0x52,0x61,0xEA,0x23,0x64,
    0x4D,0xCE,0x1B,0x00,0xD4,0x13,0x41,0x08,0xC4,0x23,0x41,0x18,0x60,0x31,0x45,0xA0,
    0x00,0x28,0x61,0x4C,0xEC,0x00,0x31,0xA9,0x15,0x26,0x4E,0xDE,0x32,0x36,0x44,0xDC,
    0xD1,0xBB,0x14,0x63,0x36,0x46,0x35,0x40,0x63,0x31,0x35,0xA0,0x60,0x11,0x22,0x86,
    0x12,0x11,0xA0,0x03,0x86,0x12,0xD0,0x04,0x1A,0x91,0xD5,0xE0,0x22,0xD5,0xC0,0x1D,
    0x67,0x91,0xA6,0x15,0x40,0x1A,0x62,0x91,0xA6,0x31,0x18,0x63,0x31,0xA0,0x09,0x4E,
    0x43,0x8C,0x48,0xDC,0x00,0x54,0x1A,0x11,0x29,0x12,0xB1,0xC8,0x1C,0x67,0x32,0x48,
    0x60,0x4B,0x64,0x86,0x03,0xE0,0x5A,0x06,0x38,0x01,0x12,0x33,0x2A,0x60,0x49,0xA8,
    0x00,0x54,0x80,0x11,0x39,0x12,0xB1,0xC2,0x81,0xA6,0x73,0x23,0x5A,0x0C,0x4F,0x52,
    0x5A,0x0C,0x32,0x15,0xA1,0x01,0x82,0x16,0x23,0x9A,0x00,0x64,0x90,0x11,0x39,0x11,
    0xB4,0x28,0x91,0x8E,0x11,0x5A,0x0C,0x4E,0x50,0x5A,0x0C,0x13,0x95,0xA0,0x01,0xF3,
    0x98,0x00,0x57,0x40,0x12,0x44,0x6B,0xB4,0x8A,0x81,0x96,0xA8,0xC3,0x89,0xC8,0xC5,
    0x21,0x1A,0x02,0x11,0x90,0x04,0x74,0x16,0x52,0x6E,0x28,0x1A,0x28,0x07,0x4F,0x00,
};
u8 D_8018B2E4[] = {
    0x25,0x24,0x18,0x29,0x28,0x2A,0x15,0x1D,0x08,0x1A,0x48,0x14,0x9A,0x90,0x03,0xA4,
    0x82,0x41,0x1A,0x38,0x30,0x08,0x48,0x95,0x16,0x00,0x94,0x89,0x51,0x76,0x94,0x82,
    0x56,0x55,0x90,0x48,0xA2,0x2B,0x3E,0x66,0x94,0x82,0x56,0x4A,0x48,0x24,0x2B,0x3E,
    0x6C,0x00,0x64,0x29,0x51,0x67,0x00,0x74,0x29,0x51,0x67,0x67,0x48,0x27,0x1A,0xA6,
    0x3A,0xBD,0xC4,0x5D,0x56,0x84,0x82,0x71,0xAA,0x62,0xA4,0x8A,0x37,0xE7,0x1A,0x00,
    0x54,0x29,0x54,0x75,0x4B,0x00,0x54,0x29,0x54,0x75,0x4B,0x66,0x42,0x7A,0x39,0xFA,
    0x62,0xAB,0xDC,0x45,0xD5,0x68,0x42,0x7A,0x39,0xFA,0x61,0xA9,0xC7,0xE7,0x1A,0x00,
    0x37,0xB3,0x5A,0x59,0x0B,0x00,0x27,0xB3,0x5A,0x59,0x0B,0x64,0x48,0x56,0x48,0xF1,
    0x32,0x96,0x2A,0x97,0xC5,0x51,0x66,0x48,0x56,0x48,0xF1,0x32,0x96,0x11,0x9B,0xC4,
    0x65,0xD7,0x1A,0x00,0x45,0x50,0x1A,0xA3,0xF2,0xB0,0x03,0x55,0x01,0xAA,0x4F,0x28,
    0x19,0x64,0x45,0x1A,0x4F,0x24,0x32,0x96,0x21,0x9B,0x45,0x6A,0x33,0x45,0x50,0x66,
    0x45,0x1A,0x4F,0x24,0x32,0x96,0x2B,0xC2,0x6E,0x71,0xA0,0x00,0x58,0x3A,0x2F,0x42,
    0x40,0x19,0x00,0x15,0x82,0x19,0x2F,0x42,0x49,0x65,0x41,0x89,0x11,0x83,0x31,0x63,
    0xBD,0x26,0x85,0x50,0x65,0x45,0x18,0x39,0x18,0x33,0x16,0x34,0x83,0x44,0xA6,0xE7,
    0x13,0x6B,0x59,0x45,0x81,0xA3,0x13,0x86,0x53,0x89,0x67,0x58,0x3A,0x31,0x38,0x65,
    0x46,0x89,0x11,0x23,0x34,0x16,0x44,0xA8,0x52,0x64,0x4C,0xD3,0xE5,0x64,0x74,0x89,
    0x12,0x33,0x41,0x64,0x3A,0x28,0x36,0xE2,0xD1,0x36,0xA5,0x98,0x48,0xAC,0x42,0x14,
    0x65,0x59,0x16,0x45,0x84,0x49,0xAC,0x42,0x14,0x66,0x16,0xA3,0x24,0x21,0x65,0xC3,
    0x8D,0x2E,0x11,0x22,0x65,0x36,0x5A,0x32,0x42,0x16,0x5C,0x44,0xDE,0x41,0x21,0x6B,
    0x59,0x74,0xA6,0x53,0xE3,0x66,0x95,0x91,0x96,0x05,0x85,0xA4,0x65,0xE1,0x36,0x74,
    0x60,0xC4,0xD5,0x34,0x2B,0xF6,0x4C,0x30,0x38,0x52,0x06,0x54,0x69,0xC3,0xD5,0x23,
    0x3B,0xF6,0x4C,0x41,0x34,0x33,0x26,0xB5,0x97,0x38,0x52,0x64,0xE4,0xE6,0x49,0x60,
    0x48,0x98,0x40,0xA8,0x59,0x05,0x80,0x59,0x0D,0x26,0x4E,0x4E,0x66,0x46,0x9B,0x45,
    0xEB,0x44,0x6B,0x1E,0x63,0xC3,0x03,0x85,0x20,0x65,0x46,0x9B,0x45,0xEB,0x44,0x6B,
    0x1E,0x63,0x48,0x01,0x83,0x32,0x6B,0x59,0x19,0x62,0x45,0xC6,0x45,0x6F,0xE6,0xA5,
    0xA0,0x59,0x64,0x5C,0x64,0x56,0xFE,0x66,0x46,0x95,0x46,0x5E,0x4B,0x46,0x65,0x49,
    0x03,0x85,0x20,0x65,0x46,0x95,0x46,0x5E,0x4B,0x46,0x64,0x49,0x01,0x82,0x26,0xCA,
    0x64,0x45,0xDF,0x4D,0x6F,0x16,0x6B,0x1A,0x59,0x64,0x05,0xD4,0xFD,0x63,0xF6,0x65,
    0x46,0x09,0x45,0x6B,0x46,0xFB,0x16,0x65,0x49,0x02,0x81,0x27,0x65,0xA1,0xB7,0x46,
    0xFB,0x16,0x64,0x49,0x01,0x83,0x26,0x6C,0xC6,0x44,0x52,0x47,0x3F,0x66,0xC5,0x95,
    0x20,0x45,0x24,0x73,0xF6,0x63,0x26,0x20,0x39,0xB2,0xE4,0x65,0xFD,0x64,0x49,0x06,
    0x45,0x65,0x3D,0xC6,0x51,0x6A,0x4F,0xEB,0x46,0x5E,0xD6,0x2A,0x40,0x65,0x26,0x1C,
    0x6C,0x38,0xA6,0x44,0xA5,0xA4,0x25,0xE7,0x6E,0x59,0x16,0x04,0xA5,0xA4,0x25,0xE7,
    0x67,0x49,0xE2,0x13,0x73,0xE5,0x63,0xA4,0x6A,0xE4,0xFD,0xEE,0x65,0x59,0x04,0x13,
    0x17,0x3D,0x56,0x2A,0x40,0xAB,0x2E,0xE6,0x89,0x20,0x58,0x06,0x44,0xA8,0xDC,0x70,
    0x06,0x4A,0x8D,0xC7,0x67,0xA4,0x82,0x42,0xB3,0x89,0x63,0x49,0x0A,0x1B,0x2E,0x4D,
    0xEC,0x65,0xA4,0x24,0x14,0xB8,0x91,0x26,0x2A,0x41,0x0A,0x4C,0xDE,0xE6,0x95,0x82,
    0x63,0x5A,0x01,0x95,0xA0,0x00,0x65,0xA0,0x19,0x5A,0x06,0x8A,0x48,0x14,0x9A,0x96,
    0x61,0xC5,0xD1,0x1C,0x64,0xA4,0x82,0x41,0x1A,0x38,0x36,0x22,0x16,0x04,0xDE,0xD1,
    0xC6,0xA5,0x80,0x64,0x55,0x19,0x5A,0x00,0x05,0x55,0x19,0x5A,0x06,0x65,0x90,0x48,
    0xA2,0x2B,0x3E,0x66,0x63,0xDE,0x5D,0x01,0xC6,0x4A,0x48,0x24,0x2B,0x3E,0x6C,0x66,
    0x4D,0xEC,0xE0,0x03,0x75,0x60,0x7C,0x80,0x02,0x75,0x60,0x7C,0x86,0x4A,0xBD,0xC4,
    0x5D,0x56,0x64,0xDE,0xC4,0xDE,0xC6,0x4A,0x48,0xA3,0x7E,0x71,0xA6,0x64,0xEF,0xCE,
    0x00,0x27,0x56,0x0E,0x72,0x08,0x00,0x17,0x56,0x0E,0x72,0x08,0x64,0xAB,0xDC,0x45,
    0xD5,0x66,0x4E,0xFC,0x4D,0xEC,0x64,0xA9,0xC7,0xE7,0x1A,0x66,0x2E,0x3C,0xD0,0x02,
    0x72,0x61,0xE7,0x16,0x00,0x57,0x26,0x1E,0x71,0x66,0x8A,0x97,0xC5,0x51,0x65,0x2E,
    0x4B,0xCE,0x1C,0x64,0x19,0xBC,0x46,0x5D,0x71,0xA6,0x63,0xFD,0x2C,0x00,0x17,0x56,
    0x01,0xE7,0x2E,0x00,0x37,0x56,0x01,0xE7,0x2E,0x67,0x19,0xB4,0x56,0xA3,0x34,0x55,
    0x06,0x54,0xFD,0x04,0xCD,0xC6,0x5B,0xC2,0x6E,0x71,0xA6,0x64,0xFD,0xC1,0xB0,0x02,
    0x5E,0x1E,0x2E,0x43,0x43,0x00,0x35,0xE1,0xE2,0xE4,0x34,0x36,0x7B,0xD2,0x68,0x55,
    0x06,0x54,0xFC,0x04,0xBC,0xD6,0x64,0x83,0x44,0xA6,0xE7,0x13,0x66,0x4E,0xBD,0x1B,
    0x03,0x64,0xA8,0x52,0x64,0x4C,0xD3,0xE5,0x65,0x4E,0xB0,0x4B,0xDC,0x66,0x3A,0x28,
    0x36,0xE2,0xD1,0x36,0x54,0xCD,0xBE,0x03,0x7C,0x38,0xD2,0xE1,0x12,0x26,0x53,0xCD,
    0x20,0x4B,0xCD,0x66,0xC4,0x4D,0xE4,0x12,0x16,0x64,0xCD,0xBE,0x03,0x7C,0x30,0x38,
    0x52,0x06,0x44,0x8C,0xD6,0x03,0xBD,0x66,0xC4,0x13,0x43,0x32,0x66,0x49,0xAC,0x3B,
    0xC0,0x37,0xC3,0x03,0x85,0x20,0x64,0x49,0xAC,0x60,0x3B,0xC6,0x64,0x80,0x18,0x33,
    0x26,0x61,0x95,0xA0,0x1C,0x03,0x84,0x90,0x38,0x52,0x06,0x44,0x98,0xA6,0x0B,0x66,
    0x49,0x01,0x82,0x26,0x64,0x98,0xA3,0x2A,0x03,0x84,0x90,0x28,0x12,0x76,0x43,0x89,
    0x61,0x58,0x06,0x54,0x90,0x18,0x32,0x66,0x64,0x89,0xA4,0x28,0xA0,0x36,0x49,0x06,
    0x45,0x65,0x3D,0xC6,0x69,0x62,0x58,0x16,0x1A,0x40,0x65,0x26,0x1C,0x67,0x4A,0x8A,
    0x12,0xB1,0x20,0xFF,0x0F,0xF0,0x58,0x58,0x10,0x02,0x58,0x06,0xB4,0x89,0x51,0x60,
    0x0A,0x38,0x9B,0x00,0xA4,0x89,0x86,0xC3,0xA8,0x61,0x58,0x16,0x05,0x80,0x67,0x58,
    0x26,0x94,0x89,0x51,0x67,0x00,0x84,0x89,0x51,0x67,0x00,0x84,0x89,0x87,0x63,0x19,
    0x62,0x38,0xA5,0x93,0x58,0x41,0x92,0x61,0xC6,0x53,0x80,0x58,0x16,0x84,0x89,0x54,
    0x65,0x4B,0x00,0x74,0x95,0x67,0xA0,0x00,0x58,0x27,0x56,0x1B,0x63,0x59,0x25,0xA0,
    0x59,0x35,0x80,0x4A,0x89,0x16,0x7B,0x67,0x58,0x06,0x15,0x80,0x20,0x7B,0x75,0x90,
    0x90,0x07,0x26,0xDA,0x1F,0xA6,0xE5,0x84,0x26,0x35,0x8A,0x96,0x39,0x59,0x09,0x62,
    0x59,0x23,0x8C,0x73,0x65,0xAB,0x68,0xB6,0x05,0x84,0x55,0x15,0x90,0x12,0xB0,0x05,
    0x55,0x01,0x92,0xF4,0x92,0x96,0xD9,0x59,0x91,0x2A,0x63,0x58,0x06,0x45,0x92,0xB3,
    0xC8,0xA3,0x13,0xA6,0x83,0x89,0x58,0x35,0x95,0x41,0x24,0x30,0x90,0x03,0x59,0x12,
    0xF1,0x92,0x34,0x40,0x96,0xC5,0x99,0x43,0x40,0x19,0x6D,0x95,0x93,0xB3,0x91,0x23,
    0x30,0x96,0x99,0x59,0xA3,0x13,0x83,0x09,0x00,0x05,0x93,0x9C,0x31,0x38,0x6D,0x95,
    0x95,0xB3,0x13,0x83,0x09,0x6E,0x95,0x94,0x21,0x83,0x09,0x6B,0x95,0x95,0x48,0xAC,
    0x42,0x14,0x00,0x25,0x93,0x9C,0x45,0x2A,0x14,0x6E,0x59,0x0B,0x10,0xBC,0x4C,0x32,
    0x14,0x00,0x25,0x82,0x4A,0xC2,0x31,0x40,0x02,0x58,0x14,0xA6,0x53,0xE3,0x00,0x33,
    0x90,0x59,0x04,0x80,0x54,0x65,0xE4,0x46,0xA6,0xE1,0x95,0x84,0x26,0x4D,0x43,0x00,
    0x64,0xA5,0x64,0xD3,0x20,0x07,0xD2,0x64,0xE4,0xE0,0x01,0x39,0x05,0x90,0x48,0x0E,
    0x26,0x45,0xE4,0x26,0x6E,0x48,0x08,0x60,0x4D,0x56,0x45,0xE4,0x3D,0x50,0x04,0x4D,
    0x56,0x45,0xE4,0x3E,0x50,0x05,0x45,0xC6,0x45,0x6F,0xE0,0x01,0x39,0x05,0x90,0x40,
    0x34,0x4E,0x56,0x4F,0x35,0x16,0x6E,0x3A,0x86,0x11,0xE7,0x46,0xF4,0x4E,0x65,0x00,
    0x31,0xE7,0x46,0xF4,0x4E,0x65,0x00,0x44,0x5D,0xF4,0xD6,0xF1,0x60,0x03,0xA4,0x03,
    0x43,0x2A,0x26,0x3F,0x62,0xE6,0xD5,0xA0,0x61,0x44,0xED,0x46,0xF3,0x4E,0x5E,0xE0,
    0x02,0x41,0xFD,0x46,0xF4,0x46,0x5E,0x00,0x44,0x52,0x47,0x3F,0x60,0x03,0x39,0x8C,
    0x32,0xA7,0x46,0xD5,0x4A,0x12,0x69,0x95,0x90,0x96,0x14,0xA2,0xA7,0x4E,0x65,0x3C,
    0x20,0x03,0x31,0x37,0x4E,0x65,0xE0,0x05,0x45,0xA2,0x35,0xE7,0x00,0x39,0xC4,0x5C,
    0x97,0x4E,0x50,0x33,0x4C,0x68,0x59,0x19,0x60,0x5A,0x04,0x89,0xB7,0x4A,0x34,0x00,
    0x34,0xA4,0xAE,0x73,0x21,0x00,0x53,0x8D,0xC7,0x00,0x31,0x3C,0x73,0xE8,0xA9,0x20,
    0x8C,0x68,0x19,0x58,0x06,0x1C,0x35,0xD5,0x80,0x3A,0x0C,0x00,0x2D,0x5A,0x14,0x0A,
    0x10,0x06,0x3A,0x95,0xA0,0x00,0x39,0x8D,0x56,0x01,0xEB,0x61,0xC6,0x99,0x63,0x84,
    0x56,0xD3,0xED,0x20,0x81,0xA0,0x00,0x71,0x6C,0x3F,0xDC,0x00,0x55,0x51,0x38,0xA8,
    0x6D,0x59,0x29,0x85,0x60,0xD5,0xD0,0x00,0x68,0x26,0xE7,0x20,0x80,0x01,0xD2,0x6C,
    0x71,0xA0,0x05,0xD5,0x61,0x78,0x6D,0x59,0x22,0x0D,0x56,0x0E,0x55,0x00,0x06,0xD5,
    0x60,0x1E,0x70,0x05,0x56,0x08,0x71,0xA0,0x04,0x75,0x60,0xE7,0x00,0x05,0x90,0x60,
    0xD5,0x60,0x1E,0x70,0x07,0x56,0x11,0xE7,0x00,0x45,0x61,0x87,0x00,0x47,0x56,0x01,
    0xE5,0x50,0x00,0x57,0x56,0x04,0xEC,0x50,0x07,0x56,0x13,0xE5,0x00,0x51,0xE5,0x61,
    0x1E,0x70,0x04,0x3D,0x55,0x60,0x1E,0x72,0xE0,0x04,0x2D,0xD5,0xE0,0x32,0x50,0x08,
    0xE5,0xE0,0x00,0x63,0xBE,0x26,0x1E,0x55,0x00,0x05,0x1E,0x26,0x3E,0xD2,0xE4,0x34,
    0x30,0x04,0x32,0xD5,0x41,0x12,0x00,0x83,0x23,0x80,0x07,0x1B,0x5E,0x01,0xC2,0xD0,
    0x05,0x12,0x5E,0x05,0x20,0x54,0x01,0x30,0x03,0x22,0x11,0x54,0x01,0x30,0x08,0x32,
    0x38,0x00,0x85,0x30,0x52,0x00,0x05,0x54,0x11,0x12,0x21,0x38,0x36,0xD0,0x02,0x52,
    0x01,0x15,0x40,0x13,0x00,0x62,0x21,0x38,0x00,0x81,0x38,0x42,0x32,0x00,0x41,0x35,
    0x40,0x11,0x60,0x42,0x56,0x4D,0xEC,0x00,0x15,0x20,0x3A,0x25,0x40,0x16,0x00,0x52,
    0x21,0x38,0x00,0x81,0x38,0x32,0x30,0x05,0x54,0x01,0x26,0x21,0xB2,0xC3,0xED,0x00,
    0x05,0x20,0x11,0xC4,0x24,0x63,0xEC,0x00,0x34,0x62,0x11,0x38,0x00,0x81,0x38,0x32,
    0x30,0x03,0x36,0x58,0x13,0x62,0x1C,0x2D,0x3E,0xC0,0x00,0x3C,0x52,0x25,0xA1,0x45,
    0xEF,0x1E,0x00,0x34,0xC6,0x15,0x60,0x00,0x73,0x53,0x83,0x23,0x00,0x24,0x5A,0xD2,
    0x6D,0x61,0x1C,0x2D,0x3E,0xB0,0x00,0x1C,0x2D,0x36,0x15,0xA2,0x5D,0x06,0xBB,0x5C,
    0x0E,0x2C,0x4D,0xC5,0x4D,0xEF,0x00,0x71,0xC2,0x64,0x52,0x30,0x02,0x4A,0xCD,0x2E,
    0x61,0x2C,0x3D,0xC0,0x00,0x3C,0xE5,0xC0,0x1B,0x63,0x4B,0xDE,0xE6,0xA3,0x8C,0x2D,
    0x2C,0x5D,0x13,0x0C,0x2E,0x00,0x63,0xCD,0x2E,0x1B,0x26,0x00,0x34,0xCD,0xF1,0xE6,
    0x01,0xC2,0xD1,0xC6,0xF3,0xCE,0x5D,0x03,0xCB,0x65,0x1C,0x2E,0x6A,0x49,0xA8,0x3C,
    0x02,0xC2,0xD2,0x04,0xCD,0xE0,0x05,0x4B,0xCD,0x2E,0x3C,0xD0,0x04,0x4D,0xCD,0x61,
    0x2D,0x1C,0x6E,0x1C,0x5D,0x03,0xCB,0x68,0x4B,0xDF,0x1C,0x69,0x49,0xA1,0x65,0x1B,
    0x2D,0x00,0x49,0x2C,0x2D,0x2C,0x00,0x44,0xDE,0xD1,0xC2,0x02,0x13,0xDC,0x6D,0x11,
    0x5D,0x03,0xCB,0x6B,0x4C,0xED,0x69,0x49,0x81,0x66,0x4D,0xFC,0x00,0x34,0x9B,0xC2,
    0xE1,0xC0,0x05,0x4E,0xFD,0x60,0xB1,0xA6,0xE4,0x8D,0xC1,0xB6,0xD4,0xBE,0xD6,0xA3,
    0x98,0x66,0x4D,0xFD,0x00,0x34,0x9A,0xD4,0xFD,0xC0,0x05,0x4F,0xEC,0x60,0x38,0xA6,
    0xF3,0x9A,0x00,0x03,0xDE,0x00,0x54,0xCE,0xD0,0x03,0x49,0x8D,0x3E,0xD0,0x05,0x4C,
    0xFD,0x61,0xB6,0xF3,0x91,0x00,0x03,0xCE,0x00,0x54,0xBD,0xF0,0x04,0x49,0xFE,0x1C,
    0x00,0x54,0xDE,0xC6,0x13,0x91,0x6F,0x39,0x10,0x00,0x4B,0xCD,0x00,0x53,0xDE,0x00,
    0x54,0xFD,0xC0,0x05,0x3E,0xD6,0x23,0x89,0x00,0x01,0x90,0x01,0x4C,0xD5,0x00,0x44,
    0xCF,0xC0,0x04,0x3F,0xD0,0x05,0x4C,0xEC,0x01,0xC9,0xA9,0x00,0x34,0xBF,0xD0,0x04,
    0x3E,0xD0,0x05,0x2D,0x01,0xDB,0x59,0x01,0xF0,0x02,0x3D,0xC0,0x04,0x3D,0xC0,0x04,
    0x48,0xDC,0x01,0xD3,0x29,0x51,0x00,0x03,0x4C,0xD1,0x00,0x24,0x19,0xA0,0x04,0x49,
    0xA8,0x03,0x84,0x9A,0x90,0x02,0x48,0x9A,0x00,0x44,0x9A,0x10,0x38,0xA3,0xA1,0x00,
    0x11,0x1A,0x00,0x44,0x98,0x10,0x39,0x39,0xFA,0x00,0x02,0x13,0xF9,0x00,0x34,0x1F,
    0x91,0x10,0xFF,0x06,0x94,0x89,0x51,0x60,0x68,0x42,0x95,0x17,0x70,0x05,0x58,0x10,
    0x09,0x48,0x98,0x1C,0x00,0x5B,0x1C,0x00,0x15,0x80,0x1C,0x67,0x42,0x95,0x46,0x54,
    0xB0,0x03,0xB5,0x60,0xD0,0x07,0x38,0x95,0x60,0xD0,0x03,0x38,0x92,0x6D,0x6F,0x48,
    0x95,0x46,0x5C,0x64,0x7B,0x35,0xA5,0x90,0x90,0x02,0x72,0x67,0xB0,0x05,0x38,0x92,
    0x6D,0x58,0x00,0x01,0x48,0x96,0x35,0x4B,0x6D,0x48,0x95,0x46,0x54,0xB6,0x45,0x50,
    0x1A,0xA3,0xF2,0xB0,0x00,0x95,0x52,0x49,0xF9,0x90,0x04,0x55,0x15,0x90,0x90,0x01,
    0x97,0x59,0x09,0x6D,0x48,0x56,0xD5,0x90,0xB6,0x39,0x59,0x02,0xF4,0x24,0x01,0x96,
    0x19,0x68,0x58,0x54,0x9F,0x23,0x89,0x00,0x47,0x95,0x90,0x42,0x89,0x6F,0x48,0xC8,
    0x59,0x01,0x2B,0x6B,0x55,0x05,0x91,0x42,0x89,0x61,0x95,0x92,0x31,0x38,0x30,0x96,
    0x15,0x80,0x64,0x58,0x35,0x91,0x4F,0x24,0x30,0x90,0x03,0x58,0x05,0x90,0x42,0x40,
    0x19,0x6D,0x95,0x93,0x42,0x40,0x19,0x6B,0x95,0x92,0x42,0x30,0x19,0x20,0x95,0x91,
    0x48,0xAC,0x42,0x14,0x64,0x58,0x16,0x15,0x81,0x59,0x43,0x12,0x83,0x09,0x00,0x29,
    0x59,0x21,0x28,0x30,0x96,0xC9,0x59,0x23,0x82,0x83,0x09,0x6A,0x95,0x92,0x12,0x83,
    0x09,0x20,0x59,0x04,0x8A,0x64,0x5E,0x36,0x65,0x82,0x20,0x58,0x05,0x93,0x48,0x12,
    0x43,0x24,0x00,0x45,0x92,0x4C,0x21,0x14,0x6F,0x59,0x04,0x8A,0x14,0x21,0x46,0xC5,
    0x91,0x3A,0xC2,0x21,0x46,0x21,0x95,0x80,0xD2,0x64,0xE4,0xE6,0x65,0x81,0x20,0xB5,
    0x93,0x48,0x56,0x3D,0x40,0x05,0x59,0x24,0x56,0xE1,0x36,0xF5,0x90,0x97,0x4D,0x32,
    0x6C,0x59,0x09,0x74,0xD3,0x26,0x35,0x80,0x45,0xC6,0x45,0x6F,0xE6,0x75,0x80,0x10,
    0xB5,0x93,0x48,0x5A,0x26,0xE6,0xD9,0x63,0x59,0x13,0x85,0x26,0x35,0xF6,0xFA,0x92,
    0x64,0x5E,0x4E,0x6B,0x59,0x09,0x26,0x45,0xE4,0x4D,0x56,0x61,0x58,0x04,0x5D,0xF4,
    0xD6,0xF1,0x66,0x9B,0x59,0x33,0x8A,0x55,0x02,0x63,0x5E,0x6C,0x58,0x16,0x05,0x90,
    0x48,0x5D,0x46,0x56,0x1F,0x6F,0xA7,0x4B,0x6F,0x44,0xE5,0x6A,0x59,0x04,0xE6,0x54,
    0x6F,0x44,0x65,0x66,0x15,0x80,0x45,0x24,0x73,0xF6,0x6C,0x58,0x06,0x01,0x37,0x4D,
    0xFD,0x3C,0xE6,0xC5,0x82,0x20,0x59,0x04,0x85,0x24,0xFD,0x61,0xE6,0xF4,0x98,0xD4,
    0xF5,0x64,0xF3,0x6D,0x6A,0xA4,0x23,0xE4,0xD6,0xF4,0x36,0xCD,0x61,0xB4,0xA5,0xA4,
    0x25,0xE7,0x00,0x13,0x42,0x74,0xA3,0x23,0xCE,0x6D,0x58,0x11,0x0A,0xB4,0xA5,0x44,
    0x32,0x61,0xE0,0x00,0x48,0x23,0x4D,0x5E,0x4D,0x56,0x6A,0xA4,0xA4,0xAD,0x26,0x4E,
    0x6D,0x1E,0x61,0xB4,0xA8,0xDC,0x70,0x02,0xC9,0x74,0x42,0xD6,0xF5,0x83,0x20,0x4A,
    0x5A,0x42,0x5D,0xD0,0x00,0x48,0x41,0x35,0xD7,0x32,0xE6,0xB1,0x9C,0x1C,0x55,0x04,
    0xD5,0x21,0x36,0x19,0x5A,0x01,0x95,0xA0,0x00,0x3C,0x49,0x85,0x3A,0x3C,0x80,0x04,
    0x95,0xA0,0x3D,0x56,0xB3,0x80,0x58,0x1C,0x32,0x17,0x23,0x6D,0x5A,0x04,0x95,0xD4,
    0x50,0x11,0x36,0x25,0x51,0x95,0xA0,0x00,0x24,0xA5,0xA3,0x98,0x5A,0x21,0x40,0x04,
    0x38,0x9C,0xD6,0xD5,0x82,0x5A,0x04,0x89,0x81,0xA6,0xD4,0x2A,0x53,0xA8,0xA1,0x08,
    0x1A,0x61,0x75,0x60,0x7C,0x86,0xF7,0x26,0xC1,0x0C,0x00,0x65,0x50,0x9C,0x6F,0xBD,
    0xCD,0xC1,0x0C,0x67,0x58,0x23,0x43,0x71,0xAB,0x10,0x81,0xA6,0x1D,0x56,0x0E,0x72,
    0x08,0x6E,0xD5,0x61,0x3D,0x50,0x08,0xD2,0x6E,0x73,0x43,0x6F,0x74,0x43,0xE7,0x10,
    0xC6,0x55,0x83,0x10,0x84,0x65,0xD7,0x20,0xC6,0x1D,0x26,0x1E,0x71,0x60,0x01,0x75,
    0x60,0x1E,0x70,0x07,0xD5,0x60,0x1E,0x78,0x6F,0x35,0x68,0xE7,0x40,0x2A,0x66,0x58,
    0x13,0x06,0x74,0x65,0xD7,0x65,0x56,0x01,0xE7,0x2E,0x6F,0x3D,0x55,0x61,0x1E,0x70,
    0x06,0xD5,0x60,0x1E,0x55,0x00,0x01,0x26,0x7E,0x74,0x03,0x46,0xB5,0x61,0x3D,0xE7,
    0x65,0x5E,0x0E,0x2E,0x43,0x43,0x6F,0x3D,0xE2,0x61,0xE5,0x50,0x00,0x65,0x61,0x1E,
    0x55,0x00,0x01,0x56,0x1E,0x72,0x01,0x46,0xB5,0x61,0x4E,0x43,0x70,0x10,0xE5,0xE0,
    0x55,0x10,0x05,0xD5,0x60,0x1E,0x71,0x60,0x01,0xE5,0x60,0xE7,0x6E,0xD2,0x61,0xE5,
    0x41,0x33,0x20,0x0F,0x83,0x3E,0x72,0x31,0x20,0x04,0x2D,0x26,0x1E,0x71,0x60,0x02,
    0xE5,0xE0,0x3C,0xD6,0xE7,0x3E,0x25,0x42,0x36,0xD0,0x0D,0x13,0x84,0x32,0x11,0x25,
    0x30,0x12,0x00,0x41,0x25,0xE0,0xE2,0xE0,0x02,0x13,0x83,0x23,0x00,0x05,0x10,0x32,
    0x38,0x36,0xC2,0xE0,0x0C,0x54,0x01,0x22,0x03,0x12,0x23,0x14,0x00,0x41,0x38,0x33,
    0x22,0x30,0x00,0x45,0x63,0x83,0x23,0x6F,0x52,0x02,0x16,0x03,0xCD,0x2E,0x00,0x94,
    0x56,0x25,0x40,0x61,0x31,0x22,0x31,0x60,0x01,0x35,0x25,0x40,0x31,0x22,0x30,0x01,
    0x3C,0x68,0x32,0x36,0xF5,0x20,0x11,0x61,0x5D,0x16,0xD7,0x66,0xD2,0x02,0x63,0x42,
    0x62,0x41,0x26,0x2E,0x6E,0x45,0x6C,0x16,0x84,0x21,0x22,0x30,0x01,0x4C,0xD6,0x35,
    0x36,0xF5,0x21,0x61,0x4C,0xEF,0xE6,0xFD,0x68,0x4D,0xED,0x36,0x56,0x33,0x5C,0x2E,
    0x6C,0x2C,0x5D,0x04,0xF7,0x44,0x10,0x22,0x36,0xF2,0xCE,0x5E,0x01,0x36,0xFD,0x22,
    0x11,0x60,0x4C,0xDF,0x3D,0xC6,0xF9,0x66,0x2C,0xE2,0xEE,0x63,0x71,0xC2,0xD6,0x73,
    0x89,0x2D,0x2E,0x5F,0x01,0xE2,0xDD,0x20,0xD2,0x66,0xE1,0xC5,0xD0,0x2E,0x36,0x56,
    0xF4,0xD5,0x66,0x14,0xDE,0xD1,0xC6,0xE9,0xA6,0x41,0xC5,0xD1,0x2E,0x66,0x4C,0xDE,
    0x1C,0x66,0x48,0x9A,0x5C,0x15,0xD0,0x1C,0x20,0x72,0xD1,0xE6,0xE1,0xE2,0xF3,0xDB,
    0x2D,0x6F,0x1C,0x5D,0x06,0x14,0xDE,0xC6,0xD9,0x59,0x16,0x32,0xD2,0xE4,0xFD,0xC6,
    0x84,0xCE,0xD6,0x64,0x19,0x21,0x16,0x84,0xCD,0xE6,0xC4,0x5E,0xD1,0xC2,0xB4,0xDE,
    0xD6,0xF4,0xDC,0xD6,0x14,0xCF,0xD6,0xB9,0x59,0x23,0x8A,0x61,0x3C,0xD2,0xE4,0xDC,
    0xB6,0xA1,0xC2,0xD6,0x64,0x19,0x86,0x92,0xCE,0x6B,0x48,0x9D,0x1A,0x20,0x4B,0xED,
    0x1C,0x6E,0x4D,0xED,0x1C,0x61,0x4D,0xFC,0x6A,0x59,0x25,0x80,0xD6,0x04,0xCD,0xE3,
    0xDC,0x6E,0x4C,0xEC,0x66,0xB6,0x91,0xC2,0xD6,0xB4,0x92,0xA6,0x04,0xBE,0xD6,0xF4,
    0xED,0xC6,0x14,0x2E,0xD6,0xA5,0x92,0x58,0x03,0x5C,0x20,0x48,0x9D,0x1C,0x00,0x01,
    0xC2,0xD6,0x63,0x18,0x69,0x4C,0xED,0x6B,0x49,0x82,0x60,0x4C,0xEC,0x6E,0x4C,0xED,
    0x61,0xA3,0xEC,0x69,0x59,0x25,0x81,0x35,0xD2,0x04,0x89,0xA1,0xC0,0x01,0x2D,0x00,
    0x41,0xB2,0xE6,0xB3,0x92,0x61,0x2D,0x1C,0x6E,0x2D,0x1C,0x61,0x42,0x9A,0x12,0x69,
    0x59,0x15,0x82,0x35,0x26,0x04,0x9A,0xC0,0x01,0x4C,0xDC,0x00,0x34,0xBD,0xE6,0xB3,
    0x89,0x61,0x2D,0x6F,0x2D,0x63,0xA6,0xA5,0x90,0x58,0x24,0xA5,0xA6,0x01,0x9B,0x00,
    0x22,0xD1,0xC0,0x03,0x3C,0xE0,0x01,0x2D,0x6E,0x4C,0xDC,0x63,0x39,0x86,0xC1,0x95,
    0x82,0x4A,0x8D,0x61,0xAD,0x00,0x14,0x89,0xA1,0x90,0x02,0x4B,0xDC,0x00,0x03,0xDC,
    0x6E,0x2D,0x65,0x3F,0x96,0xB1,0x95,0x81,0x5A,0x01,0x90,0x08,0x95,0x91,0x00,0x23,
    0xDC,0x00,0x03,0xDC,0x6D,0x42,0x8D,0x00,0x55,0xA0,0x20,0x55,0x10,0x08,0xB1,0x22,
    0x10,0x02,0x3D,0xC0,0x00,0x3D,0xC6,0xDA,0x1A,0x00,0x3B,0x1A,0x60,0x75,0x60,0x02,
    0x23,0xCD,0x6F,0x4C,0xAC,0x6E,0x39,0xA0,0x01,0x58,0x22,0x07,0x56,0x0E,0x02,0x24,
    0x9A,0x26,0xE4,0x9A,0x26,0xE3,0x98,0x00,0x15,0x81,0x60,0x72,0x63,0xE5,0x02,0x2A,
    0x3A,0x26,0xDA,0x96,0xE4,0x2F,0x96,0xF5,0x82,0x20,0x75,0x60,0x3E,0x50,0x22,0x48,
    0x9F,0xA6,0xCA,0x3F,0x90,0x12,0x96,0x45,0xE1,0x3D,0xE0,0x6E,0xF0,0x00,0x00,0x00,
};
u8 D_8018BFA4[] = {
    0x29,0x1C,0x2A,0x24,0x65,0x25,0x64,0x63,0x0F,0x44,0x82,0x56,0xD4,0x82,0x50,0x04,
    0x48,0x25,0x00,0x34,0x82,0x50,0x03,0x48,0x25,0x6B,0x38,0x56,0xA4,0x82,0x71,0xA7,
    0x6A,0x48,0x27,0x1A,0x70,0x01,0x48,0x27,0x1A,0x70,0x00,0x48,0x27,0x1A,0x70,0x00,
    0x48,0x27,0x1A,0x76,0x84,0x87,0xA3,0x89,0x68,0x42,0x7A,0x39,0xF7,0x69,0x42,0x7A,
    0x39,0xF7,0x00,0x04,0x27,0xA3,0x9F,0x76,0xF4,0x27,0xA3,0x9F,0x76,0xF4,0x27,0xA3,
    0x9F,0x76,0x64,0x87,0xA3,0x8F,0x76,0x64,0x85,0x64,0x8F,0x13,0x29,0x68,0x48,0x56,
    0x48,0xF1,0x32,0x96,0xF4,0x85,0x64,0x8F,0x13,0x29,0x6E,0x48,0x56,0x48,0xF1,0x32,
    0x96,0xE4,0x85,0x64,0x8F,0x13,0x29,0x66,0x45,0x68,0x4F,0x12,0x7D,0xC4,0x1A,0xF4,
    0x24,0x21,0x96,0x7C,0x41,0xAF,0x42,0x42,0x19,0x6E,0xC4,0x1A,0xF4,0x24,0x21,0x96,
    0xDC,0x41,0xAF,0x42,0x42,0x19,0x6D,0xC4,0x1A,0xF4,0x24,0x21,0x9B,0x45,0x1A,0x4F,
    0x24,0x43,0x19,0xD4,0x51,0x83,0x91,0xA3,0x31,0xB1,0x6C,0x41,0x89,0x11,0xA3,0x31,
    0x6E,0x46,0x18,0x39,0x1A,0x33,0x16,0xD4,0x61,0x83,0x91,0xA3,0x31,0x6D,0x45,0x18,
    0x39,0x1A,0x33,0x1B,0x45,0x89,0x31,0x3A,0x31,0x9E,0x45,0x68,0x49,0x14,0x43,0x41,
    0xE5,0x60,0x20,0x45,0x89,0x41,0x43,0x34,0x16,0xE4,0x65,0x84,0x91,0x44,0x34,0x16,
    0xD4,0x60,0x84,0x91,0x44,0x34,0x16,0xD4,0x65,0x84,0x91,0x44,0x34,0x16,0x64,0x59,
    0x14,0x43,0x41,0x1B,0x36,0x57,0x42,0x42,0x11,0xE1,0x66,0x13,0x50,0x74,0x24,0x21,
    0x16,0xD2,0x63,0x50,0x74,0x24,0x21,0x16,0xD1,0x62,0x07,0x42,0x42,0x11,0x6E,0x36,
    0x07,0x42,0x42,0x11,0x67,0x74,0x24,0x21,0x1B,0x46,0x09,0x4C,0xD5,0x43,0x2B,0x1F,
    0x68,0x49,0xCD,0x45,0x32,0x3B,0xF6,0x85,0x60,0x15,0x20,0x74,0xCD,0x54,0x32,0xB1,
    0xF6,0xB1,0x62,0x04,0x9C,0xD4,0x53,0x23,0xBF,0x6C,0x16,0x74,0xCD,0x54,0x32,0xB1,
    0xFB,0x49,0xCD,0x45,0x32,0x3B,0xFD,0x46,0x98,0x4B,0x5E,0x4B,0x46,0x3B,0xE6,0x64,
    0x98,0xB4,0x5E,0xB4,0x46,0xB1,0xE6,0xC7,0x48,0xB5,0x4E,0xB4,0x46,0xBE,0x69,0x16,
    0x20,0x49,0x8B,0x45,0xEB,0x44,0x6B,0x1E,0x6A,0x46,0x09,0x48,0xB5,0x4E,0xB4,0x46,
    0xBE,0xD4,0x8B,0x54,0xEB,0x44,0x6B,0xEE,0x45,0x9B,0x45,0x65,0x4E,0xB4,0x16,0x66,
    0x74,0xB5,0x64,0x5E,0xB3,0x46,0x6C,0x59,0x04,0xB5,0x64,0x5E,0xB3,0x46,0x68,0x26,
    0x60,0x49,0xB5,0x46,0x5E,0x4B,0x46,0x6B,0x16,0x74,0xB5,0x64,0x5E,0xB3,0x46,0xD4,
    0x9B,0x54,0x65,0xE4,0xB4,0x6D,0x74,0xEB,0x54,0xB6,0xF3,0xB6,0xB5,0x90,0x4E,0xB5,
    0x4B,0x6F,0x4B,0x62,0x6A,0x59,0x14,0xEB,0x54,0xB6,0xF4,0xB6,0x26,0xB7,0x4E,0xB5,
    0x4B,0x6F,0x4B,0x62,0x69,0x36,0x07,0x4E,0xB5,0x4B,0x6F,0x4B,0x62,0xE4,0x9E,0xB4,
    0x5B,0x64,0xFB,0x6D,0x49,0x81,0x4F,0xEB,0x46,0x5F,0x15,0xB7,0x48,0x1F,0x4E,0xB6,
    0x45,0xF5,0x12,0x69,0x59,0x14,0x81,0xF4,0xEB,0x64,0x5F,0x51,0x26,0xA7,0x48,0x1F,
    0x4E,0xB6,0x45,0xF5,0x12,0x68,0x36,0x07,0x48,0x1F,0x4E,0xB6,0x45,0xF5,0x12,0x62,
    0x49,0x81,0x4F,0xEB,0x46,0x5F,0x35,0x26,0x27,0x18,0x22,0x31,0xAC,0x3E,0x5D,0x59,
    0x01,0x82,0x23,0x1A,0xC4,0xE5,0x36,0x93,0x90,0x71,0x82,0x23,0x1A,0xC4,0xE5,0x36,
    0x95,0x90,0x18,0x22,0x31,0xAC,0x4E,0x53,0x6A,0x71,0x82,0x23,0x1A,0xC4,0xE5,0x36,
    0x24,0x98,0x34,0x21,0xAC,0x4E,0x54,0x12,0x61,0x74,0x82,0x41,0x25,0xB0,0x38,0x9D,
    0x59,0x04,0x82,0x41,0x25,0xB0,0x48,0x93,0x68,0x39,0x05,0x90,0x48,0x24,0x12,0x5B,
    0x04,0x89,0x36,0x85,0x91,0x48,0x24,0x12,0x5B,0x04,0x89,0x36,0x95,0x90,0x48,0x24,
    0x12,0x5B,0x04,0x89,0x36,0x22,0x84,0x42,0x85,0xB0,0x48,0x93,0x14,0x61,0x74,0x81,
    0x44,0x2B,0x87,0x18,0xD5,0x90,0x48,0x14,0x42,0xB8,0x73,0x82,0x68,0x49,0x09,0x48,
    0x98,0x41,0x42,0x3B,0x87,0x38,0x26,0x85,0x91,0x48,0x14,0x42,0xB8,0x73,0x82,0x69,
    0x59,0x04,0x81,0x44,0x2B,0x87,0x38,0x26,0x22,0x84,0x32,0x83,0xB8,0x74,0x82,0x42,
    0x32,0x07,0x41,0x24,0x31,0x92,0xB3,0xE6,0xD5,0x90,0x41,0x24,0x31,0x92,0xB4,0xE6,
    0xA1,0x26,0x94,0x98,0x94,0x12,0x43,0x19,0x2B,0x4E,0x6A,0x12,0x66,0x39,0x05,0x90,
    0x41,0x24,0x31,0x92,0xB4,0xE6,0xA1,0x26,0x85,0x90,0x41,0x24,0x31,0x92,0xB4,0xE6,
    0xA1,0x26,0x15,0x82,0x19,0x2B,0x4E,0x60,0x32,0x36,0x07,0x11,0x23,0x3B,0x9C,0x3D,
    0x5D,0x49,0x09,0x11,0x23,0x3B,0x9C,0x3D,0x59,0x68,0x49,0x08,0x39,0x12,0x33,0xB9,
    0xC3,0xD5,0x96,0x85,0x90,0x11,0x23,0x3B,0x9C,0x3D,0x59,0x67,0x39,0x07,0x11,0x23,
    0x3B,0x9C,0x3D,0x59,0x61,0x19,0x58,0x03,0x59,0xC3,0xD5,0xE7,0x21,0x3A,0x95,0x50,
    0x1D,0xCE,0x49,0x09,0x21,0x3A,0x95,0x50,0x1D,0xC1,0xA6,0x84,0x90,0x81,0x92,0x13,
    0xA9,0x55,0x01,0xDC,0x1A,0x69,0x72,0x13,0xA9,0x55,0x01,0xDC,0x1A,0x69,0x72,0x13,
    0xA9,0x55,0x01,0xDC,0x1A,0x61,0x19,0x58,0x01,0x95,0x50,0x1D,0xCE,0x49,0x1B,0x4A,
    0x56,0x35,0xD5,0x50,0xB4,0x91,0xB4,0xA5,0x63,0x5D,0x55,0x09,0x6A,0x48,0x1B,0x4A,
    0x56,0x35,0xD5,0x50,0x96,0x87,0x41,0xBA,0x45,0x65,0x1D,0x55,0x09,0x68,0x74,0x1B,
    0xA4,0x56,0x51,0xD5,0x50,0x96,0x01,0x95,0x80,0x45,0x65,0x1D,0x55,0x0E,0x19,0x21,
    0x3A,0x52,0x61,0xD5,0x50,0xB1,0x92,0x13,0xA5,0x26,0x1D,0x55,0x09,0x6B,0x48,0x1A,
    0x15,0x26,0x1D,0x55,0x09,0x69,0x19,0x21,0x3A,0x52,0x61,0xD5,0x50,0x96,0x91,0x92,
    0x13,0xA5,0x26,0x1D,0x55,0x09,0x60,0x19,0x58,0x01,0x52,0x61,0xD5,0x50,0xD4,0x8A,
    0x14,0x56,0xD5,0x51,0x66,0x48,0xA1,0x15,0x26,0x1E,0x55,0x09,0x6B,0x48,0xA1,0x15,
    0x26,0x1E,0x55,0x09,0x6A,0x48,0xA1,0x45,0x6D,0x55,0x19,0x6A,0x48,0xA1,0x45,0x6D,
    0x55,0x19,0x61,0x28,0xC3,0x6D,0x55,0x1D,0x91,0x52,0x63,0xEC,0x2D,0x1E,0x67,0x91,
    0x52,0x64,0xEC,0xD3,0xEA,0x23,0x6B,0x91,0x52,0x64,0xEC,0xD1,0xE9,0x6A,0x91,0x52,
    0x63,0xEC,0x2D,0x1E,0x96,0xA9,0x15,0x26,0x3E,0xC2,0xD1,0xE9,0x61,0x4A,0x85,0x26,
    0x3E,0xC2,0xD1,0xED,0x92,0xD2,0xE5,0x20,0x68,0x92,0xD2,0xE1,0x32,0x24,0x03,0x46,
    0xB9,0x2D,0x2E,0x43,0x20,0x23,0x6A,0x92,0xD2,0xE5,0x20,0x10,0x23,0x6A,0x92,0xD2,
    0xE5,0x20,0x10,0x23,0x61,0x92,0xD2,0xE5,0x20,0xB9,0x13,0xA2,0x23,0x32,0x68,0x18,
    0x91,0x3A,0x42,0x32,0x20,0x13,0x6B,0x91,0x3A,0x42,0x32,0x10,0x23,0x6A,0x91,0x3A,
    0x22,0x43,0x20,0x23,0x6A,0x91,0x3A,0x22,0x43,0x20,0x23,0x61,0x91,0x3A,0x22,0x33,
    0x2B,0x48,0xA3,0xA2,0x23,0x32,0x68,0x48,0x0A,0x13,0xA3,0x23,0x6E,0x48,0x0A,0x13,
    0xA3,0x23,0x60,0x13,0x6A,0x48,0xA3,0xA2,0x23,0x32,0x20,0x13,0x6A,0x48,0xA3,0xA2,
    0x23,0x32,0x20,0x13,0x62,0x3A,0x3A,0x22,0x33,0x2B,0x48,0x13,0xA4,0x12,0x31,0x26,
    0x84,0x90,0x11,0x3A,0x31,0x36,0xE4,0x80,0x11,0x3A,0x31,0x36,0xE4,0x81,0x3A,0x41,
    0x23,0x12,0x6D,0x48,0x13,0xA4,0x12,0x31,0x2D,0x48,0x13,0xA4,0x12,0x31,0x26,0x64,
    0x12,0x44,0x6B,0x23,0x65,0x67,0x28,0x40,0x12,0x44,0x6B,0x15,0x6E,0x49,0x01,0x42,
    0x46,0x3B,0x56,0xD2,0x84,0x12,0x44,0x6B,0x23,0x65,0x6D,0x48,0x12,0x44,0x6B,0x42,
    0x65,0xD4,0x81,0x24,0x46,0xB4,0x26,0x56,0x64,0x65,0x64,0xDB,0xC3,0xDC,0x66,0x18,
    0x74,0x06,0x54,0x6D,0xB8,0x6E,0x49,0x06,0x45,0x6D,0x3B,0xD6,0xD4,0x90,0x64,0x56,
    0xD4,0xBC,0xD8,0x6D,0x49,0x65,0x46,0xDB,0x4C,0xDC,0xE2,0x84,0x65,0x64,0xDB,0xC3,
    0xDC,0xB4,0x6A,0xE4,0xFB,0xC4,0xDE,0xDD,0x59,0x14,0x06,0xA4,0xEF,0xD2,0xC6,0xD7,
    0x46,0xAE,0x4F,0xBD,0x86,0xD4,0x96,0xA4,0xEF,0xB8,0x2D,0x1E,0x6D,0x46,0xAE,0x4F,
    0xBC,0x4D,0xED,0xE4,0x86,0xA4,0xEF,0xB4,0xCD,0xE1,0xDB,0x3A,0xB2,0xE4,0xBC,0xD3,
    0xEC,0xB3,0x98,0x20,0x3A,0xB2,0xE2,0xC6,0xE7,0x3A,0xB2,0xE3,0xBD,0x6E,0x49,0xAB,
    0x2E,0x4B,0xCD,0x2E,0x6D,0x3A,0xB2,0xE4,0xBC,0xD3,0xEC,0xE4,0x8A,0xB2,0xE4,0xBC,
    0xD3,0xEC,0x66,0x82,0xD3,0xB0,0x2D,0x86,0xA8,0x2D,0x2B,0x6D,0x72,0x08,0x2D,0x3B,
    0xC6,0xE4,0x80,0xC2,0xD4,0xBC,0xD3,0xCD,0x6D,0x39,0xC2,0xD3,0xBC,0x2D,0x8E,0x28,
    0x82,0xD3,0xB0,0x2D,0x86,0x64,0xDE,0xD3,0xB0,0x2D,0x86,0xA4,0xCD,0xE3,0xCB,0x00,
    0x14,0xDE,0xD2,0xB0,0x00,0x4D,0xED,0x2B,0x4C,0xEC,0x6D,0x48,0xDE,0x4D,0xBC,0x2D,
    0x8D,0x48,0xDE,0x4D,0xB0,0x2D,0x86,0x62,0xE4,0xCB,0x04,0xDE,0xC6,0xA8,0x2E,0x80,
    0x02,0x2E,0x3C,0xB0,0x01,0x2E,0x4C,0xB0,0x4D,0xEC,0x6E,0x2E,0x82,0xB4,0xDE,0xCB,
    0x2E,0x4C,0xB0,0x4D,0xEC,0x66,0x4D,0xFC,0x20,0x4D,0xEC,0x69,0x2C,0x4D,0xFC,0x00,
    0x24,0xDF,0xC1,0xB0,0x01,0x4D,0xFC,0x20,0x4D,0xEC,0x6E,0x4D,0xFC,0x40,0xBD,0x1E,
    0x66,0x4D,0xFC,0x20,0x4D,0xEC,0x66,0x4D,0xFB,0x20,0x4C,0xEC,0x69,0x2C,0x4D,0xFB,
    0x00,0x24,0xDF,0xC1,0xB0,0x01,0x4D,0xFB,0x20,0x2D,0x6F,0x4D,0xFB,0x40,0xBC,0x1E,
    0x66,0x4D,0xFB,0x20,0x4C,0xEC,0x66,0x3F,0xC6,0x04,0xCD,0xC6,0x94,0xDC,0xD3,0xFB,
    0x00,0x24,0xDF,0xC0,0x03,0x3F,0xC2,0x03,0xDC,0x00,0x03,0xFC,0x20,0x3C,0xD6,0x63,
    0xFC,0x60,0x4C,0xDC,0xB4,0xCE,0xB6,0x04,0xBC,0xD6,0x91,0xD2,0xC3,0xEA,0x00,0x24,
    0xCE,0xB0,0x02,0x4C,0xEB,0x20,0x3D,0xC6,0xF4,0xCE,0xB2,0x03,0xCD,0xB4,0xCE,0xB6,
    0x04,0xBC,0xDB,0x4C,0xEB,0x60,0x4B,0xDC,0x68,0x4C,0xDB,0x4C,0xEA,0x00,0x14,0xDC,
    0xE1,0xB0,0x02,0x4C,0xEB,0x40,0xBD,0x86,0xF4,0xCE,0xB2,0x03,0xDC,0xB4,0xCE,0xB6,
    0x04,0xBD,0xCB,0x4C,0xDA,0x60,0x4B,0xCD,0x68,0x2C,0x4B,0xCD,0x00,0x24,0xEC,0xD1,
    0xB0,0x02,0x4C,0xDA,0x40,0xBD,0x86,0xF4,0xCD,0xA2,0x03,0xCD,0xB4,0xCD,0xA6,0x04,
    0xBC,0xDD,0x4B,0xCD,0x62,0x3B,0xD6,0x84,0x8B,0x03,0xCD,0x00,0x24,0x8C,0xD1,0xA0,
    0x01,0x4B,0xCD,0x20,0x4B,0xDC,0x6E,0x4B,0xCD,0x60,0x3B,0xDD,0x4B,0xCD,0x62,0x3B,
    0xDD,0x48,0xAC,0x62,0x48,0xCD,0x67,0x48,0xB0,0x3A,0xC0,0x02,0x48,0xAC,0x00,0x34,
    0x8A,0xC4,0x08,0xC1,0xD6,0xE4,0x8A,0xC6,0x04,0x8C,0xDE,0x48,0xAC,0x62,0x48,0xCD,
    0xE4,0x8A,0x86,0x24,0x18,0xA6,0x64,0x28,0x24,0x18,0xA0,0x02,0x41,0x8A,0x00,0x34,
    0x8A,0x81,0x02,0x81,0xA6,0xE4,0x8A,0x86,0x04,0x18,0xAE,0x48,0xA8,0x62,0x41,0x8A,
    0xE1,0x92,0x8E,0x19,0x28,0x66,0x28,0x42,0x19,0x18,0x00,0x14,0x21,0x91,0x80,0x02,
    0x19,0x28,0x20,0x39,0x86,0xE1,0x92,0x86,0x11,0x92,0x86,0x21,0x92,0x8E,0x19,0x28,
    0x62,0x42,0xF9,0xD1,0x92,0x86,0x64,0x82,0x14,0x89,0xF0,0x00,0x42,0x08,0x39,0xF0,
    0x01,0x42,0xF9,0x60,0x39,0x86,0xD4,0x2F,0x96,0x21,0x92,0x86,0x14,0x2F,0x9D,0x19,
    0x28,0x0F,0xF0,0x00,0x48,0x25,0x6D,0x48,0x25,0x6A,0x48,0x25,0x01,0x35,0xC0,0x00,
    0xA4,0x82,0x56,0xD4,0x82,0x71,0xA7,0x6A,0x48,0x27,0x1A,0x76,0x74,0x82,0x71,0xA7,
    0x00,0xE2,0xC1,0xD5,0xE0,0x1D,0x2C,0x00,0x64,0x82,0x71,0xA7,0x6B,0x42,0x7A,0x39,
    0xF7,0x69,0x42,0x7A,0x39,0xF7,0x66,0x42,0x7A,0x39,0xF7,0x67,0x5C,0x06,0xE3,0xCD,
    0x5E,0x63,0xDC,0x00,0x44,0x27,0xA3,0x9F,0x76,0x94,0x85,0x64,0x8F,0x13,0x29,0x68,
    0x48,0x56,0x48,0xF1,0x32,0x9B,0x48,0x56,0x48,0xF1,0x32,0x96,0x68,0x5A,0x08,0x6C,
    0x85,0xEA,0x80,0x02,0x48,0x56,0x48,0xF1,0x32,0x96,0x8C,0x41,0xAF,0x42,0x42,0x19,
    0x67,0xC4,0x1A,0xF4,0x24,0x21,0x9D,0xC4,0x1A,0xF4,0x24,0x21,0x9B,0x85,0xA2,0x86,
    0xA8,0x5E,0x55,0x11,0x5E,0x08,0x00,0x0C,0x41,0xAF,0x42,0x42,0x19,0x67,0x46,0x51,
    0x48,0x91,0xA3,0x31,0x67,0x45,0x18,0x39,0x1A,0x33,0x1D,0x45,0x18,0x39,0x1A,0x33,
    0x1B,0x85,0xA2,0x86,0x98,0x5E,0x53,0x12,0x53,0x01,0x15,0xE0,0x86,0xEC,0x41,0x89,
    0x11,0xA3,0x31,0x66,0x46,0x05,0x48,0x91,0x44,0x34,0x11,0x68,0x46,0x89,0x41,0x43,
    0x34,0x1B,0x46,0x89,0x41,0x43,0x34,0x16,0x68,0x5A,0x28,0x68,0x85,0xE5,0x51,0x23,
    0x41,0x5E,0x18,0x6D,0x46,0x58,0x49,0x14,0x43,0x41,0x67,0x46,0x08,0x74,0x24,0x21,
    0x16,0x91,0x67,0x42,0x42,0x11,0x66,0x16,0x74,0x24,0x21,0x16,0x78,0x5A,0x28,0x67,
    0x85,0xE5,0x51,0x1A,0x31,0xD5,0xE2,0x86,0xC3,0x60,0x74,0x24,0x21,0x16,0x84,0x60,
    0x94,0x8D,0x54,0x32,0xB1,0xF6,0x84,0x59,0x54,0xDE,0x21,0xB6,0x61,0x57,0x4D,0xE2,
    0x1B,0x68,0x85,0xA0,0x86,0x88,0x5E,0x31,0x55,0x11,0x23,0xA1,0x95,0xE2,0x86,0xB4,
    0x60,0x94,0xCD,0x54,0x32,0xB1,0xF6,0x71,0x57,0x4B,0x5E,0x4B,0x46,0x3B,0xE6,0x77,
    0x45,0x65,0x4E,0x50,0x12,0xD7,0x45,0x65,0x3D,0x56,0x95,0xC0,0x68,0x85,0xE3,0x15,
    0x23,0x51,0x2A,0x19,0x5E,0x38,0x6A,0x46,0x98,0x4B,0x5E,0x4B,0x46,0x3B,0xE6,0x77,
    0x45,0x65,0x4E,0xB4,0x16,0x68,0x73,0xB6,0xC3,0xD5,0xA1,0xA6,0x27,0x35,0x6C,0x3D,
    0x50,0x06,0x85,0xE3,0x11,0x23,0x22,0x53,0x02,0x15,0xE4,0x86,0x94,0x65,0x94,0xB5,
    0x64,0x5E,0xB3,0x46,0x67,0x59,0x01,0x52,0x64,0x5F,0xB3,0x62,0x67,0x49,0x8B,0x26,
    0x45,0xFD,0x40,0x4A,0x62,0x49,0x8B,0x26,0x45,0xFD,0x00,0x58,0x5E,0x34,0x61,0x25,
    0x31,0x21,0x34,0x15,0xE5,0x86,0x81,0x67,0x4E,0xB5,0x4B,0x6F,0x4B,0x62,0x66,0x59,
    0x04,0xB5,0xE4,0xF5,0xF3,0x52,0x66,0x74,0x8B,0x54,0xEF,0x13,0xD0,0x96,0x17,0x48,
    0xB5,0x4E,0xF1,0x44,0x3A,0x00,0x38,0x5E,0x34,0x34,0x11,0x22,0x31,0x1A,0x11,0x5E,
    0x68,0x68,0x45,0x98,0x41,0xFE,0x4B,0x65,0x4F,0x52,0xB5,0x91,0x48,0xB4,0x43,0x5E,
    0x45,0x30,0xAE,0x72,0x84,0x5B,0x33,0x42,0x5A,0x01,0x36,0x07,0x48,0xB5,0xA4,0x3A,
    0x41,0xA0,0x03,0x85,0xE2,0x16,0xA1,0x35,0x11,0xA1,0x35,0xE6,0x86,0x87,0x18,0x22,
    0x31,0xAC,0x4E,0x53,0xB5,0x91,0x28,0x42,0x42,0x38,0x95,0xA0,0x13,0xE7,0x28,0x4B,
    0x5B,0x43,0x41,0x4A,0x23,0x60,0x72,0x84,0xB5,0x23,0x43,0x91,0x30,0x01,0x3C,0xD5,
    0xE3,0x32,0x45,0x13,0xA4,0x6E,0x61,0x45,0xE2,0x3D,0xC6,0x77,0x48,0x24,0x12,0x5B,
    0x04,0x89,0x3B,0x59,0x12,0x83,0xB3,0x5A,0x2D,0x59,0x03,0x8B,0x28,0x39,0x12,0x21,
    0xA6,0x15,0x90,0x58,0x14,0x91,0x24,0xA2,0x30,0x01,0x85,0xE5,0x31,0xE5,0x13,0xA1,
    0x2A,0x5E,0x38,0x67,0x74,0x81,0x44,0x2B,0x87,0x38,0x2B,0x59,0x12,0x81,0x95,0xA3,
    0x13,0xE5,0x91,0x3B,0x95,0x80,0x31,0xA6,0x25,0x90,0x48,0xB9,0x58,0x09,0xE5,0xC0,
    0x6A,0x85,0xE7,0x11,0x54,0x14,0x12,0x44,0x34,0x55,0xE3,0x86,0x77,0x41,0x24,0x31,
    0x92,0xB4,0xE6,0xA1,0x2D,0x59,0x14,0x8B,0x91,0x59,0x15,0x93,0x34,0x62,0x59,0x04,
    0x85,0x9C,0x3D,0x5E,0x59,0x04,0x85,0x9C,0x3D,0x5E,0x4C,0x9A,0x39,0xC6,0x22,0xC6,
    0x28,0x5E,0x61,0x52,0x14,0x23,0x43,0x1E,0x22,0x15,0x5E,0x48,0x67,0x71,0x12,0x33,
    0xB9,0xC3,0xD5,0x9D,0x59,0x02,0x81,0x95,0x50,0x1D,0xC4,0xA0,0x46,0x25,0x90,0x48,
    0x95,0x46,0x5D,0x15,0xE5,0x90,0x48,0x95,0x46,0x5D,0x15,0xE8,0x5A,0x08,0x61,0x87,
    0x86,0x18,0x5E,0x65,0x14,0x5E,0x88,0x66,0x49,0x09,0x21,0x3A,0x95,0x50,0x1D,0xC1,
    0xAD,0x18,0x72,0x85,0x50,0x1D,0x55,0x0B,0x59,0x03,0x85,0x26,0x1D,0xCE,0x18,0x73,
    0x85,0x26,0x1D,0xCE,0x85,0xA0,0x86,0x18,0x78,0x61,0x85,0xE5,0x15,0x51,0x55,0xE7,
    0x86,0x84,0x91,0xB4,0xA5,0x63,0x5D,0x55,0x09,0xD1,0x95,0x80,0x45,0x65,0x1D,0x55,
    0x06,0x64,0x89,0x81,0x52,0x61,0xEC,0xD4,0x89,0x81,0x52,0x61,0xEC,0xE4,0xC9,0xA3,
    0x9C,0x62,0x2C,0x62,0x85,0xE5,0x51,0x42,0x31,0x55,0xE6,0x86,0x81,0x92,0x13,0xA5,
    0x26,0x1D,0x55,0x09,0xB5,0x80,0x15,0x26,0x1E,0x55,0x06,0x72,0x81,0x52,0x61,0xE5,
    0x50,0xD2,0x81,0x52,0x61,0xE5,0x50,0xE5,0xC0,0x6A,0x85,0xE3,0x1A,0x2E,0x15,0xA1,
    0x32,0x15,0x30,0x16,0x5E,0x58,0x69,0x48,0xA1,0x45,0x6D,0x55,0x19,0x66,0x4A,0x85,
    0x26,0x4E,0xCD,0x1E,0x67,0x91,0x52,0x64,0xEC,0xD1,0xED,0x91,0x52,0x64,0xEC,0xD1,
    0xE0,0x03,0x3C,0xD5,0xE1,0x4A,0xEA,0x3E,0x5A,0x43,0x6E,0x11,0x23,0x14,0x5E,0x43,
    0xDC,0x69,0x91,0x52,0x63,0xEC,0x2D,0x1E,0x96,0x69,0x2D,0x2E,0x13,0x22,0x67,0x92,
    0xD2,0xE1,0x32,0x2D,0x92,0xD2,0xE1,0x32,0x20,0x04,0x85,0xE1,0x1A,0x2E,0x3A,0x6A,
    0x12,0x5E,0x01,0x1A,0x3E,0xA5,0xE2,0x86,0xA9,0x2D,0x2E,0x52,0x01,0x02,0x36,0x61,
    0x89,0x13,0xA4,0x23,0x26,0x89,0x13,0xA4,0x23,0x2B,0x91,0x3A,0x42,0x32,0x00,0x44,
    0xCE,0xA2,0xE5,0xA0,0x35,0x3A,0x11,0x5E,0x05,0x10,0x4A,0xEA,0x5E,0x18,0x6A,0x91,
    0x3A,0x22,0x43,0x20,0x23,0x66,0x49,0x0A,0x13,0xA3,0x23,0x69,0x48,0xA3,0xA3,0x23,
    0x66,0x48,0xA3,0xA3,0x23,0x00,0x53,0xCE,0x5A,0x31,0x55,0x10,0x5E,0x14,0x14,0x35,
    0xA3,0x3E,0xC6,0xA4,0x8A,0x3A,0x22,0x33,0x22,0x01,0x3B,0x48,0x90,0x31,0x3A,0x31,
    0x36,0x82,0x83,0x13,0xA3,0x13,0xB2,0x83,0x13,0xA3,0x13,0x00,0x63,0xCE,0x5A,0x21,
    0x12,0x31,0x12,0xE4,0xA1,0x32,0x15,0xA2,0x3E,0xC6,0xB4,0x81,0x3A,0x41,0x23,0x12,
    0x67,0x48,0x98,0x40,0x12,0x44,0x6B,0x15,0x68,0x49,0x01,0x42,0x46,0x3B,0x5B,0x49,
    0x01,0x42,0x46,0x3B,0x50,0x06,0x3C,0xE5,0xA1,0x12,0x51,0x05,0xA0,0x3E,0x12,0x31,
    0x25,0xA0,0x4E,0xAE,0x86,0xB4,0x81,0x24,0x46,0xB4,0x26,0x56,0x77,0x20,0x46,0x56,
    0x4D,0xBC,0x68,0x49,0x06,0x45,0x6D,0x3B,0xCB,0x49,0x06,0x45,0x6D,0x3B,0xC0,0x07,
    0x3C,0xE5,0xA0,0x42,0x31,0x5A,0x21,0x12,0x31,0x29,0x5E,0x08,0x6D,0x46,0x56,0x4D,
    0xBC,0x3D,0xC6,0x74,0x98,0x04,0x6A,0xE3,0xFD,0x2C,0x68,0x49,0x6A,0x4E,0xFD,0x2C,
    0xB4,0x96,0xA4,0xEF,0xD2,0xC0,0x07,0x3C,0xE5,0xA0,0x12,0x21,0x5A,0x22,0x22,0x15,
    0xA0,0x2E,0x86,0xC4,0x6A,0xE4,0xFB,0xC4,0xDE,0xD0,0x3F,0x82,0xE4,0xA2,0x31,0x25,
    0xA3,0x11,0x23,0x12,0x93,0xEC,0x6D,0x3A,0xB2,0xE4,0xBC,0xD3,0xEC,0x04,0x04,0xCE,
    0xD1,0x22,0x33,0x25,0x5D,0x03,0x51,0x53,0x04,0x2E,0xC6,0xF8,0x2D,0x3B,0x02,0xD8,
    0x04,0x18,0x5E,0xC8,0x00,0x04,0xDE,0xD3,0xB0,0x2D,0x8E,0x22,0x00,0xE1,0x40,0x18,
    0x85,0xEA,0x80,0x01,0x2E,0x4C,0xB0,0x4D,0xEC,0xE3,0x23,0x00,0xE1,0x40,0x19,0x3C,
    0xD5,0xE6,0x3D,0xC0,0x02,0x4D,0xFC,0x20,0x4D,0xEC,0xE3,0x23,0x6C,0xA6,0x61,0x46,
    0x2A,0x6A,0x14,0x00,0xD2,0xC1,0xD5,0xE0,0x1D,0x2C,0x00,0x44,0xDF,0xB2,0x04,0xCE,
    0xCE,0x32,0x36,0x22,0x22,0x01,0x46,0x81,0x26,0x0A,0x62,0xA6,0x0A,0xBA,0x00,0xF5,
    0xC0,0x00,0x73,0xFC,0x60,0x4C,0xDC,0xE3,0x23,0x62,0x32,0x32,0x03,0x43,0x67,0x22,
    0x30,0xAA,0x62,0x96,0x01,0x1A,0xD3,0xA4,0x02,0xB4,0xCE,0xB6,0x04,0xBC,0xDD,0x96,
    0x14,0x24,0x31,0x02,0x36,0x74,0x13,0x45,0xA0,0x20,0x43,0x40,0x5A,0x06,0x19,0xD9,
    0x02,0xA4,0xCE,0xB6,0x04,0xBD,0xCD,0x96,0x14,0x13,0x41,0x09,0x68,0x31,0x35,0xA0,
    0x20,0x42,0x34,0x11,0x96,0x15,0xA0,0xE9,0x02,0xA4,0xCD,0xA6,0x04,0xBC,0xDB,0x96,
    0x13,0x13,0x5A,0x02,0x03,0x64,0xB1,0x15,0xA0,0x60,0x11,0x22,0x96,0x25,0xA0,0x62,
    0x90,0x0E,0x5C,0x00,0x05,0x4B,0xCD,0x62,0x3B,0xDB,0x96,0x21,0x19,0x60,0x54,0x01,
    0xAB,0x1A,0xE3,0x1A,0x61,0x4E,0x42,0x96,0x04,0xE4,0x39,0x00,0xA2,0xC1,0xD5,0xB0,
    0x1D,0x2C,0x00,0x24,0x8A,0xC6,0x24,0x8C,0xDD,0x1A,0x23,0x62,0x96,0x04,0xB6,0x49,
    0x00,0x15,0x30,0x11,0x61,0x23,0x32,0xA0,0x09,0x3C,0xD5,0xB6,0x3D,0xC0,0x00,0x48,
    0xA8,0x62,0x41,0x8A,0xB2,0x36,0x74,0xF5,0x25,0xA0,0x00,0x02,0x1E,0x21,0x00,0xA8,
    0x5B,0x35,0x90,0x5B,0x18,0x6F,0x19,0x28,0xE1,0x92,0x80,0x00,0x4E,0x50,0x5A,0x00,
    0x26,0x85,0xB2,0x4A,0x9A,0x71,0xA5,0xB1,0x86,0xE4,0x2F,0x9D,0x19,0x28,0x6F,0x38,
    0x92,0x09,0x02,0x58,0x5B,0x24,0xA4,0x94,0xA4,0xA1,0x95,0xB2,0x80,0x59,0x85,0xB3,
    0x44,0x94,0x71,0x47,0x5B,0x28,0x05,0x78,0x5B,0x44,0x9B,0xAA,0x58,0x11,0x75,0xB1,
    0x86,0x74,0x82,0x56,0xA4,0x82,0x56,0xA4,0x82,0x56,0xA4,0x82,0x56,0xA4,0x82,0x50,
    0x09,0x85,0xB3,0x18,0x51,0x04,0x54,0x82,0x11,0x65,0xB2,0x86,0x64,0x82,0x71,0xA7,
    0x67,0x48,0x27,0x1A,0x76,0x74,0x82,0x71,0xA7,0x67,0x48,0x27,0x1A,0x76,0x74,0x82,
    0x71,0xA7,0x00,0x68,0x5B,0x41,0x75,0x10,0x44,0x97,0x21,0x36,0xD5,0xB2,0x8B,0x42,
    0x7A,0x39,0xF7,0x66,0x42,0x7A,0x39,0xF7,0x66,0x42,0x7A,0x39,0xF7,0x66,0x42,0x7A,
    0x39,0xF7,0x66,0x42,0x7A,0x39,0xF7,0x00,0x58,0x5B,0x54,0x71,0xD4,0x94,0x71,0x12,
    0x73,0x68,0x5B,0x18,0xD4,0x85,0x64,0x8F,0x13,0x29,0xB4,0x85,0x64,0x8F,0x13,0x29,
    0xB4,0x85,0x64,0x8F,0x13,0x29,0xB4,0x85,0x64,0x8F,0x13,0x29,0xB4,0x85,0x64,0x8F,
    0x13,0x29,0x00,0x48,0x5B,0x54,0xD7,0xE4,0x14,0x51,0x62,0x74,0xFB,0xE1,0xD5,0xB1,
    0x86,0x2C,0x41,0xAF,0x42,0x42,0x19,0xDC,0x41,0xAF,0x42,0x42,0x19,0xDC,0x41,0xAF,
    0x42,0x42,0x19,0xDC,0x41,0xAF,0x42,0x42,0x19,0xDC,0x41,0xAF,0x42,0x42,0x19,0x00,
    0x48,0x5B,0x54,0xC6,0x1C,0x16,0x27,0x1B,0x51,0x01,0x65,0xB1,0x86,0x24,0x51,0x83,
    0x91,0xA3,0x31,0xD4,0x51,0x83,0x91,0xA3,0x31,0xD4,0x51,0x83,0x91,0xA3,0x31,0xD4,
    0x51,0x83,0x91,0xA3,0x31,0xD4,0x51,0x83,0x91,0xA3,0x31,0x00,0x48,0x5B,0x54,0x16,
    0x11,0x45,0x60,0x1E,0x21,0x16,0x21,0x5B,0x18,0x62,0x46,0x89,0x41,0x43,0x44,0x10,
    0x14,0xE4,0x68,0x93,0x14,0x23,0xAD,0x46,0x89,0x41,0x43,0x34,0x1B,0x46,0x89,0x41,
    0x43,0x34,0x1B,0x46,0x89,0x41,0x43,0x34,0x10,0x04,0x3C,0xD5,0xB4,0x4C,0xFD,0x4C,
    0xEC,0x4F,0x6C,0x41,0x71,0x37,0x15,0xB1,0x3D,0xC6,0x11,0x67,0x42,0x42,0x31,0x0A,
    0xE1,0x67,0x42,0x42,0x11,0xAD,0x16,0x74,0x24,0x21,0x16,0x61,0x67,0x42,0x42,0x11,
    0x61,0xA6,0x01,0x67,0x42,0x42,0x11,0x00,0x58,0x5B,0x54,0xCB,0xC2,0xE2,0xC3,0xF7,
    0x21,0x48,0x68,0x5B,0x28,0x61,0x45,0x95,0x4D,0xE2,0x4B,0x04,0x12,0xE4,0x69,0x54,
    0xDE,0x23,0xB0,0x9E,0x45,0x95,0x4D,0xE2,0x1B,0x66,0x45,0x95,0x4D,0xE2,0x1B,0x60,
    0x1A,0xA6,0x04,0x59,0x54,0xDE,0x21,0xB6,0x61,0xD2,0xF4,0xE6,0xE4,0x65,0x11,0x96,
    0x28,0x5B,0x54,0xCE,0xC4,0xEC,0xD4,0xB6,0x14,0x61,0x71,0x85,0xB3,0x86,0x17,0x45,
    0x65,0x4E,0x50,0x9E,0x74,0x56,0x54,0xE5,0x09,0xE7,0x45,0x65,0x3E,0x56,0x67,0x45,
    0x65,0x3E,0x56,0x09,0x61,0x74,0x56,0x53,0xE5,0x67,0x54,0x02,0xE3,0x30,0x96,0x28,
    0x5B,0x54,0xCD,0xC4,0xEC,0xE4,0xB1,0x64,0x71,0x72,0x85,0xB2,0x86,0x17,0x1B,0x26,
    0x45,0xD5,0x9E,0x71,0xB2,0x64,0x5D,0x51,0x09,0x62,0x71,0xB2,0x64,0x5D,0x5B,0x71,
    0xB2,0x64,0x5D,0x52,0x09,0x61,0x71,0xB2,0x64,0x5E,0x51,0x09,0xE5,0x40,0x11,0x23,
    0x30,0xAE,0x85,0xB6,0x4D,0xEC,0x4D,0xB2,0x41,0x76,0x31,0x72,0x65,0xB2,0x86,0x07,
    0x48,0xB5,0x46,0x5F,0x1D,0x96,0x27,0x48,0xB5,0x46,0x5F,0x3D,0x09,0x61,0x74,0x8B,
    0x54,0x65,0xF3,0xD0,0x96,0x14,0x89,0x84,0xB5,0x64,0x5F,0xD1,0x09,0x62,0x39,0x82,
    0xB2,0x64,0xFD,0x09,0x14,0x62,0x13,0xA1,0x22,0x33,0x08,0xE8,0x5B,0x64,0x2D,0x24,
    0xDE,0x24,0x67,0x64,0x1A,0x61,0x15,0xB2,0x86,0x07,0x28,0x45,0xEF,0x41,0xD0,0x96,
    0x17,0x48,0xB5,0x4E,0xF1,0x3D,0x09,0x14,0x60,0x74,0x8B,0x54,0xEF,0x13,0xD0,0x91,
    0x46,0x07,0x48,0xB5,0x4E,0xF1,0x3D,0x09,0x14,0x60,0x74,0x8B,0x54,0xEF,0x14,0xD0,
    0xA3,0x23,0x62,0x12,0xA1,0x22,0x33,0x89,0xE8,0x5B,0x54,0x41,0xA4,0x9E,0x21,0x65,
    0x10,0x14,0x91,0x15,0xB2,0x86,0x05,0x90,0x18,0xC4,0x14,0x35,0xA0,0x14,0x60,0x59,
    0x01,0x8C,0x41,0x43,0x93,0x23,0x60,0x72,0x8C,0x41,0x43,0x93,0x23,0x60,0x72,0x8C,
    0x41,0x43,0x93,0x23,0x60,0x72,0x8C,0x11,0xA5,0xA0,0xE4,0x67,0x64,0x23,0x21,0x87,
    0x62,0x85,0xB0,0x13,0x5B,0x04,0x4A,0x94,0xA9,0x44,0x96,0x73,0x1A,0xC9,0x3B,0x35,
    0xB0,0x82,0x05,0x91,0x2B,0x45,0x62,0x44,0x3A,0x32,0x36,0x05,0x90,0x48,0xB5,0x46,
    0x24,0x13,0x96,0x15,0x90,0x48,0xB5,0x46,0x24,0x13,0x96,0x17,0x28,0x4B,0x56,0x42,
    0x43,0x96,0x17,0x28,0x4B,0x56,0x22,0x34,0xA6,0x2C,0x1D,0x2E,0x15,0x26,0x40,0x89,
    0x62,0x4C,0xDB,0x43,0xB3,0x2B,0x4A,0x19,0x14,0x21,0x73,0x76,0x51,0x04,0x4A,0x35,
    0xB0,0x3D,0xC2,0x05,0x91,0x1B,0x28,0x49,0x81,0x32,0xA6,0x15,0x91,0x1B,0x28,0x49,
    0x81,0x32,0xA6,0x15,0x91,0x1B,0x28,0x49,0x81,0x32,0xA6,0x15,0x91,0x1B,0x28,0x49,
    0x81,0x32,0xA6,0x15,0x90,0x38,0xB2,0x83,0x98,0x21,0xE4,0x50,0xD4,0xFE,0xC3,0xDE,
    0x20,0x18,0xE3,0xCB,0x23,0x4B,0x3B,0x41,0x5D,0x8A,0x3A,0x12,0x75,0x11,0x3A,0x35,
    0xB0,0x86,0x05,0x90,0x48,0xB9,0x58,0x11,0xA6,0x25,0x90,0x48,0xB9,0x58,0x11,0xA6,
    0x25,0x90,0x48,0xB9,0x58,0x11,0xA6,0x25,0x90,0x48,0xB9,0x58,0x11,0xA6,0x25,0x90,
    0x48,0xB9,0x58,0x16,0x64,0xCF,0xD4,0xCE,0xD3,0x08,0xD3,0xCB,0x53,0x14,0x54,0x14,
    0xE9,0xC1,0xD2,0x24,0x76,0x42,0x11,0x95,0x31,0x3B,0xC6,0x05,0x90,0x48,0x59,0xC3,
    0xD5,0xE5,0x90,0x48,0x59,0xC3,0xD5,0xE5,0x90,0x48,0x59,0xC3,0xD5,0xE5,0x90,0x48,
    0x59,0xC3,0xD5,0xE5,0x90,0x48,0x59,0xC3,0xD5,0x66,0x82,0xD4,0xBD,0xC6,0x63,0xCB,
    0x53,0x14,0xA5,0x44,0xBD,0x94,0xD2,0xA3,0x64,0x51,0x05,0x32,0x3B,0xC6,0x05,0x90,
    0x48,0x95,0x46,0x5D,0x15,0xE5,0x90,0x48,0x95,0x46,0x5D,0x15,0xE5,0x90,0x48,0x95,
    0x46,0x5D,0x15,0xE5,0x90,0x48,0x95,0x46,0x5D,0x15,0xE5,0x90,0x48,0x95,0x46,0x5D,
    0x15,0x66,0x4B,0xED,0x3B,0xC6,0x84,0xC3,0xB5,0x30,0x4A,0x9B,0x3D,0xC2,0xD4,0x26,
    0x1C,0x1D,0x53,0x13,0xBC,0x61,0x18,0x73,0x85,0x26,0x1D,0xCE,0x18,0x73,0x85,0x26,
    0x1D,0xCE,0x59,0x03,0x85,0x26,0x1D,0xCE,0x59,0x03,0x85,0x26,0x1D,0xCE,0x18,0x73,
    0x85,0x26,0x1D,0xC6,0x61,0xB2,0xE3,0xBC,0x68,0x3C,0xB5,0x32,0x46,0xBD,0x4C,0xDE,
    0x1D,0x26,0x31,0x55,0x31,0x2B,0x86,0x24,0x89,0x81,0x52,0x61,0xEC,0xD7,0x38,0x52,
    0x61,0xEC,0xD4,0x89,0x81,0x52,0x61,0xEC,0xD4,0x89,0x81,0x52,0x61,0xEC,0xD4,0x89,
    0x81,0x52,0x61,0xEC,0x66,0x4B,0xDE,0x2B,0x69,0x85,0x32,0x46,0xED,0x4C,0xDB,0x3D,
    0x75,0x60,0x53,0x13,0xBC,0xD4,0xA8,0x52,0x61,0xE5,0x50,0xE5,0x80,0x15,0x26,0x1E,
    0x55,0x0D,0x28,0x15,0x26,0x1E,0x55,0x0D,0x4A,0x85,0x26,0x1E,0x55,0x0D,0x4A,0x85,
    0x26,0x1E,0x55,0x06,0x64,0xCF,0xC1,0xA6,0x93,0xCB,0x53,0x11,0x72,0xD2,0xC4,0xBE,
    0x72,0x61,0x75,0x30,0x2B,0x8D,0x91,0x52,0x64,0xEC,0xD1,0xED,0x91,0x52,0x64,0xEC,
    0xD1,0xED,0x91,0x52,0x64,0xEC,0xD1,0xED,0x91,0x52,0x64,0xEC,0xD1,0xED,0x91,0x52,
    0x64,0xEC,0xD1,0xE6,0x64,0xBF,0xC6,0xB8,0x2B,0x23,0x18,0x2D,0x2C,0x3D,0xB5,0x70,
    0x18,0x53,0x03,0xBC,0xB9,0x2D,0x2E,0x13,0x22,0xD9,0x2D,0x2E,0x13,0x22,0xD9,0x2D,
    0x2E,0x13,0x22,0xD9,0x2D,0x2E,0x13,0x22,0xD9,0x2D,0x2E,0x13,0x22,0x66,0x4B,0xED,
    0x6C,0x3C,0xB2,0x34,0x83,0xD2,0xC3,0xDB,0x27,0x28,0x23,0x3B,0xC6,0x79,0x13,0xA4,
    0x23,0x2B,0x91,0x3A,0x42,0x32,0xB9,0x13,0xA4,0x23,0x2B,0x91,0x3A,0x42,0x32,0xB9,
    0x13,0xA4,0x23,0x26,0x64,0xBE,0xD6,0xD8,0x2B,0x23,0x4D,0x3D,0x43,0xE7,0x18,0x53,
    0x03,0xBC,0x68,0x49,0xA3,0xA3,0x23,0x66,0x48,0xA3,0xA3,0x23,0x66,0x48,0xA3,0xA3,
    0x23,0x66,0x48,0xA3,0xA3,0x23,0x66,0x48,0xA3,0xA3,0x23,0x67,0x41,0xDE,0x6E,0x82,
    0xB5,0x32,0x3E,0x85,0x30,0x3B,0xC6,0x87,0x31,0x3A,0x31,0x3B,0x28,0x31,0x3A,0x31,
    0x3B,0x28,0x31,0x3A,0x31,0x3B,0x28,0x31,0x3A,0x31,0x3B,0x28,0x31,0x3A,0x31,0x36,
    0x74,0x2C,0xD6,0xF3,0xCD,0x5B,0x05,0x30,0x5B,0x03,0xDC,0x69,0x49,0x01,0x42,0x46,
    0x3B,0x5B,0x49,0x01,0x42,0x46,0x3B,0x5B,0x49,0x01,0x42,0x46,0x3B,0x5B,0x49,0x01,
    0x42,0x46,0x3B,0x5B,0x49,0x01,0x42,0x46,0x3B,0x56,0x74,0x1A,0x80,0x01,0x2C,0x1D,
    0x5B,0x01,0xD2,0xC6,0xB4,0x90,0x64,0x56,0xD3,0xBC,0xB4,0x90,0x64,0x56,0xD3,0xBC,
    0xB4,0x90,0x64,0x56,0xD3,0xBC,0xB4,0x90,0x64,0x56,0xD3,0xBC,0xB4,0x90,0x64,0x56,
    0xD3,0xBC,0x68,0x49,0xA8,0x00,0x35,0xC0,0x6E,0x48,0x6A,0x4E,0xFD,0x2C,0xB4,0x96,
    0xA4,0xEF,0xD2,0xCB,0x49,0x6A,0x4E,0xFD,0x2C,0xB4,0x96,0xA4,0xEF,0xD2,0xCB,0x49,
    0x6A,0x4E,0xFD,0x2C,0x68,0x48,0xF9,0x09,0x4F,0x00,0x00,0x00,
};
u8 D_8018D200[] = {
    0x29,0x24,0x2A,0x28,0x67,0x6A,0x68,0x25,0x0F,0xF6,0xB4,0x82,0x56,0xB4,0x82,0x50,
    0x00,0x48,0x25,0x02,0xE4,0x82,0x56,0xE4,0x82,0x71,0xA7,0xD4,0x82,0x71,0xA7,0x6D,
    0x48,0x27,0x1A,0x76,0xD4,0x82,0x50,0x01,0x48,0x25,0x00,0x14,0x82,0x71,0xA7,0x6C,
    0x42,0x7A,0x39,0xF7,0xB4,0x27,0xA3,0x9F,0x76,0xC4,0x27,0xA3,0x9F,0x76,0xB4,0x82,
    0x71,0xA7,0x6E,0x48,0x27,0x1A,0x76,0xF4,0x27,0xA3,0x9F,0x7C,0x48,0x56,0x48,0xF1,
    0x32,0x96,0x64,0x85,0x64,0x8F,0x13,0x29,0x6B,0x48,0x56,0x48,0xF1,0x32,0x96,0xB4,
    0x27,0xA3,0x9F,0x76,0xD4,0x27,0xA3,0x9F,0x76,0xC4,0x68,0x54,0x68,0xF4,0x12,0x9D,
    0x26,0x45,0x1A,0x4F,0x24,0x32,0x96,0x35,0x60,0x45,0x1A,0x4F,0x24,0x32,0x9B,0x26,
    0x20,0x45,0x1A,0x4F,0x24,0x32,0x9C,0x48,0x56,0x48,0xF1,0x32,0x96,0xC4,0x85,0x64,
    0x8F,0x13,0x29,0xC2,0x64,0x05,0x14,0xAF,0x24,0x42,0x9B,0x16,0x20,0x41,0x89,0x11,
    0x83,0x31,0x62,0x16,0x60,0x41,0x89,0x11,0x83,0x31,0x65,0x26,0x20,0x26,0x41,0x89,
    0x11,0x83,0x31,0xD2,0x64,0x51,0xA4,0xF2,0x43,0x29,0x6B,0xE4,0x1A,0xF4,0x24,0x21,
    0x9C,0x16,0x20,0x41,0x89,0x11,0x83,0x31,0x66,0x16,0x60,0x48,0x91,0x23,0x34,0x16,
    0x21,0x66,0x14,0x89,0x12,0x33,0x41,0x65,0x16,0x63,0x48,0x91,0x23,0x34,0x16,0x65,
    0x60,0x20,0x41,0x89,0x11,0x83,0x31,0x6B,0x46,0x18,0x39,0x18,0x33,0x16,0x91,0x62,
    0x04,0x58,0x91,0x12,0x33,0x41,0x66,0x16,0x61,0x73,0x24,0x21,0x62,0x16,0x62,0x73,
    0x24,0x21,0x66,0x16,0x63,0x73,0x24,0x21,0x66,0x16,0x62,0x48,0x91,0x44,0x34,0x11,
    0x6B,0x46,0x58,0x49,0x14,0x43,0x41,0xC1,0x66,0x07,0x32,0x42,0x1B,0x16,0x60,0x49,
    0xCD,0x15,0x23,0x3B,0xF6,0x11,0x66,0x14,0x9C,0xD1,0x52,0x33,0xBF,0x6B,0x49,0xCD,
    0x45,0x32,0x3B,0xF6,0x41,0x66,0x37,0x42,0x42,0x11,0x6B,0x16,0x20,0x74,0x24,0x21,
    0x16,0xB1,0x62,0x04,0x9C,0xD4,0x53,0x43,0xBF,0x66,0x16,0x60,0x49,0xB5,0x4E,0xB4,
    0x46,0xBE,0x60,0x16,0x61,0x49,0xB5,0x4E,0xB4,0x46,0xBE,0xC4,0x9B,0x54,0xEB,0x44,
    0x6B,0xE6,0x97,0x3D,0x52,0x23,0xBF,0xB5,0x60,0x60,0x49,0xD5,0x22,0x3B,0xFC,0x46,
    0x08,0x49,0xB5,0x4E,0xB4,0x46,0xBE,0x66,0x46,0x09,0x48,0x56,0x45,0xEB,0x34,0x66,
    0x57,0x45,0x65,0x4E,0xB4,0x16,0xC7,0x45,0x65,0x4E,0xB4,0x16,0xC7,0x4B,0x5B,0x44,
    0x6B,0x1E,0x6B,0x74,0xB5,0xB4,0x46,0xB1,0xE6,0x94,0x60,0x94,0x85,0x64,0x5E,0xB3,
    0x46,0x69,0x49,0x8B,0x45,0xB6,0x4F,0xB6,0x65,0x49,0x8B,0xE4,0x6F,0xB1,0x6C,0x74,
    0x56,0xB4,0x6F,0xB1,0x66,0x95,0x90,0x45,0x65,0x4B,0x46,0x6C,0x74,0x56,0x54,0xB4,
    0x6C,0x46,0x89,0x1B,0xE4,0x6F,0xB3,0x65,0xD7,0x48,0xFE,0x4B,0x65,0x3E,0x56,0x47,
    0x48,0xFE,0x4B,0x65,0x3E,0x56,0x95,0x90,0x1B,0x2E,0x46,0x5F,0x15,0x69,0x59,0x04,
    0x56,0xB4,0xFB,0x61,0x5C,0x59,0x04,0x56,0xB4,0xFB,0x61,0x5C,0x49,0x8F,0x4E,0xB6,
    0x45,0xF5,0x12,0xD1,0x9A,0x42,0x31,0xE3,0xD5,0x64,0x74,0x81,0x31,0x1E,0x3D,0x56,
    0x97,0x48,0xE2,0x13,0xE3,0xE5,0xD1,0x55,0x90,0x1B,0x2E,0x45,0xF5,0x6B,0x59,0x01,
    0xB2,0xE4,0x5F,0x5C,0x74,0x83,0x21,0xAE,0x4E,0x53,0xB7,0x18,0x22,0x43,0x1B,0x48,
    0x93,0x63,0x7A,0x42,0x41,0x4B,0x89,0x12,0xD5,0x90,0xA3,0x24,0x2B,0x38,0x3D,0x59,
    0x14,0xE2,0x34,0x5E,0x5C,0x59,0x14,0xE2,0x34,0x5E,0x5C,0x74,0x84,0x21,0x12,0xB4,
    0x89,0x3B,0x74,0x82,0x4A,0x73,0x83,0x63,0x7A,0x42,0x41,0x73,0x83,0xD5,0x90,0xA4,
    0x14,0x87,0x13,0xD5,0x91,0x48,0x24,0x4B,0x89,0xC5,0x91,0x48,0x24,0x4B,0x89,0xC4,
    0x98,0x23,0x41,0xA7,0x38,0x4B,0x19,0xA4,0x24,0x82,0xB3,0xE6,0x96,0x27,0xA3,0x24,
    0x2B,0x3E,0x69,0xB7,0x58,0x03,0xA2,0x2B,0x3E,0x6D,0x59,0x14,0x81,0x47,0x18,0xC5,
    0x91,0x48,0x14,0x71,0x8C,0x49,0x82,0x13,0xA2,0xB4,0xE6,0x31,0x26,0x61,0x9A,0x4A,
    0x38,0xE3,0xD5,0x96,0x27,0xA3,0xA3,0xE1,0xDE,0x1A,0xB7,0x58,0x01,0x59,0x45,0xD5,
    0xD5,0x90,0xA4,0x13,0xB3,0xE6,0xC5,0x91,0x18,0x21,0x4B,0xE6,0x69,0x48,0x98,0x93,
    0x98,0xE3,0xD5,0x96,0x61,0x9A,0x95,0x50,0x1D,0xE1,0xA6,0x27,0xA9,0xE1,0xDE,0x1A,
    0xB7,0x58,0x01,0x59,0x45,0xD5,0xD5,0x90,0xA9,0x45,0xD5,0xC5,0x90,0xA1,0x59,0x3D,
    0x56,0x93,0x89,0x5A,0x04,0x98,0x54,0x6D,0x55,0xA0,0x66,0x19,0x5A,0x01,0x52,0x61,
    0xDE,0x96,0x21,0x9A,0x94,0x65,0xDE,0x1A,0xD1,0x9A,0xE9,0x55,0x1B,0x7A,0x15,0x93,
    0x5D,0xE6,0x95,0x90,0x18,0xE9,0x1D,0xE6,0x91,0x89,0x41,0x85,0x56,0x0E,0x96,0x61,
    0x85,0xA0,0x15,0x26,0x1D,0xE9,0x62,0x58,0x09,0x26,0x1D,0xE1,0xAD,0x19,0xA4,0x56,
    0xA3,0x34,0x55,0x0B,0x19,0xAE,0x16,0x95,0x50,0x69,0x7A,0x45,0x65,0x9E,0x69,0x48,
    0x1A,0xA1,0x55,0x60,0xE3,0xA3,0xB4,0xA4,0xA1,0x52,0x61,0xEE,0x23,0x63,0xA4,0x34,
    0xA3,0x6E,0xE1,0x36,0x9A,0x15,0x26,0x85,0x50,0xDA,0x15,0x26,0x1A,0x8E,0xCA,0x15,
    0x26,0x98,0x15,0xC3,0x14,0xA1,0x55,0x60,0x15,0x20,0x23,0x66,0x1A,0x81,0x52,0x64,
    0xED,0xE3,0x13,0x63,0x91,0x28,0x36,0xE2,0xD1,0x36,0x94,0xA8,0x52,0x64,0x4C,0xD3,
    0xE5,0xDA,0x15,0x26,0x15,0x8E,0xCA,0x15,0x26,0xE8,0x15,0x6B,0x82,0xD5,0x60,0x15,
    0x60,0x13,0x66,0x1A,0x81,0xD5,0xE0,0x22,0x65,0x5A,0x04,0x4D,0xE4,0x12,0x1C,0x93,
    0x8D,0x2E,0x11,0x22,0x69,0x4A,0x85,0x26,0x2D,0x14,0x2D,0xC4,0xA8,0x52,0x61,0x52,
    0xD3,0x4E,0x6B,0x42,0x4A,0x11,0x5E,0x01,0x16,0xB4,0x1A,0x11,0x28,0x12,0x66,0x18,
    0x94,0x13,0x43,0x32,0x6B,0x48,0xA0,0x13,0x85,0x20,0x69,0xA1,0xD2,0xE3,0x41,0x22,
    0x6B,0x95,0xD1,0x12,0x23,0x12,0x6B,0x94,0x12,0x18,0x12,0xC5,0x80,0x31,0x38,0x12,
    0x66,0xA3,0x01,0x83,0x32,0x6B,0xA3,0x03,0x85,0x20,0x69,0xA1,0x15,0x40,0x41,0x32,
    0xC1,0x89,0x13,0x84,0x21,0x22,0x36,0xC4,0x81,0x21,0x18,0x13,0xC5,0x80,0x31,0x38,
    0x11,0x65,0x58,0x03,0x01,0x82,0x26,0xB4,0x98,0x01,0x38,0x52,0x06,0x94,0x98,0x18,
    0x43,0x13,0x12,0xC4,0x80,0xA1,0x38,0x42,0x12,0x23,0x6C,0x48,0x12,0x11,0x81,0x3C,
    0x48,0x98,0x41,0x24,0x36,0xB6,0x54,0x89,0x83,0x01,0x83,0x26,0xC1,0x87,0x40,0x24,
    0x46,0x25,0x16,0x69,0x71,0x28,0x32,0x12,0x3C,0x49,0x01,0x13,0x84,0x10,0x22,0x36,
    0xC4,0x91,0x21,0x18,0x12,0xC4,0x89,0x04,0x65,0x63,0xDB,0x65,0x18,0x73,0x05,0x26,
    0x35,0xCC,0xA4,0x96,0x54,0x6D,0x53,0xDE,0xD1,0x87,0x12,0x83,0x15,0x26,0x69,0x49,
    0x80,0x41,0x24,0x46,0xB0,0x41,0x65,0x6C,0x49,0x12,0x15,0x26,0x15,0x6B,0x49,0x06,
    0x4A,0xEF,0x1B,0x66,0x49,0x86,0x4A,0xEF,0x3B,0xEC,0x48,0x96,0x4A,0xEF,0x3B,0xD2,
    0xEB,0x74,0x89,0x64,0x56,0xD1,0xB2,0xDD,0x74,0x10,0x64,0x56,0xD4,0xB0,0xC3,0xDC,
    0x6C,0x49,0x56,0x4A,0xCF,0x1D,0x6B,0x48,0x0A,0x1B,0x2E,0x1B,0xB4,0x9A,0xB2,0xE3,
    0xBE,0xC4,0x98,0xA1,0xB2,0xE1,0xB5,0xD0,0xB4,0x98,0x94,0x6A,0xE4,0xFB,0xC4,0xDE,
    0xCB,0x74,0x06,0xA4,0xEF,0xB1,0xC2,0x04,0xDE,0xD6,0xB3,0x6B,0x5D,0x03,0xED,0x6E,
    0x1C,0x2D,0x1B,0x69,0x1C,0x2D,0x3B,0xD6,0xD1,0xC2,0xD4,0xBD,0xE1,0xCB,0x19,0x20,
    0x4A,0xBE,0x4D,0xBC,0x4D,0xEC,0xB4,0x19,0x03,0xAB,0x2E,0x3B,0xC2,0x04,0xDE,0xC6,
    0xC2,0xC5,0xD1,0x6D,0x2C,0x4E,0xDB,0x69,0x4C,0xED,0x3B,0xC6,0xD4,0xDE,0xD4,0xBE,
    0xD1,0xBC,0x1C,0x2D,0x4B,0x0C,0x4E,0xDC,0xD4,0x18,0x01,0xC2,0xD1,0xB6,0x02,0xD1,
    0xC6,0xC4,0xDE,0xD4,0xCF,0xD6,0xE1,0xC2,0xE1,0xB6,0x91,0xC2,0xE3,0xBD,0x6D,0x4D,
    0xEC,0x4B,0xEC,0x1B,0xC4,0xCE,0xD4,0xB0,0xB4,0xED,0xC6,0x94,0x10,0xD4,0xED,0xB6,
    0x12,0xD1,0xC6,0xB2,0xD2,0xC3,0xFD,0x6D,0x1C,0x2D,0x3F,0xB6,0x94,0xDF,0xD1,0xC6,
    0xE4,0xEF,0xC4,0xBE,0xC6,0xB4,0xDF,0xC4,0xB0,0xB2,0xD1,0xC6,0xB2,0xE3,0xCB,0x61,
    0x4D,0xEC,0x6B,0x4E,0xDB,0x40,0xED,0x6D,0x1C,0x2D,0x3F,0xB6,0x94,0xDF,0xC6,0xF2,
    0xE4,0xBC,0xD1,0xC6,0xB4,0xDF,0xB2,0x01,0xB2,0xD1,0xC6,0xB4,0xDF,0xC6,0x24,0xDE,
    0xC6,0xB2,0xD2,0x02,0xE6,0xD5,0xD0,0x3F,0xB6,0x94,0xDF,0xB6,0xF4,0xFD,0xB4,0xCD,
    0xB6,0xB4,0xFD,0xB6,0x04,0xCE,0xC6,0xB4,0xDF,0xB6,0x24,0xCE,0xCC,0x3C,0xD6,0x03,
    0xDE,0x6D,0x1D,0x2C,0x3E,0xB6,0x94,0xCE,0xB6,0xF4,0xFC,0x04,0xDC,0xB6,0xB3,0xFC,
    0x61,0x4C,0xDC,0x6B,0x3F,0xC6,0x34,0xCD,0xCC,0x2D,0x60,0x3D,0xE6,0xC4,0xCD,0xB4,
    0xCE,0xB6,0x94,0xCE,0xB6,0xF4,0xEB,0x03,0xCD,0x6C,0x3E,0xB6,0x14,0xBD,0xCC,0x4C,
    0xEB,0x63,0x4B,0xDC,0xC2,0xD1,0xB2,0x03,0xCE,0x6C,0x2C,0x1B,0x2C,0x1D,0x69,0x4C,
    0xDB,0x6E,0x3C,0xD2,0x03,0xDC,0x6B,0x4C,0xDA,0x60,0x4B,0xCD,0xC4,0xCD,0xA6,0x44,
    0xBC,0xD6,0x94,0x8D,0xC6,0x03,0xCE,0x6C,0x48,0xB0,0x2C,0x1D,0x69,0x4C,0xDB,0x6E,
    0x4C,0xD0,0x48,0xDC,0x6B,0x3C,0xD6,0x23,0xBD,0xC3,0xCD,0x66,0x3B,0xD6,0x94,0x8D,
    0xC6,0x04,0xBA,0xC6,0xB4,0x8B,0x04,0xCA,0xC6,0x94,0xAC,0xA6,0xE4,0xAC,0x04,0x8B,
    0xC6,0xB3,0xDC,0x62,0x48,0xCD,0x69,0x3D,0xC6,0x64,0x8C,0xDD,0xA1,0xA6,0x04,0x8A,
    0x8C,0x42,0x82,0x40,0x18,0x1A,0x69,0x48,0xA2,0x6E,0x48,0xA0,0xA1,0xA6,0xB9,0x62,
    0xA1,0x2D,0x48,0xA8,0x66,0x41,0x8A,0xDA,0x1A,0x60,0x42,0x9A,0x18,0xCA,0x10,0xA3,
    0x98,0xD4,0x89,0xA1,0x26,0xD3,0x89,0x20,0xA6,0xBA,0x1A,0x61,0x58,0x1B,0x58,0x0B,
    0x19,0xAD,0x38,0xA6,0x13,0x2F,0x76,0xC4,0x80,0x83,0x9F,0xBA,0x49,0xF2,0x6C,0xA4,
    0x98,0x01,0x86,0xB5,0x90,0x18,0x6F,0x59,0x01,0x86,0x61,0x9A,0x0F,0xF0,0x80,0x48,
    0x25,0x6F,0x48,0x25,0x69,0x48,0x25,0x01,0xF1,0x46,0xB4,0x82,0x50,0x01,0x48,0x27,
    0x1A,0x76,0xC4,0x82,0x71,0xA7,0x66,0x48,0x27,0x1A,0x7D,0x48,0x25,0x6E,0x48,0x25,
    0x6B,0x44,0x34,0xD4,0x82,0x71,0xA7,0x6F,0x42,0x7A,0x39,0xF7,0x6B,0x42,0x7A,0x39,
    0xF7,0x65,0x42,0x7A,0x39,0xF7,0x66,0x48,0x27,0x1A,0x76,0xB4,0x82,0x71,0xA7,0xB9,
    0x33,0x46,0x94,0x27,0xA3,0x9F,0x76,0xD4,0x85,0x64,0x8F,0x13,0x29,0xC4,0x85,0x64,
    0x8F,0x13,0x29,0x64,0x48,0x56,0x48,0xF1,0x32,0x96,0x64,0x27,0xA3,0x9F,0x7C,0x42,
    0x7A,0x39,0xF7,0x65,0x5A,0x16,0x94,0x85,0x64,0x8F,0x13,0x29,0x6D,0x45,0x1A,0x4F,
    0x24,0x32,0x9C,0x45,0x1A,0x4F,0x24,0x32,0x96,0x3E,0x41,0xAF,0x42,0x42,0x19,0x65,
    0x48,0x56,0x48,0xF1,0x32,0x96,0x94,0x85,0x64,0x8F,0x13,0x29,0x65,0x5A,0x0C,0x45,
    0x1A,0x4F,0x24,0x32,0x96,0xD4,0x18,0x91,0x18,0x33,0x16,0x94,0x51,0x83,0x91,0x83,
    0x31,0x63,0x45,0x18,0x39,0x18,0x33,0x16,0x44,0x65,0x14,0xAF,0x24,0x42,0x9B,0x16,
    0xE4,0x1A,0xF4,0x24,0x21,0x90,0x04,0x45,0x18,0x39,0x18,0x33,0x16,0xC4,0x68,0x91,
    0x12,0x33,0x41,0x69,0xE4,0x89,0x12,0x33,0x41,0x64,0x45,0x89,0x11,0x23,0x34,0x16,
    0x44,0x65,0x14,0x89,0x18,0x33,0x16,0x61,0x6E,0x41,0x89,0x11,0x83,0x31,0x00,0x44,
    0x58,0x94,0x14,0x33,0x41,0x6D,0x16,0x73,0x24,0x21,0xC3,0x65,0x73,0x24,0x21,0x64,
    0x36,0x07,0x32,0x42,0x16,0x54,0x65,0x83,0x91,0x23,0x34,0x1B,0x16,0xE4,0x89,0x12,
    0x33,0x41,0x00,0x43,0x65,0x74,0x24,0x21,0x16,0xD4,0x60,0xC4,0xD5,0x34,0x2B,0xF6,
    0x94,0x69,0xC3,0xD5,0x23,0x3B,0xF6,0x34,0x69,0xC3,0xD5,0x23,0x3B,0xF6,0x43,0x60,
    0x73,0x24,0x21,0xD4,0x65,0x07,0x32,0x42,0x10,0x05,0x46,0x09,0x3D,0x52,0x23,0xBF,
    0x6C,0x46,0x9B,0x45,0xEB,0x44,0x6B,0x1E,0xD4,0x69,0xB4,0x5E,0xB4,0x46,0xB1,0xE6,
    0x24,0x69,0xB4,0x5E,0xB4,0x46,0xB1,0xE6,0x34,0x69,0xC4,0xD5,0x34,0x4B,0xFB,0x46,
    0x09,0x4C,0xD5,0x43,0x4B,0x1F,0x00,0x31,0x62,0x04,0x9B,0x54,0xB4,0x63,0xBE,0x6B,
    0x46,0x95,0x46,0x5E,0x4B,0x46,0x69,0x46,0x95,0x46,0x5E,0x4B,0x46,0x63,0x46,0x85,
    0x46,0x5E,0x4B,0x46,0x64,0x46,0x9B,0x45,0xEB,0x44,0x6B,0x1E,0x66,0x46,0x89,0x4B,
    0x5E,0x4B,0x46,0x3B,0xE0,0x00,0x26,0x20,0x74,0x56,0x54,0xB4,0x66,0xB4,0x60,0x94,
    0x56,0xB4,0x6F,0xB1,0x66,0x94,0x69,0xBE,0x46,0xFB,0x16,0x64,0x48,0xB5,0x4B,0x6F,
    0x3B,0x66,0x44,0x98,0x54,0x65,0xE4,0xB4,0x6D,0x49,0xB5,0x46,0x5E,0x4B,0x46,0xB5,
    0x20,0xD7,0x45,0x6B,0x4F,0xB6,0x15,0xD2,0x62,0x03,0x9B,0x2E,0x46,0x5F,0x15,0xD4,
    0x60,0x94,0xFE,0xB4,0x65,0xE1,0x56,0x3A,0x4F,0xEB,0x46,0x5E,0x15,0x64,0x39,0xBE,
    0x46,0xFB,0x36,0x5B,0x48,0xEB,0x45,0xB6,0x4F,0xB6,0x12,0xB5,0x20,0xB5,0x90,0x1B,
    0x2E,0x45,0xF5,0x6D,0x49,0xE2,0x13,0xE3,0xE5,0xD4,0x60,0x94,0x13,0x1E,0x3D,0x56,
    0x34,0x98,0x23,0x31,0xE3,0xD5,0x64,0x48,0xFE,0x4B,0x65,0x4F,0x52,0xB4,0x91,0xF4,
    0xEB,0x64,0x5F,0x51,0x2D,0x32,0x3B,0x59,0x04,0xE2,0x34,0x5E,0x56,0xC7,0x48,0x24,
    0x2B,0x38,0x9B,0x16,0x20,0x49,0x24,0x41,0xB8,0x39,0x26,0x31,0x92,0x24,0x31,0xB4,
    0x89,0x36,0x34,0x98,0x33,0x2A,0xE4,0xE5,0x36,0x67,0x42,0x31,0x1A,0xE4,0xE5,0x3D,
    0x32,0x36,0x65,0x91,0x48,0x24,0x4B,0x89,0x6C,0x74,0x81,0x41,0x87,0x18,0x69,0x49,
    0x82,0x34,0x17,0x38,0x36,0x24,0x89,0x21,0x4A,0x73,0x83,0x63,0x49,0x84,0x32,0x12,
    0xB4,0x89,0x36,0x64,0x98,0x24,0x31,0x82,0xB4,0x89,0x41,0x2B,0x22,0x66,0x59,0x14,
    0x81,0x47,0x18,0x6B,0x59,0x04,0x8A,0x22,0xB3,0xE6,0x69,0x49,0x82,0x14,0x2B,0x3E,
    0x69,0x61,0x74,0x24,0x82,0xB3,0xE6,0x96,0x14,0x98,0x23,0x41,0xA7,0x38,0x46,0x57,
    0x42,0x42,0x58,0x07,0x48,0x24,0xD3,0xA2,0x65,0x59,0x14,0x81,0x34,0xBE,0x66,0xB7,
    0xA1,0x59,0x45,0xD5,0x69,0x49,0x8A,0x13,0xE1,0xDE,0x1A,0x61,0x74,0xA3,0x8E,0x3D,
    0x59,0x61,0x49,0x82,0x13,0xA2,0xB4,0xE6,0x31,0x26,0x47,0x42,0x48,0x39,0x82,0xB4,
    0xE6,0x03,0x32,0xB9,0x65,0x59,0x0A,0x94,0x5D,0x56,0xB7,0xA1,0x59,0x45,0xD5,0xD7,
    0x18,0x9E,0x1D,0xE1,0xA6,0x13,0x98,0x95,0x50,0x1D,0xE1,0xA6,0x13,0x98,0x93,0x98,
    0xE3,0xD5,0x96,0x47,0x4A,0x18,0x39,0x8E,0x4D,0x50,0x9B,0x96,0x55,0x90,0x38,0x59,
    0x35,0xDE,0xC7,0x18,0xE9,0x55,0x1B,0x19,0xA9,0x46,0x5D,0xE1,0xA6,0x11,0x95,0xA0,
    0x15,0x26,0x1D,0xE9,0x60,0x19,0x5A,0x04,0x98,0x54,0x6D,0x55,0xA0,0x63,0x73,0xA1,
    0x74,0x85,0x64,0xD5,0x05,0xA0,0x66,0x5A,0x06,0x47,0x18,0xE1,0x69,0x55,0x0C,0x19,
    0xA4,0x56,0xA3,0x34,0x55,0x0B,0x58,0x09,0x26,0x1D,0xE1,0xA6,0x25,0xA0,0x15,0x26,
    0x1D,0xE9,0x60,0x18,0x94,0x18,0x55,0x60,0xE9,0x63,0x19,0x94,0x29,0x81,0x55,0x60,
    0x15,0x20,0x96,0x65,0xA0,0x65,0xA1,0x52,0x61,0xA8,0xE6,0xBA,0x15,0x26,0x85,0x50,
    0xD4,0x80,0x34,0x4A,0x61,0xEE,0x13,0x62,0x4A,0x4A,0x15,0x26,0x1E,0xE2,0x36,0x13,
    0x1A,0xA1,0x55,0x60,0xE3,0xA3,0x64,0x95,0x80,0x15,0x56,0x01,0x52,0x03,0xA3,0xB9,
    0x65,0xA1,0x52,0x61,0x58,0xE6,0xB4,0xA8,0x52,0x64,0x4C,0xD3,0xE5,0xD4,0xA8,0x28,
    0x36,0xE2,0xD1,0x36,0x21,0xA8,0x15,0x26,0x4E,0xDE,0x32,0x36,0x13,0x14,0xA1,0x55,
    0x60,0x15,0x20,0x23,0x63,0x3A,0x4A,0xE5,0x61,0x60,0x23,0x66,0x96,0x54,0xA8,0x52,
    0x62,0xD1,0x42,0xD6,0xB9,0x38,0xD2,0xE1,0x12,0x26,0x95,0xA0,0x44,0xDE,0x41,0x21,
    0x63,0x1A,0x81,0xD5,0xE0,0x22,0x64,0x82,0xD5,0x60,0x15,0x60,0x13,0x64,0x81,0x8E,
    0x56,0x01,0xE6,0x11,0x36,0x62,0x36,0x63,0xAD,0x2E,0x34,0x12,0x26,0xC9,0x30,0x38,
    0x52,0x0C,0x94,0x13,0x43,0x32,0x65,0x41,0xA1,0x12,0x81,0x26,0x54,0x24,0xA1,0x15,
    0xE0,0x11,0xD4,0x24,0x12,0xD5,0xE1,0x6B,0x23,0xB1,0x15,0x40,0x41,0x32,0x6C,0x93,
    0x03,0x85,0x20,0xC4,0x80,0x18,0x33,0x26,0x54,0x80,0x11,0x38,0x12,0x65,0x94,0x12,
    0x18,0x12,0xD4,0xA0,0xA4,0x12,0x18,0x13,0x6C,0x13,0x66,0x38,0x18,0x43,0x13,0x12,
    0x6D,0x49,0x03,0x85,0x20,0xC4,0x90,0x18,0x22,0x65,0x49,0x01,0x13,0x81,0x1B,0x41,
    0x21,0x81,0x3C,0x18,0x22,0x11,0x54,0x00,0x03,0x59,0x03,0x82,0x83,0x21,0x23,0x6B,
    0x59,0x03,0x02,0x81,0x2E,0xC4,0x90,0x18,0x32,0x66,0x54,0x90,0x14,0x24,0x61,0xB6,
    0x64,0x91,0x21,0x18,0x13,0xC1,0x92,0x21,0x15,0x40,0x00,0x25,0x90,0x48,0x02,0x83,
    0x15,0x26,0x69,0x59,0x24,0x06,0x54,0x65,0xD1,0xCD,0x59,0x04,0x06,0x52,0x61,0xC6,
    0x47,0x40,0x16,0x15,0x26,0x66,0x49,0x12,0x11,0x81,0x2C,0x19,0x22,0x41,0x34,0x16,
    0x00,0x21,0x96,0x14,0x65,0x63,0xDB,0x2D,0xC5,0x90,0x40,0x6A,0x4E,0xFD,0x3E,0xD6,
    0x63,0x90,0x59,0x04,0x0A,0xB2,0xE1,0xD6,0x34,0x90,0x94,0x06,0xA1,0xB2,0xE6,0x64,
    0x91,0x21,0x52,0x61,0x5C,0x19,0x22,0x41,0x65,0x16,0x00,0x21,0x96,0x04,0x6A,0xE4,
    0xFB,0xC4,0xDE,0xC6,0xD3,0xAB,0x2E,0x4D,0xEC,0xB5,0x90,0x41,0x0A,0x4C,0xDE,0x1D,
    0x64,0x74,0x0C,0xA4,0xCD,0xE6,0x57,0x45,0x6A,0x4C,0xFD,0xC4,0x9D,0x64,0x5A,0xE3,
    0xFD,0x00,0x54,0xAB,0xE4,0xDB,0xC4,0xDE,0xC6,0xE1,0xC5,0xD1,0x1C,0xB5,0x10,0x60,
    0x4D,0xED,0x1C,0x62,0x59,0x14,0x0C,0xB4,0xDE,0xD6,0x54,0x96,0xB5,0xD0,0x3E,0xDC,
    0x18,0x2D,0x4C,0xBC,0x3E,0xD0,0x05,0x1C,0x2D,0x4B,0x0C,0x2D,0x1C,0x6E,0x3D,0xE5,
    0xD0,0x1C,0x6D,0x4D,0xEC,0x1D,0x63,0x72,0x04,0xCB,0xD3,0xEC,0x65,0x72,0xC4,0xDC,
    0xF1,0xDC,0x2C,0x4D,0xBC,0x5D,0x00,0x05,0x4C,0xED,0x4B,0x0B,0x2D,0x1C,0x6E,0x4D,
    0xEC,0x4D,0xEC,0x6D,0x4E,0xFC,0x1D,0xB4,0xCB,0xE3,0xFC,0x65,0x49,0x0D,0x4E,0xDC,
    0x3F,0xDC,0x4D,0xED,0x20,0x4C,0xFD,0x66,0x22,0xC4,0xDF,0xC4,0xB0,0xB4,0xDE,0xC6,
    0xE4,0xEF,0xC4,0xDE,0xC6,0xD2,0xE3,0xCD,0xB3,0xDC,0x2E,0x1B,0xB2,0xD4,0xC0,0xE1,
    0xDC,0x2D,0x1C,0x20,0x4C,0xFE,0x66,0x32,0x3C,0x4D,0xFB,0x20,0x4B,0xDE,0x1C,0x6E,
    0x2E,0x4B,0xCE,0x1C,0x6D,0x3F,0xD2,0xCB,0x4D,0xCF,0x1D,0xD4,0xED,0xB1,0x02,0xEC,
    0x4E,0xDB,0x60,0x3D,0xE6,0x63,0x24,0xC4,0xFD,0xB6,0x04,0xCE,0xC6,0xE4,0xFD,0x04,
    0xCD,0xC6,0xD4,0xFD,0xC1,0xBB,0x4D,0xCF,0x1D,0xD2,0xD2,0x03,0xDE,0xC2,0xD6,0x14,
    0xDE,0xB6,0x53,0x24,0xC3,0xFC,0x61,0x4C,0xDC,0x6E,0x4F,0xC0,0x4B,0xCD,0x6D,0x4E,
    0xBD,0x1B,0xB4,0xDC,0xE1,0xBB,0x3C,0xD6,0x03,0xDE,0xC2,0xD6,0x14,0xCE,0xC6,0x53,
    0x23,0xC3,0xEB,0x61,0x4B,0xDC,0x6E,0x4E,0xB0,0x4B,0xDC,0x6C,0x4C,0xDB,0x1D,0xD4,
    0xDC,0xD1,0xBB,0x2D,0x60,0x3C,0xEC,0x3D,0xC6,0x14,0xCE,0xC6,0x65,0xA0,0x14,0x66,
    0x4C,0xDA,0x61,0x4B,0xCD,0x6D,0x3C,0xD2,0x04,0xBC,0xD6,0xC4,0xCD,0xB1,0xDB,0x5C,
    0x01,0xDD,0x2D,0x1B,0x20,0x3C,0xE6,0x92,0xD1,0xB6,0x23,0xCE,0x66,0x94,0x34,0x36,
    0x53,0xCD,0x63,0x3B,0xD6,0xC4,0x8C,0xD6,0x03,0xBD,0x6B,0x49,0xAC,0x3B,0xCB,0x1C,
    0x91,0xCD,0x3D,0xC6,0x04,0xBA,0xCD,0x3D,0xC6,0x33,0xCE,0xB9,0x34,0x36,0x44,0x8A,
    0xC6,0x34,0x8C,0xD6,0xB4,0x9A,0xC6,0x03,0xBC,0x6B,0x19,0x5A,0x01,0xCB,0x1C,0xA1,
    0xAD,0x3D,0xC6,0x04,0x8A,0x8B,0x48,0xDC,0x63,0x4B,0xAC,0x00,0x14,0x98,0xA6,0x34,
    0x18,0xA6,0xB4,0x98,0xA6,0x0A,0x6B,0x49,0x8A,0x32,0xAB,0x42,0x89,0x18,0xD3,0x8A,
    0x60,0x42,0x9A,0x18,0x66,0x38,0xA6,0x44,0x8A,0x80,0x02,0x39,0x86,0x41,0x9A,0xC3,
    0x89,0x61,0x58,0x0C,0x48,0x9A,0x42,0x8A,0x66,0x48,0xA8,0x19,0xDA,0x1A,0x60,0x32,
    0xF7,0x65,0xA1,0xA6,0x34,0x98,0xA7,0x00,0x17,0x64,0x19,0xAC,0x18,0x62,0x58,0x1D,
    0x4A,0x8A,0x12,0xA1,0x26,0x5A,0x1A,0xAB,0x12,0xA1,0x26,0xB1,0x2A,0x64,0x59,0x01,
    0x20,0xFF,0x60,0x58,0x06,0xC9,0x2D,0x2E,0x13,0x22,0x64,0x92,0xD2,0xE1,0x32,0x26,
    0x49,0x2D,0x2E,0x52,0x06,0x49,0x2D,0x2E,0x52,0x06,0x49,0x2D,0x2E,0x52,0x06,0x59,
    0x2D,0x2E,0x13,0x22,0x00,0x03,0x85,0x26,0x18,0x6C,0x91,0x38,0x42,0x32,0x65,0x91,
    0x38,0x42,0x32,0x65,0x91,0x38,0x42,0x32,0x65,0x91,0x38,0x42,0x32,0x65,0x91,0x38,
    0x42,0x32,0x65,0x18,0x91,0x38,0x42,0x32,0x63,0x14,0xD4,0x89,0xF7,0x15,0x6C,0x48,
    0xA3,0x83,0x23,0x66,0x48,0xA3,0x83,0x23,0x66,0x48,0xA3,0x83,0x23,0x66,0x48,0xA3,
    0x83,0x23,0x66,0x48,0xA3,0x83,0x23,0x66,0x49,0x0A,0x13,0x83,0x23,0x64,0x8B,0x49,
    0x21,0x1F,0x71,0x5C,0xA3,0x13,0x83,0x13,0x65,0xA3,0x13,0x83,0x13,0x65,0xA3,0x13,
    0x83,0x13,0x65,0xA3,0x13,0x83,0x13,0x65,0xA3,0x13,0x83,0x13,0x65,0x48,0x90,0x31,
    0x38,0x31,0x36,0x21,0xE2,0x01,0x4B,0x49,0x24,0x11,0x71,0x8C,0x49,0x01,0x42,0x46,
    0x3B,0x56,0x54,0x90,0x14,0x24,0x63,0xB5,0x65,0x49,0x01,0x42,0x46,0x3B,0x36,0x54,
    0x90,0x14,0x24,0x63,0xB2,0x65,0x49,0x01,0x42,0x46,0x3B,0x36,0x44,0x89,0x84,0x01,
    0x24,0x46,0xB1,0x56,0x24,0x32,0x09,0xB1,0x18,0x41,0x98,0xC4,0x90,0x64,0x56,0xD3,
    0xBC,0x65,0x49,0x06,0x45,0x6D,0x3B,0xC6,0x54,0x90,0x64,0x56,0xD3,0xB2,0x65,0x49,
    0x06,0x45,0x6D,0x3B,0x56,0x54,0x90,0x64,0x56,0xD3,0xB5,0x64,0x72,0x04,0x65,0x64,
    0xDB,0xC6,0x24,0x34,0x25,0xA0,0x66,0x48,0x14,0x31,0xD7,0x15,0xD4,0x96,0xA4,0xEF,
    0xD2,0xC6,0x54,0x96,0xA4,0xEF,0xD2,0xC6,0x54,0x96,0xA4,0xEF,0xD3,0xC5,0x65,0x49,
    0x6A,0x4E,0xFD,0x2C,0x65,0x49,0x6A,0x4E,0xFD,0x2C,0x64,0x49,0x80,0x46,0xAE,0x3F,
    0xD2,0xC6,0x24,0x12,0x41,0x29,0x66,0x48,0x13,0x41,0xD5,0x48,0xA5,0xB4,0x8A,0xB2,
    0xE2,0xC6,0x64,0x8A,0xB2,0xE2,0xC6,0x64,0x8A,0xB2,0xE5,0xC0,0x65,0x48,0xAB,0x2E,
    0x2C,0x1B,0x65,0x48,0xAB,0x2E,0x2C,0x1B,0x65,0x49,0x0A,0x1B,0x2E,0x2C,0x65,0x21,
    0x1A,0x66,0x45,0x72,0x44,0x35,0x47,0x56,0x4A,0x56,0xB1,0xC2,0xD2,0xBD,0x1C,0x2D,
    0x2B,0xD1,0xB2,0xD4,0xBC,0xBB,0x1C,0x2D,0x2B,0xD1,0xB2,0xD2,0xB6,0x91,0xC2,0xD2,
    0xB0,0x00,0x46,0x5A,0x1E,0x81,0xEE,0x36,0x52,0x01,0x66,0x64,0xCD,0xE3,0xCB,0xD4,
    0xCD,0xE3,0xCB,0xD4,0xCD,0xE3,0xCB,0xD4,0xCD,0xE3,0xCB,0xD4,0xCD,0xE3,0xCB,0x69,
    0x4C,0xDE,0x3C,0xB0,0x00,0x46,0x56,0x4F,0x23,0x4E,0x6A,0x36,0x52,0x01,0x56,0x61,
    0xC2,0xE1,0xC6,0x91,0xC2,0xE1,0xC6,0x91,0xC2,0xE1,0xC6,0x91,0xC2,0xE1,0xC6,0x91,
    0xC2,0xE1,0xCC,0x1C,0x2E,0x1C,0x00,0x14,0x5E,0x51,0x62,0xF2,0x61,0xEE,0x19,0xB2,
    0xC4,0xDF,0xCD,0x2C,0x4D,0xFC,0x69,0x4C,0xDF,0x1C,0xD2,0xC4,0xDF,0xC6,0x94,0xCD,
    0xF1,0xC6,0x92,0xC4,0xDF,0xC0,0x00,0x4D,0xF1,0x4B,0x5D,0x55,0x04,0x3F,0xE7,0x66,
    0x2C,0x4D,0xFB,0xD1,0xC2,0xD3,0xFB,0xD1,0xC2,0xD3,0xFB,0xD1,0xC2,0xD3,0xFB,0xD1,
    0xC2,0xD3,0xFB,0x69,0x2C,0x4D,0xFB,0x00,0x14,0x12,0xA3,0xBD,0x2B,0x4A,0x42,0x59,
    0x01,0x86,0x54,0xDC,0xD3,0xFB,0xD4,0xDC,0xD3,0xFB,0xD1,0xC2,0xD3,0xFB,0xD1,0xC2,
    0xD3,0xFB,0xD1,0xC2,0xD3,0xFB,0x69,0x4D,0xCD,0x3F,0xB0,0x01,0x41,0x31,0x5A,0x23,
    0x23,0x59,0x16,0x51,0xD2,0xC3,0xEA,0xD1,0xD2,0xC3,0xEA,0xB4,0xCD,0xB4,0xCE,0xAD,
    0x1D,0x2C,0x3E,0xAD,0x4C,0xDC,0x3E,0xA6,0x91,0xD2,0xC3,0xEA,0x00,0x24,0x3A,0x87,
    0x48,0xA1,0x13,0x59,0x11,0x86,0x34,0xCD,0xB4,0xCE,0xAB,0x4C,0xDB,0x4C,0xEA,0xB4,
    0xCD,0xA4,0xCE,0xAB,0x4C,0xDB,0x4C,0xEA,0xB4,0xCD,0xB4,0xCE,0xAD,0x4C,0xDB,0x4C,
    0xEA,0x00,0x29,0x58,0x15,0xA0,0x59,0x26,0x32,0xC4,0xBC,0xDD,0x2C,0x4A,0xCD,0xBA,
    0x4B,0xAC,0x1D,0xD2,0xC4,0xAC,0xDD,0x2C,0x4A,0xCD,0x69,0x2C,0x4B,0xCD,0x00,0x31,
    0xA5,0x50,0x1E,0x5A,0x01,0x85,0x90,0x30,0x96,0x34,0x8B,0x03,0xCD,0xD4,0x8B,0x03,
    0xCD,0xBA,0x42,0x0C,0x1D,0xD4,0x8B,0x03,0xCD,0xBA,0x4B,0x0C,0x1D,0x69,0x48,0xB0,
    0x3C,0xD0,0x02,0x4A,0x56,0xE5,0xA0,0x35,0x85,0x90,0x30,0x96,0x34,0x8B,0x03,0xAC,
    0xB4,0x28,0xB4,0x0A,0xCB,0x42,0x82,0x40,0xAC,0xBA,0x4B,0x0A,0x1C,0xBA,0x42,0x0A,
    0x1C,0x69,0x48,0xB0,0x3A,0xC6,0x61,0x4D,0x4A,0x56,0x45,0x43,0x1A,0xE4,0x89,0x81,
    0x96,0x44,0x28,0x24,0x18,0xAB,0xA4,0x21,0x81,0xAD,0x48,0x10,0x38,0xAB,0xA4,0x21,
    0x81,0xAB,0x42,0x82,0x41,0x8A,0xD4,0x28,0x24,0x18,0xA6,0x51,0xE8,0x66,0x3A,0x15,
    0x60,0x84,0x56,0x54,0x89,0x81,0x96,0x5A,0x42,0x19,0x18,0xB3,0x82,0x21,0x39,0x8B,
    0x38,0x22,0x13,0x98,0xB3,0x82,0x21,0x39,0x8B,0x18,0x51,0x03,0x98,0xDA,0x42,0x19,
    0x18,0x64,0x42,0x04,0x1A,0x65,0x33,0x25,0x61,0x45,0xE6,0x15,0xA3,0x29,0x66,0x48,
    0x21,0x48,0x9F,0xB4,0x82,0x14,0x89,0xFB,0x18,0x21,0x48,0x9F,0x66,0x41,0x82,0x41,
    0x89,0x1F,0x66,0xA2,0x14,0x89,0xFD,0x48,0x21,0x48,0x9F,0x63,0x33,0x25,0xA0,0x64,
    0x43,0x05,0x56,0x04,0x5E,0x64,0x58,0x11,0x80,0x54,0x41,0x43,0x96,0x61,0xD2,0xF4,
    0xE6,0xE4,0x65,0x11,0x90,0x56,0x31,0x45,0xA0,0x66,0x54,0x02,0xE3,0x30,0x90,0x16,
    0x14,0x6E,0x14,0x6C,0x12,0x6C,0x12,0x6B,0x21,0x1A,0xB5,0x40,0x11,0x23,0x30,0xA0,
    0x17,0x81,0xA6,0x21,0x36,0x53,0xA3,0x86,0x18,0x63,0x52,0x0C,0x52,0x06,0x08,0x00,
    0x21,0x38,0x12,0x23,0x30,0x80,0x17,0x32,0x49,0x60,0x81,0xA6,0x49,0x63,0x86,0x32,
    0x23,0x32,0x69,0x22,0x43,0x20,0x1A,0x80,0x02,0x12,0x81,0x22,0x33,0x89,0x01,0x73,
    0x23,0x5A,0x02,0x01,0x28,0x1A,0x63,0x96,0x39,0x64,0x42,0x31,0x3A,0x08,0x66,0x42,
    0x31,0x5A,0x00,0x03,0x46,0x76,0x42,0x32,0x18,0x70,0x17,0x11,0x5A,0x06,0x01,0x25,
    0xA0,0x61,0x96,0x49,0x65,0x12,0x5A,0x08,0xB1,0x25,0xA0,0x00,0x2E,0x1D,0x2E,0x15,
    0x26,0x40,0x89,0x01,0x99,0x62,0x91,0x16,0x09,0x14,0x6E,0x5A,0x0C,0x1A,0x07,0xEF,
};
u8 D_8018E280[] = {
    0x15,0x61,0x17,0x21,0x27,0x67,0x16,0x26,0x0B,0x13,0x34,0x25,0x34,0x30,0x52,0x1C,
    0x00,0x02,0x5E,0xB3,0x65,0x04,0x11,0xD0,0x0F,0x14,0x25,0xD5,0x72,0xD0,0x2B,0xD2,
    0x50,0x0A,0x1C,0x66,0x1C,0x6A,0x75,0x62,0x58,0x09,0x02,0xA4,0x72,0x43,0x25,0x69,
    0x1D,0x66,0x1D,0xC1,0xD6,0xFE,0x38,0x5B,0x58,0x09,0x02,0xA4,0x54,0x21,0x32,0x46,
    0x81,0xE8,0x1E,0x81,0xEC,0x1E,0x6F,0x48,0x68,0xB4,0x85,0x62,0x80,0x2B,0x44,0x75,
    0x32,0x1C,0x4E,0xFE,0x20,0x5E,0x02,0x04,0xEF,0xE8,0x1E,0x81,0xD8,0x1E,0x69,0x38,
    0x7E,0x58,0x04,0x56,0x89,0x00,0x09,0x6A,0x96,0x39,0x00,0x13,0x56,0x54,0x07,0x68,
    0x1E,0x81,0x48,0x1E,0x85,0xE0,0x60,0x14,0x60,0x5E,0x06,0x8B,0x48,0x67,0x49,0x85,
    0x47,0x86,0x00,0x49,0x01,0x34,0x41,0x27,0x23,0xC1,0x48,0x78,0x14,0x62,0x14,0x87,
    0x81,0x46,0x94,0x48,0x64,0x96,0x74,0x65,0x63,0x75,0x00,0x33,0x64,0x00,0xE4,0x45,
    0x6B,0x31,0x22,0x34,0x45,0x36,0x61,0xF8,0x78,0x1F,0x62,0x78,0x78,0x76,0xA4,0x79,
    0x74,0x97,0x55,0x60,0x14,0x6E,0x36,0x76,0x01,0x36,0x39,0x89,0x00,0x21,0x42,0x32,
    0x21,0x4B,0xD2,0x52,0x41,0x36,0x57,0x87,0x87,0x62,0x78,0x78,0x76,0xA1,0x8B,0xEB,
    0x38,0x66,0xE2,0x56,0x9D,0x87,0x00,0x15,0x10,0x54,0x12,0x53,0x42,0x23,0x11,0x65,
    0x78,0x78,0x76,0x27,0x87,0x87,0x6A,0x34,0x5E,0x95,0x81,0x6F,0x14,0x64,0xD8,0x78,
    0x44,0x07,0x00,0x2A,0x44,0x14,0x43,0x23,0x41,0x45,0xD6,0x47,0x87,0x87,0x62,0x78,
    0x78,0x76,0xD3,0x59,0x58,0x10,0x13,0x36,0x70,0x03,0x41,0x54,0x23,0x31,0x0A,0x33,
    0x66,0x37,0x81,0x48,0x76,0x27,0x81,0x48,0x76,0xB3,0x53,0xB2,0x9B,0x46,0x08,0x96,
    0x83,0x56,0x60,0x72,0x09,0x6B,0x35,0x62,0x09,0x00,0x14,0x13,0x4A,0x60,0x31,0x56,
    0x31,0x46,0x04,0x9B,0x96,0x01,0x40,0x0A,0x25,0x44,0x78,0x39,0x75,0x60,0x49,0x76,
    0x28,0x65,0x35,0x46,0x03,0x54,0x20,0xD6,0xB4,0x45,0x03,0x76,0x00,0x14,0x45,0x33,
    0x41,0x60,0x31,0x56,0x24,0x9B,0x96,0x09,0x60,0x49,0xB9,0x00,0x84,0x54,0x39,0x56,
    0x24,0x86,0x8E,0x48,0x76,0x76,0x33,0x43,0x60,0x14,0x20,0x47,0x57,0x66,0xD2,0x04,
    0x43,0x43,0x05,0x00,0x23,0x57,0x23,0x11,0x60,0x34,0x56,0x31,0x88,0x98,0x18,0xC9,
    0x6C,0x47,0x46,0x44,0x38,0x46,0x86,0x48,0x67,0x46,0x75,0x46,0x98,0x56,0x07,0x62,
    0x13,0x62,0x46,0x54,0x46,0x07,0x63,0x45,0x47,0x40,0x32,0x43,0x64,0x00,0x24,0x34,
    0x3A,0x60,0x35,0x16,0x49,0x60,0x18,0x60,0x90,0x06,0x28,0x46,0x47,0x35,0x3E,0x47,
    0x67,0x36,0x52,0x84,0x56,0x74,0x96,0x7E,0x76,0x34,0x75,0x04,0x50,0x34,0x24,0x7D,
    0x63,0x44,0x30,0x43,0x21,0x42,0x53,0x00,0x23,0x45,0x23,0x11,0x60,0x35,0x16,0x54,
    0x89,0xA4,0xBA,0x91,0x86,0x41,0xC6,0x61,0xC6,0x44,0x98,0x74,0x64,0x63,0x74,0x55,
    0x09,0x59,0x01,0x82,0x54,0x67,0x83,0x67,0x56,0x06,0x34,0x50,0x51,0x45,0x21,0x25,
    0x62,0x45,0x32,0x41,0x21,0x4F,0x24,0x70,0x02,0x23,0x12,0xA6,0x03,0x41,0x68,0x96,
    0xC1,0xC6,0x94,0x98,0x75,0x62,0xB3,0x89,0x28,0xD2,0x5E,0x57,0x03,0x67,0xE7,0x62,
    0x34,0x72,0x23,0xF1,0x22,0x34,0x76,0x24,0x42,0x11,0xFA,0x4F,0x14,0x00,0x24,0x45,
    0x64,0x54,0x33,0x10,0x23,0x11,0xC4,0x9B,0x96,0xB1,0xE6,0x93,0x97,0xE3,0x78,0x54,
    0x0E,0x57,0x02,0x84,0x68,0x61,0x8B,0x36,0x85,0x60,0x84,0x74,0x33,0x21,0x2F,0x41,
    0x35,0x63,0x44,0x1F,0xA2,0xF3,0x23,0x00,0x21,0x32,0x42,0x34,0x21,0x03,0x41,0x69,
    0x9C,0x1D,0x60,0x4C,0xEC,0x60,0x1D,0x63,0x28,0x9E,0x47,0x84,0xDB,0x58,0x24,0x76,
    0x84,0x67,0x84,0x76,0x85,0x60,0x60,0x47,0x43,0x32,0x15,0xF0,0x41,0x27,0x63,0x33,
    0x15,0xF1,0x41,0x24,0x70,0x01,0x32,0x35,0x20,0xA4,0x04,0x16,0x84,0x9A,0x96,0x61,
    0xE8,0x1D,0x81,0xE6,0x32,0x89,0xE3,0x86,0x54,0x03,0x67,0x28,0xB2,0x51,0x9B,0x49,
    0x76,0x39,0x5E,0x01,0xE4,0x45,0x64,0x75,0x42,0x34,0x14,0x16,0x99,0xC1,0xD8,0x14,
    0x81,0xD6,0x32,0x84,0x76,0x74,0x97,0x41,0x8B,0xE5,0x50,0x46,0x59,0xB4,0x97,0x54,
    0xA5,0x7D,0x01,0xE3,0x34,0x23,0x22,0x43,0x21,0x34,0x16,0x91,0x9C,0x14,0x87,0x81,
    0x46,0x23,0x78,0xB4,0x68,0x99,0x28,0x57,0x53,0x69,0xB1,0x92,0x54,0xA6,0x8D,0x01,
    0xF1,0x45,0x50,0x24,0x11,0x23,0x11,0x69,0x9C,0x78,0x78,0x76,0x25,0x71,0x46,0x89,
    0x46,0x86,0x48,0x78,0x57,0x14,0x87,0x94,0x87,0x92,0x84,0xA7,0x9D,0x01,0xD4,0x54,
    0x64,0x54,0x33,0x63,0x24,0x11,0x6A,0x9C,0x78,0x78,0x76,0x25,0x70,0x46,0x78,0x49,
    0x69,0x36,0x8B,0x18,0x59,0x04,0x87,0x81,0x9B,0x18,0x29,0x47,0xA6,0x01,0xD4,0x46,
    0x34,0x42,0x74,0x23,0x23,0x41,0x6A,0x9C,0x78,0x78,0x78,0x57,0x14,0x68,0x74,0x96,
    0x9B,0x19,0xB1,0x82,0x94,0x86,0x71,0x9B,0x39,0xA2,0x83,0xA6,0x01,0xC4,0x54,0x64,
    0x34,0x29,0x23,0x42,0x34,0x11,0x69,0x12,0xC7,0x87,0x87,0x8D,0x57,0x04,0x68,0x64,
    0x89,0x74,0x96,0x91,0x8B,0x48,0x97,0x45,0x7A,0x49,0x79,0x1A,0x25,0xD0,0x1D,0x45,
    0x45,0x44,0x52,0x46,0x35,0x42,0x35,0x11,0x69,0x9C,0x78,0x14,0x87,0x81,0x1E,0x47,
    0x68,0x46,0x89,0x48,0x96,0x37,0x95,0x70,0x48,0x65,0x49,0xA7,0x45,0x8A,0x56,0x00,
    0x1C,0x43,0x45,0x44,0x53,0x12,0x25,0x43,0x25,0x44,0x31,0x68,0x90,0x07,0xAE,0x48,
    0x69,0x47,0x98,0x49,0x6A,0x48,0x76,0xB4,0x59,0x75,0x50,0xEA,0x01,0xC4,0x23,0x43,
    0x56,0x25,0x24,0x23,0x22,0xA6,0x89,0x00,0x9A,0x47,0x86,0x49,0x69,0x48,0x96,0x4A,
    0x87,0x56,0x11,0x92,0x5D,0xA0,0x02,0x90,0x07,0x24,0x45,0x47,0x44,0x73,0x46,0x25,
    0x42,0x42,0x33,0x26,0x81,0x20,0x0A,0x41,0x68,0x46,0x79,0x45,0x97,0x39,0x62,0x95,
    0x70,0x25,0x48,0x61,0xC9,0x6F,0xD0,0x01,0x12,0x24,0x45,0x47,0x44,0x53,0x44,0x34,
    0x42,0x42,0x13,0x68,0x12,0xC9,0x66,0x96,0x64,0x16,0x7E,0x48,0x48,0x92,0x4D,0x29,
    0x7E,0xA6,0x53,0x76,0x8D,0x00,0x0B,0x6C,0x43,0x43,0x45,0x47,0x44,0x53,0x44,0x34,
    0x42,0x42,0x13,0x68,0x12,0x00,0xC5,0x10,0x55,0x25,0x63,0x35,0x16,0xD4,0x50,0x76,
    0x9D,0x60,0xE6,0xE2,0x34,0x53,0x74,0x35,0x24,0x42,0x44,0x23,0x26,0x91,0x26,0xC1,
    0xD6,0xF1,0x45,0x50,0xD5,0x72,0x36,0x40,0x00,0x37,0x6C,0xD8,0x25,0x6D,0x43,0x56,
    0x57,0x2E,0x25,0x34,0x52,0x36,0x89,0xC1,0xC8,0x1E,0x81,0xC6,0x93,0x57,0x25,0xD5,
    0x83,0xB7,0x6F,0x47,0x56,0x66,0x76,0x24,0x40,0x46,0xB4,0x24,0x51,0x32,0x54,0x35,
    0x34,0x43,0x21,0x45,0x20,0x68,0x9C,0x1E,0x60,0x4E,0xFE,0x60,0x1E,0x6A,0x11,0x2D,
    0x2E,0x29,0x2E,0x2D,0x11,0x6C,0xD8,0x44,0x32,0x64,0x36,0x46,0x21,0x46,0xD4,0x34,
    0x54,0x45,0x64,0x45,0x34,0x45,0x21,0x42,0x21,0x36,0x89,0x66,0x4C,0xEC,0x60,0x1E,
    0x60,0x4C,0xEC,0x6A,0x32,0xC5,0xD3,0x3C,0x26,0xD7,0x84,0x30,0x36,0x24,0x70,0x53,
    0x35,0x00,0x24,0x34,0x51,0x42,0x34,0x45,0x22,0x34,0x24,0x23,0x52,0x68,0x9C,0x1D,
    0x81,0x48,0x1D,0x6B,0x1C,0x2D,0x5E,0x12,0xD1,0xC6,0xC4,0x64,0x52,0x03,0x54,0x63,
    0xD2,0x04,0x42,0x37,0x00,0x14,0x13,0x47,0x24,0x43,0x42,0x43,0x24,0x42,0x32,0x11,
    0x68,0x12,0xC1,0x48,0x1F,0x81,0x46,0xC4,0xC3,0xB2,0xD4,0xB0,0xC6,0xB4,0x60,0x54,
    0x30,0x53,0x04,0x64,0x45,0x67,0x44,0x12,0x33,0x50,0x01,0x11,0x53,0x02,0x42,0x32,
    0x23,0x12,0xA6,0x99,0xC7,0x87,0x87,0x6B,0x4D,0x23,0x1E,0x2D,0x4E,0x32,0x1D,0x6B,
    0x45,0x42,0x44,0x54,0x13,0x64,0x44,0x34,0x43,0x12,0x41,0x25,0xD6,0xF4,0x12,0x4E,
    0x55,0x01,0x42,0x34,0x43,0x16,0x99,0xC7,0x87,0x87,0xC4,0xE3,0xE4,0xD3,0xD3,0xE3,
    0x2E,0x43,0xED,0x43,0xDE,0x33,0xE6,0x64,0x54,0x24,0x12,0x34,0x12,0x56,0x44,0x43,
    0x2A,0x42,0x13,0x70,0x00,0x11,0x53,0x03,0x43,0x22,0x31,0x2A,0x6A,0x12,0xC7,0x87,
    0x87,0xC3,0xCB,0x2C,0x1B,0x2C,0x1B,0x2C,0x1B,0x2C,0x1B,0x2C,0x3B,0xC6,0x64,0x43,
    0x2A,0x42,0xF1,0x14,0x65,0x44,0x2F,0x51,0x04,0x23,0x53,0x05,0x6D,0x41,0x24,0xE3,
    0x54,0x23,0x44,0x31,0x6A,0x12,0xC7,0x87,0x87,0xC3,0xC2,0x2C,0x12,0x2C,0x12,0x2C,
    0x12,0x2C,0x12,0x2C,0x32,0xC6,0x64,0x32,0x12,0xF4,0x1F,0x13,0x35,0x64,0x44,0x1F,
    0x11,0x2F,0x41,0x34,0x00,0x0A,0x33,0x42,0x32,0x2A,0x6B,0x12,0xC7,0x81,0x48,0x7C,
    0x3B,0x12,0xB1,0x12,0xB1,0x12,0xB1,0x12,0xB1,0x12,0xB3,0x1B,0xC3,0x21,0x5F,0x24,
    0x23,0x56,0x33,0x31,0x5F,0x23,0x23,0x00,0x2A,0x35,0x2A,0x6D,0x12,0x05,0x83,0x43,
    0xA6,0xD1,0x20,0x56,0x32,0x42,0x54,0x43,0x16,0xC9,0x05,0x53,0x34,0x53,0x02,0x23,
    0x41,0x6B,0x90,0x54,0x33,0x5E,0x25,0x14,0x23,0x34,0x16,0xA9,0x04,0x41,0xC0,0x14,
    0x96,0xB1,0x92,0xA5,0xB2,0x2A,0x19,0x68,0xE2,0x50,0x0C,0x1D,0x02,0x49,0x6A,0x39,
    0xA2,0xB2,0xC1,0xD2,0xC2,0xB3,0xA9,0xCD,0x54,0x07,0x04,0x24,0xAB,0xA6,0xA5,0x98,
    0x68,0xD5,0x41,0x25,0x01,0x61,0xD2,0x01,0xD2,0x01,0xD0,0x10,0x48,0x98,0x6C,0x59,
    0x46,0xA3,0x72,0x54,0x27,0x00,0x51,0xE2,0x01,0xE2,0x01,0xE6,0x91,0xE0,0x13,0x47,
    0x97,0x6B,0x39,0xA2,0x91,0xB2,0x93,0xA9,0x68,0x48,0x97,0x12,0x23,0x54,0x00,0x05,
    0x4E,0x0E,0x4B,0xE0,0x1E,0x69,0x1E,0x01,0x34,0x79,0x76,0xA4,0x9A,0xB4,0x9A,0xC4,
    0xA9,0xB3,0xA9,0xC2,0x81,0x92,0x22,0x35,0x41,0x00,0x25,0xE0,0x40,0x10,0x5E,0x06,
    0x51,0xE2,0x01,0x12,0x01,0xE0,0x10,0x46,0x96,0x6A,0x19,0x2B,0x49,0xBD,0x3B,0x92,
    0xB1,0x9C,0x28,0x47,0x39,0x1A,0x23,0x54,0x00,0x02,0x4E,0x4E,0x41,0x61,0x4E,0x4E,
    0x64,0x4E,0xBE,0x41,0x91,0x4E,0xBE,0x01,0x0D,0x6C,0x59,0x6C,0x37,0x8B,0x44,0x89,
    0x38,0xA5,0x41,0x00,0x24,0x10,0x14,0x91,0x01,0x16,0x64,0x10,0x14,0x91,0x01,0x16,
    0x94,0x76,0x54,0x41,0x33,0x45,0xB6,0xA4,0x9B,0x96,0xC5,0x94,0x68,0x57,0x02,0x44,
    0x89,0x63,0x96,0x54,0x00,0x01,0x31,0x6A,0x19,0xA3,0x61,0x64,0x31,0x6A,0x19,0xA3,
    0x61,0x66,0x33,0xA2,0x09,0x56,0x19,0x20,0x3A,0x36,0x9D,0x6E,0x19,0x5A,0x01,0x96,
    0x95,0x70,0x44,0x87,0x49,0x69,0x47,0x93,0x14,0x00,0x13,0x19,0xA1,0x9A,0x39,0x16,
    0x43,0x19,0xA1,0x9A,0x39,0x16,0x54,0xA0,0xB2,0x91,0x05,0x71,0x10,0x29,0x4B,0x0A,
    0xC4,0x9B,0x96,0xD1,0xA5,0xB0,0x1A,0x68,0x57,0x04,0x46,0x84,0x68,0x94,0x79,0x64,
    0xA3,0x40,0x00,0x31,0x9A,0x18,0xA3,0x91,0x64,0x31,0x9A,0x18,0xA3,0x91,0x65,0x1A,
    0x63,0xB6,0x31,0xAC,0x57,0x06,0xC3,0x9B,0x5C,0x03,0xB9,0xCD,0xB4,0x46,0x84,0x68,
    0x94,0x89,0x63,0x7A,0x23,0x60,0x53,0x06,0x94,0x19,0x14,0x45,0x44,0x19,0x16,0x44,
    0x19,0x14,0x45,0x44,0x19,0x16,0x53,0x9B,0x89,0xE9,0x83,0xB9,0xC4,0x67,0x66,0xB4,
    0x9A,0xB4,0xCD,0xC4,0xBA,0x9C,0x36,0x1E,0x48,0x69,0x47,0x98,0x49,0x6A,0x18,0x53,
    0x25,0x51,0x11,0x66,0x31,0x8A,0x12,0xA3,0x81,0x64,0x31,0x8A,0x12,0xA3,0x81,0x66,
    0x19,0x20,0x36,0x55,0x41,0x35,0x62,0x01,0x96,0x84,0x67,0x66,0xC5,0x94,0x6A,0xA4,
    0x78,0x64,0x96,0x94,0x89,0x64,0xA8,0x73,0x60,0xE1,0x92,0x53,0x61,0x65,0x44,0x54,
    0x41,0x31,0x44,0x54,0x64,0x44,0x54,0x41,0x31,0x44,0x54,0x66,0x49,0xB6,0x72,0x43,
    0x13,0x24,0x45,0x6B,0x19,0x68,0x4A,0xBA,0x6D,0x4B,0xCD,0x3C,0xB6,0xC4,0x16,0x84,
    0x67,0x94,0x59,0x73,0x96,0x29,0x57,0x02,0x54,0x86,0x16,0x64,0x13,0x14,0x21,0x24,
    0x13,0x16,0x44,0x13,0x14,0x21,0x24,0x13,0x1C,0x57,0x22,0x85,0x72,0x69,0x48,0x98,
    0x6D,0x4A,0xBC,0x3B,0xA6,0xD4,0x16,0x7E,0x48,0x48,0x92,0x4D,0x29,0x7E,0xA6,0x83,
    0x14,0x51,0x03,0x41,0x66,0x31,0x45,0x10,0x34,0x1C,0xD2,0x54,0x64,0x34,0x12,0x32,
    0x42,0x5D,0x68,0x47,0x97,0x6D,0x4A,0xBC,0x3B,0xA6,0xE5,0x10,0x55,0x25,0x63,0x35,
    0x16,0xB5,0x12,0x68,0x51,0x26,0x83,0x7C,0xB3,0xDE,0xB3,0xED,0xB3,0xC7,0x68,0x47,
    0x97,0x6D,0x1A,0x5B,0x01,0xA0,0x01,0x34,0x5E,0x57,0x33,0x64,0x01,0xC4,0xC7,0xC1,
    0xDB,0x31,0xEB,0x4D,0xC7,0x1C,0x68,0x46,0x96,0x6D,0x1A,0x5B,0x01,0xA0,0x00,0x72,
    0xD2,0xE1,0x92,0x85,0x72,0x70,0x1B,0x37,0xCB,0x3D,0xEB,0x3E,0xDB,0x3C,0x76,0x84,
    0x67,0x66,0xD1,0xA5,0xB0,0x1A,0x00,0x14,0x13,0xD2,0xE2,0x92,0xE2,0xD1,0x10,0x1C,
    0x4C,0x7C,0x1D,0xB3,0x1E,0xB4,0xDC,0x71,0xC6,0x84,0x67,0x66,0xD2,0xA1,0xB2,0xA0,
    0x02,0x53,0x05,0xE1,0x2D,0x1C,0x01,0xD9,0xE4,0x54,0x34,0x12,0x33,0x45,0xE9,0xC4,
    0x9A,0xB3,0xA9,0x6C,0x4A,0xBC,0x3B,0xA0,0x03,0x4C,0x3B,0x2D,0x4B,0x2C,0x01,0xF5,
    0x79,0x68,0x46,0x79,0x37,0x66,0xA4,0x9A,0xB4,0xCD,0xC4,0xBA,0x90,0x00,0x4D,0x23,
    0x1E,0x2D,0x4E,0x23,0x1D,0x01,0xE3,0x76,0x25,0x54,0x12,0x53,0x67,0xCD,0xB1,0x9B,
    0xD6,0xA5,0x94,0x6D,0x4E,0x3E,0x4D,0x3D,0x3E,0x32,0xE1,0x35,0xD0,0x43,0xDE,0x33,
    0xE0,0x1A,0x37,0x65,0x53,0x36,0x76,0x62,0x91,0xA5,0xB2,0x1A,0x29,0x69,0x5A,0x26,
    0xE3,0xCB,0x2C,0x1B,0x2C,0x1B,0x2C,0x3B,0x22,0xC1,0xB2,0xC3,0xBC,0x01,0xB9,0xE2,
    0x5E,0x96,0x83,0x67,0x52,0x23,0x76,0xC1,0x92,0xA1,0xB5,0xC0,0x1B,0x2A,0x19,0x6B,
    0x3C,0x22,0xC1,0x22,0xC1,0x22,0xC3,0x21,0x2C,0x12,0x2C,0x32,0xCC,0x1C,0x20,0x1E,
    0x20,0x1C,0x00,0xA9,0x56,0x39,0x66,0x18,0x29,0x2A,0x5B,0x02,0xA2,0x91,0x86,0x65,
    0x96,0x6C,0x3B,0x12,0xB1,0x12,0xB1,0x12,0xB3,0x12,0x2B,0x11,0x2B,0x31,0xB6,0xA1,
    0xE0,0x0E,0xBE,0xB0,0x0C,0x19,0x2A,0x1B,0x5C,0x01,0xB2,0xA1,0x90,0x1A,0x5E,0x00,
    0x0D,0x57,0x30,0x0B,0x59,0xA0,0x17,0x4D,0x0E,0x44,0xE0,0x1D,0x00,0xB5,0x73,0x6C,
    0x49,0xB9,0x68,0x19,0x2A,0x2B,0x2C,0x1D,0x2C,0x2B,0x2A,0x19,0x01,0x61,0xE2,0x01,
    0x12,0x01,0xE0,0x0C,0x57,0x16,0x84,0x9B,0x96,0x09,0x60,0x49,0xB9,0x63,0x19,0x2A,
    0x2B,0x5C,0x22,0xB2,0xA1,0x90,0x16,0x4E,0x01,0x46,0x10,0x1E,0x00,0xC5,0x71,0x69,
    0x18,0x89,0x81,0x86,0x45,0x8C,0x01,0x64,0x10,0x14,0x91,0x01,0x10,0x0C,0x57,0x16,
    0xA9,0x60,0x18,0x60,0x90,0x2C,0x31,0x9A,0x19,0xA3,0x91,0x00,0xCB,0x6C,0x48,0x9A,
    0x4B,0xA9,0x18,0x02,0xD3,0x19,0xA1,0x9A,0x39,0x10,0x0C,0xB6,0xF9,0x03,0x03,0x19,
    0xA1,0x8A,0x39,0x10,0x0A,0x47,0x64,0x45,0x67,0x6C,0x49,0xB9,0x02,0xF4,0x19,0x14,
    0x45,0x44,0x19,0x10,0x0B,0x57,0x16,0xE9,0x03,0x03,0x18,0xA1,0x2A,0x38,0x10,0x0A,
    0x47,0x64,0x45,0x67,0x6C,0x49,0xA9,0x02,0xF4,0x45,0x44,0x13,0x14,0x45,0x40,0x09,
    0x47,0x65,0x24,0x45,0x67,0x6C,0x90,0x30,0x41,0x31,0x42,0x12,0x41,0x31,0x00,0x74,
    0x76,0x52,0x43,0x13,0x24,0x45,0x67,0x6A,0x19,0x03,0x13,0x14,0x51,0x03,0x41,0x02,
    0x19,0x03,0x25,0x12,0x02,0x29,0x06,0xC9,0x0F,0xF0,0xFF,0x0F,0xF0,0xFF,0x0F,0xF0,
    0xFF,0x0F,0xF0,0xFF,0x0F,0xF0,0xFF,0x0F,0xF0,0xFF,0x0F,0xF0,0xFF,0x0F,0xF0,0xBF,
    0xF0,0x00,0x00,0x00,
};
u8 D_8018EC34[] = {
    0x26,0x1F,0x23,0x24,0x20,0x15,0x16,0x25,0x0D,0x75,0x90,0x5B,0x10,0x07,0x19,0x5A,
    0x01,0x90,0x00,0x19,0x2A,0x19,0x01,0x52,0x92,0xA1,0x90,0x02,0x49,0xA9,0x4B,0x9B,
    0xB1,0xB0,0x05,0x2B,0x59,0x03,0xA9,0x6D,0x59,0x23,0xA9,0x00,0x05,0x91,0x6C,0x59,
    0x23,0xA9,0x00,0x04,0x9A,0x94,0xB9,0x80,0x08,0x1B,0x58,0x22,0xB1,0x96,0xC1,0x92,
    0x83,0x9B,0x29,0x6F,0x19,0x28,0x39,0xA2,0x96,0x95,0x90,0x58,0x21,0x96,0xF2,0xA2,
    0x91,0x80,0x08,0x58,0x0B,0x58,0x11,0xB6,0xB5,0x80,0x40,0x9B,0x29,0x6E,0x58,0x31,
    0xA2,0x96,0x82,0x95,0x82,0x29,0x30,0x96,0xC3,0x9A,0x59,0x01,0x80,0x07,0x21,0x42,
    0x45,0xB2,0x82,0xB3,0x0B,0x67,0x52,0x11,0x4B,0x2B,0x49,0x0B,0x6B,0x21,0x42,0x45,
    0x28,0x59,0x06,0x93,0x98,0xB5,0x80,0x29,0x6D,0x2A,0x29,0x18,0x00,0x74,0x1E,0x29,
    0x34,0x5B,0x58,0x01,0xB6,0x73,0x2E,0x22,0x9C,0xB5,0xB0,0x6B,0x41,0xE2,0x94,0x45,
    0x85,0x90,0x68,0x12,0x93,0x46,0x00,0x23,0xA9,0x28,0x00,0x74,0x21,0x2E,0x56,0x16,
    0xB2,0x25,0x53,0xD6,0xE4,0x21,0x65,0x51,0x46,0x08,0x29,0x30,0x96,0x54,0x1E,0x29,
    0x34,0x60,0x01,0x3A,0x80,0x08,0x55,0x23,0x9B,0x28,0xD6,0xBE,0x4A,0x9B,0x28,0x27,
    0x6E,0x75,0x90,0x1B,0x28,0x37,0x02,0x81,0x96,0x54,0x1E,0x13,0x23,0x73,0x76,0x00,
    0x03,0x98,0x00,0x74,0x9A,0xE1,0xA2,0x9C,0x56,0x16,0xA4,0x9D,0xA1,0xB5,0x63,0x6E,
    0x4A,0x9B,0x56,0x36,0x92,0x14,0x23,0x62,0xB3,0x86,0x6F,0x12,0x9D,0x62,0x22,0x33,
    0x26,0xDD,0x55,0x05,0x63,0x6C,0x56,0x56,0xF5,0x65,0x69,0x13,0x22,0x43,0x46,0x1B,
    0x76,0xF4,0x21,0x24,0x34,0x61,0x8B,0x42,0x1E,0x42,0x43,0x1B,0x6C,0x36,0x55,0x60,
    0x41,0x23,0x14,0x6C,0x22,0x33,0x45,0x61,0x6D,0x22,0x13,0x56,0x46,0x81,0xAA,0xED,
    0x2B,0x76,0xE4,0x2E,0x14,0x23,0x44,0x6B,0x63,0x32,0x21,0x22,0x45,0x3B,0x6C,0x56,
    0x01,0x1E,0x71,0x46,0xA3,0x34,0x7A,0x56,0x01,0x76,0xB3,0x45,0x73,0x34,0x56,0x36,
    0x74,0xCD,0xE4,0xDA,0x91,0xB5,0x60,0x38,0x76,0xC5,0x10,0x42,0x36,0x1B,0x79,0x52,
    0x04,0x35,0x31,0x86,0xB4,0xDA,0x94,0x25,0xE4,0x23,0x43,0x64,0x69,0x41,0xE2,0x13,
    0x73,0x47,0x2B,0x18,0x69,0x41,0xE1,0x32,0x37,0x34,0x75,0xB1,0x18,0x67,0x56,0x53,
    0x87,0x9A,0x69,0x21,0x42,0x34,0x1B,0x71,0x75,0x32,0xC9,0x38,0x56,0xA1,0xA2,0x94,
    0x51,0xE4,0xA9,0xB3,0x46,0x68,0x42,0xED,0x1A,0x94,0x46,0x73,0x9B,0x28,0x68,0x2E,
    0x4A,0x12,0x43,0x46,0x47,0x9B,0x58,0x16,0x75,0x63,0x38,0x75,0x20,0x71,0x46,0x71,
    0x32,0x21,0x37,0x1B,0x73,0x84,0x53,0x04,0x54,0x34,0x86,0x4C,0x68,0x1A,0x29,0x44,
    0x1A,0x56,0x14,0xB4,0x86,0x71,0xA5,0x60,0x29,0xA4,0x78,0x92,0x86,0x71,0x95,0x60,
    0x2A,0x13,0xA3,0x79,0x58,0x26,0x71,0xA5,0x60,0x2B,0x37,0x32,0x21,0x32,0x23,0x36,
    0x65,0x19,0x56,0x14,0xB9,0xB7,0x38,0x69,0x45,0x43,0x48,0x65,0x34,0x56,0x71,0xD2,
    0xA4,0x94,0xA5,0x63,0x3B,0x86,0x75,0x63,0x2B,0x27,0x19,0x58,0x06,0x65,0x63,0x19,
    0x2B,0x17,0x29,0x58,0x26,0x61,0xE2,0xD4,0xA9,0xB4,0x73,0x24,0x42,0xE4,0x12,0x3D,
    0x64,0x4B,0xDE,0x4D,0xA9,0x56,0x02,0x81,0x79,0x56,0x2A,0xC6,0x64,0xAE,0xD3,0x9B,
    0x58,0x07,0x57,0x12,0x86,0x54,0xEA,0xB1,0x85,0x61,0x57,0x11,0x92,0x86,0x84,0xEA,
    0xB5,0x60,0x57,0x04,0x89,0xB5,0x81,0x65,0x2A,0x29,0x4B,0x87,0x43,0x63,0x21,0x4E,
    0xA9,0x27,0x64,0x56,0x51,0xB5,0x72,0x46,0x06,0x35,0x4E,0x66,0x59,0x01,0xB5,0x80,
    0x46,0x56,0x57,0x21,0x86,0x51,0x92,0xB2,0x85,0x60,0x57,0x21,0xB2,0x86,0x71,0x92,
    0xB4,0x65,0x65,0x72,0x18,0x2B,0x28,0x65,0x1D,0x29,0x5B,0x04,0x87,0x44,0x21,0xE1,
    0xA7,0x68,0x56,0x23,0xB8,0x57,0x04,0x87,0x64,0x06,0x51,0x4E,0x66,0x5B,0x05,0x81,
    0x35,0x65,0x74,0x65,0x5B,0x15,0x61,0x57,0x56,0x72,0xB4,0x86,0x5D,0x57,0x76,0x43,
    0xAE,0x29,0x5B,0x14,0x87,0x91,0xA7,0x6A,0x19,0x56,0x01,0xB5,0x83,0x37,0x6B,0xD5,
    0x50,0x66,0x28,0x2B,0x28,0x36,0x45,0x60,0x57,0x16,0x62,0x82,0xB3,0x65,0x56,0x05,
    0x73,0x68,0x48,0xB6,0xC5,0x60,0x57,0x56,0x53,0xED,0x59,0x05,0xB0,0x38,0x75,0x61,
    0x6B,0x3A,0x95,0xB0,0x58,0x23,0x76,0x60,0xD9,0xC6,0x62,0x84,0xB8,0x61,0x47,0xED,
    0x57,0x06,0x71,0x82,0xB4,0x64,0x6E,0xD5,0x72,0x69,0x48,0x65,0x73,0x56,0x57,0x46,
    0x52,0xA5,0x91,0x3B,0x82,0x73,0x65,0x76,0xB2,0x95,0xB3,0x28,0x37,0x66,0x02,0x29,
    0xC6,0x64,0x8B,0x61,0x35,0x62,0x45,0x67,0x69,0x48,0x53,0x56,0x13,0x56,0x57,0x06,
    0xA7,0x14,0x56,0x03,0x56,0x57,0x1D,0x67,0x59,0x02,0xB1,0x85,0x70,0x36,0x57,0x6C,
    0x3A,0x95,0xB0,0x49,0xB8,0x17,0x7B,0x52,0x0A,0xC6,0x67,0x32,0x66,0x24,0x65,0x66,
    0x93,0x53,0x76,0x03,0x65,0x56,0x06,0xB1,0x37,0xB3,0x65,0x56,0x1C,0x68,0x17,0x58,
    0x05,0x70,0x46,0x46,0x6E,0x3D,0xA5,0x90,0x1B,0x28,0x37,0x66,0x04,0x26,0x2A,0xC6,
    0x64,0x21,0x66,0x43,0x64,0x69,0x12,0x76,0x2D,0x55,0x06,0xB3,0x26,0x61,0xD5,0x51,
    0xD6,0x9D,0x58,0x02,0x73,0x64,0x6F,0x19,0x2A,0x39,0xB2,0x84,0x75,0x66,0x04,0x63,
    0x25,0x60,0x66,0x70,0x03,0x76,0x47,0x6C,0x76,0x25,0x61,0x6B,0x72,0x84,0x64,0x60,
    0x00,0x5B,0x14,0x76,0x5D,0x62,0x56,0x00,0x43,0x36,0x35,0x40,0xD0,0x03,0xD5,0x50,
    0x70,0x4C,0x56,0x10,0x05,0x56,0x10,0xFF,0x0F,0x85,0x65,0x6B,0x56,0x5C,0x6C,0x56,
    0x60,0x06,0x56,0x56,0xD2,0xB5,0x90,0x3A,0xF6,0xED,0x55,0x05,0x61,0x6B,0xD5,0x41,
    0x56,0x0C,0x6C,0x56,0x60,0x06,0x56,0x56,0xD1,0xC5,0xD0,0x4A,0x1A,0x86,0xC7,0x55,
    0x05,0x61,0x6B,0xD5,0x41,0x56,0x03,0x56,0x6B,0x56,0x61,0x40,0x04,0x56,0x43,0x46,
    0x6D,0x2D,0x2E,0x41,0xEA,0x86,0xCD,0x55,0x15,0x60,0x35,0x66,0xA5,0x42,0x7C,0x76,
    0xB5,0x66,0x14,0x00,0x45,0x63,0xA7,0x6C,0x3D,0xC2,0x82,0xE3,0xAF,0x6C,0x55,0x15,
    0x60,0xED,0x6A,0x13,0x54,0x17,0xC5,0x60,0x6A,0x56,0x61,0x40,0x04,0x56,0x3A,0x76,
    0xC4,0xD8,0x64,0x58,0xE3,0x9F,0x6B,0x55,0x25,0x60,0xC5,0x60,0x69,0x13,0x54,0x17,
    0xC5,0x60,0x6A,0x56,0x71,0x40,0x03,0x56,0x3A,0x76,0xC4,0xD8,0x54,0x68,0xD3,0x9F,
    0x6B,0x55,0x15,0x60,0xC5,0x61,0x69,0x9A,0x7C,0x56,0x16,0xA5,0x67,0x14,0x00,0x35,
    0x63,0x54,0x07,0x6B,0x4C,0x89,0x48,0xCD,0x3A,0xF6,0xB5,0x51,0x56,0x0C,0x56,0x16,
    0x97,0xA3,0x65,0x56,0x26,0xA5,0x68,0x14,0x00,0x25,0x64,0xA7,0x6B,0x4C,0x98,0x4C,
    0xDE,0x3A,0xF6,0xB9,0xE5,0x60,0xC5,0x62,0x68,0x42,0x13,0x7C,0x56,0x26,0xA5,0x68,
    0x14,0x00,0x25,0x64,0xA7,0x6B,0x48,0x9C,0x4D,0xE2,0x41,0xAF,0x6A,0x73,0x35,0x7C,
    0x56,0x36,0x85,0x60,0x43,0x45,0x56,0x36,0x95,0x64,0x54,0x20,0x02,0x56,0x5A,0xD6,
    0xB4,0x98,0xD4,0xE3,0x14,0xEA,0xF6,0x99,0x74,0x45,0x6C,0x56,0x1E,0x69,0x54,0x05,
    0x63,0xE6,0xA5,0x62,0x14,0x56,0x10,0x03,0x13,0x56,0x45,0x40,0xD6,0xA4,0x98,0xD4,
    0x31,0x34,0xE9,0xF6,0x94,0x32,0x33,0x65,0xA5,0x61,0xC7,0x69,0x53,0x01,0x45,0x61,
    0x55,0x06,0xA5,0x61,0x34,0x65,0x40,0x70,0x01,0x91,0x45,0x62,0x44,0x32,0xA6,0xA4,
    0x8C,0xE4,0x32,0xE4,0xD8,0xF6,0x95,0x30,0x14,0x7C,0x56,0x0C,0x56,0x16,0x83,0x32,
    0x91,0x45,0x60,0x55,0x06,0xAE,0x56,0x01,0x49,0xAD,0x00,0x11,0x3A,0x36,0x47,0x14,
    0x56,0x26,0xA4,0x8D,0xE4,0x12,0xD2,0x88,0x69,0x95,0x40,0x46,0x50,0xED,0xE7,0x68,
    0x53,0x04,0x43,0x43,0x56,0xE1,0x46,0xA4,0x53,0x47,0x44,0x32,0x33,0x6A,0x00,0x03,
    0x43,0xA5,0x61,0x34,0x32,0x23,0x43,0x69,0x48,0xDE,0x41,0x2D,0x28,0x86,0x9A,0x42,
    0x34,0x35,0x6B,0xDE,0x36,0x5A,0x68,0xA1,0x27,0xE3,0x65,0xA6,0xA9,0x45,0x64,0x93,
    0x63,0x70,0x00,0x33,0x45,0x61,0x30,0x49,0x42,0x63,0xD6,0x94,0xCD,0xE2,0x21,0xE2,
    0x88,0x69,0x22,0x56,0x1C,0xB4,0x54,0x53,0x64,0x91,0x46,0x74,0x32,0x61,0x49,0x45,
    0x65,0xA6,0xA4,0x34,0x57,0x44,0x63,0x46,0x42,0x00,0x07,0xED,0x60,0x53,0x04,0x62,
    0x61,0x36,0x82,0xD4,0xE3,0x24,0x38,0xF6,0xA7,0x44,0x34,0xC6,0x14,0x56,0x51,0x45,
    0x30,0x14,0x67,0x75,0x30,0x45,0x65,0x14,0x96,0x93,0x45,0x56,0x14,0x46,0x41,0x32,
    0x26,0xFA,0xED,0x60,0x44,0x36,0x42,0x64,0x32,0x36,0x72,0xD4,0xE3,0x24,0x38,0xF6,
    0xA1,0x45,0x31,0xC6,0x23,0x65,0xA9,0x14,0x67,0x34,0x32,0x23,0x35,0x7C,0x53,0x06,
    0x97,0xC5,0x60,0x45,0x43,0x42,0x12,0x6D,0xA4,0x34,0x5D,0x61,0x46,0x36,0x44,0x21,
    0x32,0x36,0x63,0xCD,0x2E,0x93,0x9F,0x6A,0x13,0x22,0x9C,0x62,0x7C,0xA3,0x34,0x68,
    0x52,0x03,0x45,0x56,0x01,0x49,0x69,0x35,0x4E,0x7E,0x34,0x32,0x26,0xD1,0x49,0x44,
    0x56,0x62,0x46,0x54,0x43,0x21,0x13,0x66,0x18,0x2D,0x4E,0x3E,0x3A,0xF6,0xA4,0x21,
    0x24,0x34,0x56,0x37,0xC5,0x40,0x68,0x42,0x12,0x14,0x56,0x1A,0x13,0x6A,0xAC,0x56,
    0x0C,0xA3,0x32,0x6D,0x34,0x3A,0x76,0x3E,0x44,0x32,0x13,0x66,0x19,0x2D,0x2E,0x4D,
    0xAF,0x6A,0x22,0xA3,0x56,0x64,0x7C,0xA6,0x94,0x13,0x55,0x61,0x45,0x43,0x6A,0xAC,
    0x56,0x1C,0xA1,0x26,0xD5,0x40,0xC7,0x63,0xDE,0x14,0x96,0x64,0x9C,0xD2,0xE4,0xD9,
    0xF6,0xA3,0x23,0xED,0x66,0x7A,0x13,0x68,0x42,0x35,0x36,0x05,0x60,0x35,0x46,0xAA,
    0xC7,0x30,0x6E,0x34,0x26,0xDA,0xED,0x65,0x46,0x54,0x91,0x46,0x54,0x89,0xD2,0xE4,
    0xD8,0xF6,0x93,0x23,0xED,0x67,0x7C,0x53,0x06,0x79,0x35,0x6B,0x7E,0x6A,0x14,0xE7,
    0xB4,0x65,0x41,0x36,0xC3,0x45,0x56,0x06,0x74,0x65,0x33,0x24,0x65,0x4C,0x89,0x4D,
    0xEC,0x38,0xF6,0x84,0x21,0x2E,0xD6,0x81,0x45,0x30,0x32,0x36,0x64,0x13,0x5D,0xB3,
    0x34,0x76,0xA5,0x50,0xD6,0x04,0x64,0x31,0x26,0xC9,0x44,0x56,0x67,0x44,0x32,0xE6,
    0x51,0xC2,0x83,0xCE,0x28,0x86,0x87,0x42,0x36,0x69,0x73,0x43,0x56,0x06,0x47,0x42,
    0x36,0xB7,0xA6,0xA9,0x34,0x66,0x15,0x60,0x14,0x6B,0xE7,0x69,0x46,0x53,0x32,0x36,
    0x41,0xCE,0x48,0xD8,0x86,0x94,0xD9,0x63,0x36,0x69,0x4B,0x84,0x56,0x16,0x44,0xD9,
    0x63,0x36,0xB4,0xB6,0x43,0x34,0x69,0x1B,0x56,0x06,0x02,0x94,0x63,0x46,0xAD,0x97,
    0x68,0x29,0x46,0x43,0x32,0x66,0x34,0xC6,0x54,0x8D,0x88,0x68,0x1A,0x29,0x46,0x46,
    0x69,0x3B,0x85,0x61,0x64,0x1A,0x29,0x46,0x46,0x40,0xCB,0x46,0x42,0x33,0x46,0x84,
    0xC6,0x57,0xB4,0xA9,0x69,0x14,0x68,0x4B,0x63,0x14,0x56,0x06,0x74,0xA9,0x61,0x49,
    0xD6,0x32,0xC1,0x82,0xD3,0x8F,0x67,0x4D,0xA9,0x4B,0x65,0xD6,0x83,0xCB,0x28,0x76,
    0x44,0xDA,0x94,0xB6,0x54,0x60,0xC4,0xB8,0x44,0x32,0x46,0x72,0xC3,0x65,0x71,0x02,
    0xA4,0x9B,0x63,0x36,0x67,0x4C,0x63,0xAC,0x76,0x62,0xA4,0x9B,0x63,0x36,0x64,0x2C,
    0x2D,0x4C,0x8F,0x66,0x2D,0x49,0xB8,0x1B,0x76,0x82,0xC2,0x87,0x63,0x2D,0x49,0xB8,
    0x1B,0x74,0xCB,0x85,0x62,0x65,0x5C,0x04,0x64,0x57,0x4A,0xDA,0x29,0x3B,0x66,0x72,
    0xC3,0x63,0x54,0x03,0x56,0x65,0x4A,0xDA,0x29,0x3B,0x66,0x55,0xC2,0x38,0xF6,0x54,
    0xDE,0xA2,0x92,0x83,0xB6,0x66,0x5C,0x11,0xB7,0x63,0x4D,0xEA,0x29,0x28,0x4B,0x6B,
    0x18,0x56,0x16,0x65,0xC0,0x3B,0x6A,0x46,0xAD,0x3E,0xD2,0xA3,0x9B,0x66,0x2C,0x4B,
    0x63,0x54,0x1D,0x64,0x4A,0xDE,0x1D,0x2A,0x39,0xB6,0x55,0x82,0x80,0xFF,0x06,0x65,
    0x66,0x6B,0x56,0x60,0x4D,0x56,0x76,0xA5,0x65,0xC0,0x4D,0xE5,0x65,0x6A,0xC5,0x62,
    0x38,0x6E,0x00,0x51,0x95,0xA0,0x19,0x02,0xF5,0x50,0x46,0x86,0x48,0x65,0x76,0x9E,
    0x74,0x86,0x87,0xC0,0x04,0x2B,0x59,0x03,0xA9,0x02,0x05,0x70,0x68,0x55,0x11,0x87,
    0x48,0x64,0x13,0x69,0xE4,0x65,0x87,0x48,0x64,0x13,0x00,0x21,0xB5,0x82,0x2B,0x19,
    0x01,0x13,0x7F,0x67,0x27,0x38,0xA2,0x76,0x65,0x40,0xE1,0x85,0x60,0x38,0x49,0x68,
    0xA4,0x65,0x87,0x28,0x34,0x30,0x01,0x58,0x0B,0x58,0x11,0xB0,0x11,0x17,0x2F,0x64,
    0x27,0x18,0x2A,0x41,0xA8,0x66,0x54,0x03,0x58,0x56,0x24,0x84,0x36,0x75,0x40,0x35,
    0x85,0x61,0x18,0xA1,0x36,0xF2,0x14,0x24,0x5B,0x28,0x2B,0x30,0xB6,0xA9,0x14,0x56,
    0x16,0xC1,0x72,0xF6,0x12,0x71,0x82,0xA5,0x10,0x3A,0x86,0x61,0x3A,0x35,0xB5,0x62,
    0x18,0xA1,0x36,0x61,0x3A,0x35,0xB5,0x62,0x48,0x43,0x6E,0x41,0xE2,0x93,0x45,0xB5,
    0x80,0x1B,0x6A,0x22,0x43,0x45,0x56,0x16,0xB3,0x7B,0x57,0x21,0x85,0xA0,0x4E,0x1E,
    0x4D,0x98,0x66,0x33,0x4E,0x3B,0x66,0x07,0x4B,0x43,0x66,0x33,0x4E,0x3B,0x66,0x03,
    0x68,0xA1,0x36,0xC4,0x21,0x2E,0x56,0x16,0xD3,0x12,0x53,0x03,0x45,0x56,0x16,0xC1,
    0x72,0xB1,0x95,0xA1,0x2E,0x1B,0xA4,0xB9,0x86,0x59,0x44,0x5B,0xD6,0x24,0x6B,0x33,
    0x23,0x65,0x43,0x45,0x44,0xB6,0x60,0x74,0xB3,0x26,0xB5,0x52,0x39,0xB2,0x8D,0x6B,
    0x41,0xE2,0x54,0x2C,0x56,0x16,0xC4,0x78,0xF1,0xC2,0xD2,0xE2,0xD1,0x8E,0x48,0xC9,
    0x17,0x64,0x9A,0x3B,0x66,0x25,0x62,0x65,0x13,0x54,0x03,0xB6,0x61,0x56,0x16,0xA4,
    0x9A,0xE1,0xA2,0x9C,0x56,0x16,0xA4,0x16,0x23,0x35,0x54,0x03,0x34,0x56,0x26,0xC1,
    0x72,0xF1,0xC5,0xD2,0x48,0x98,0x4C,0xDA,0x17,0x64,0x31,0x29,0x3B,0x66,0x34,0x68,
    0x41,0x36,0x53,0x12,0x93,0xB6,0x61,0x46,0x84,0x13,0x6A,0xD5,0x50,0x56,0x36,0xA3,
    0xE2,0x71,0x2E,0x95,0x64,0x6C,0x27,0x85,0xC2,0x18,0x29,0x4C,0xDE,0x3A,0x76,0x45,
    0x50,0x38,0x66,0x47,0x4B,0x43,0x63,0x55,0x13,0x86,0x63,0x46,0xB4,0x13,0x6A,0x36,
    0x55,0x60,0x41,0x23,0x14,0x69,0x21,0x32,0x37,0x95,0x66,0x6D,0x37,0xF5,0xC2,0x29,
    0x48,0xD2,0x41,0xA7,0x63,0x33,0x4E,0x3B,0x66,0x54,0x6B,0x31,0x26,0x33,0x34,0xE3,
    0xB6,0x63,0x46,0xB3,0x12,0x6B,0x56,0x01,0x1E,0x71,0x46,0x84,0x12,0x32,0x25,0x69,
    0x6D,0x47,0x8F,0x5C,0x04,0x89,0x84,0xDE,0x14,0xE9,0x76,0x39,0xA3,0x96,0x65,0x56,
    0x16,0x39,0xA3,0x96,0x63,0x56,0x16,0xA4,0xDA,0x94,0x25,0xE4,0x23,0x43,0x64,0x67,
    0x42,0x32,0x56,0xB6,0xE3,0x78,0x2C,0x48,0x98,0x4C,0xE2,0x43,0xDB,0x17,0x63,0x31,
    0x29,0x39,0x66,0x64,0x68,0x41,0x36,0x23,0x12,0x93,0x96,0x63,0x36,0x8E,0x13,0x69,
    0x1A,0x29,0x45,0x1E,0x4A,0x9B,0x34,0x66,0x72,0x25,0x61,0x62,0x56,0x23,0x54,0x96,
    0xB1,0x72,0x84,0x7B,0x94,0x8D,0xE4,0x2E,0xB3,0x87,0x63,0x55,0x03,0x86,0x67,0x46,
    0xB4,0x13,0x61,0x55,0x13,0x86,0x64,0x36,0xBA,0x13,0x68,0x1A,0x29,0x44,0x1A,0x56,
    0x14,0xB4,0x86,0x67,0x45,0x45,0x76,0x15,0x61,0x35,0x45,0x31,0x6B,0x47,0x8B,0x49,
    0x8C,0x4D,0xE3,0x3D,0x82,0x76,0x23,0x34,0xE3,0xB6,0x67,0x36,0xB5,0x90,0x60,0x33,
    0x4E,0x3B,0x66,0x43,0x6B,0x59,0x06,0x71,0xD2,0xA4,0x94,0xA5,0x63,0x3B,0x86,0x73,
    0x43,0xA7,0x62,0x56,0x03,0x54,0x53,0x26,0xA4,0x78,0xB1,0x82,0xC1,0xD2,0xE4,0xDB,
    0x76,0x39,0xA3,0x96,0x68,0x56,0x16,0x09,0xA3,0x96,0x65,0x56,0x16,0x64,0xAE,0xD3,
    0x9B,0x28,0x7E,0xD2,0x72,0x86,0x65,0x30,0x44,0x56,0x63,0x56,0x0C,0xA9,0x22,0x69,
    0x47,0x87,0x28,0x1B,0x2D,0x4E,0xD9,0x17,0x63,0x3A,0xD2,0xA3,0x96,0x6F,0x4A,0xDA,
    0x29,0xD0,0x02,0x59,0x01,0xB5,0x80,0xCA,0xC7,0x27,0x18,0x66,0x53,0x13,0x56,0x63,
    0x56,0x15,0x50,0x34,0x35,0x20,0x68,0x47,0xF7,0x49,0xBC,0x5D,0x03,0xA7,0x63,0x56,
    0x36,0xF5,0x63,0x00,0x25,0xB0,0x58,0x04,0x54,0x33,0x45,0x75,0x70,0x67,0x94,0x45,
    0x66,0x45,0x63,0xE2,0x24,0x13,0x46,0x64,0x7F,0xC4,0x79,0xC5,0xD0,0x39,0x70,0x26,
    0x28,0x2B,0x28,0xC5,0x30,0xC7,0x27,0x68,0x33,0x4E,0x69,0x56,0x14,0x32,0x37,0x66,
    0x17,0x2F,0x4C,0x79,0x2C,0x4D,0x97,0x02,0x72,0x84,0xB8,0x63,0x52,0x9C,0x72,0x76,
    0x84,0x23,0x5D,0x6C,0x46,0x42,0x56,0x06,0x74,0x7F,0xC4,0x7B,0x81,0xC2,0xD3,0x97,
    0x02,0x74,0x8B,0x63,0x36,0x91,0x45,0x60,0x17,0x68,0x74,0x24,0x66,0xC7,0x13,0x56,
    0x06,0x71,0x72,0xF4,0xC7,0xB1,0x82,0xD3,0xB7,0x01,0x41,0xC6,0xF7,0x12,0x79,0xC7,
    0x35,0x66,0x84,0xE9,0x63,0x36,0x6C,0x48,0x64,0x76,0x81,0x75,0xF0,0x4C,0x75,0x47,
    0xDB,0x17,0x00,0xE1,0x16,0x21,0xD6,0x21,0x16,0x93,0x21,0x72,0x24,0x46,0x47,0x14,
    0x67,0x1A,0x29,0x46,0x45,0x6B,0x3B,0x85,0x61,0x69,0x17,0x5F,0x01,0xC2,0x74,0xDB,
    0x76,0xB4,0xF1,0x21,0x36,0xB3,0x2E,0x62,0x1E,0x62,0x3E,0x26,0x87,0xC5,0x20,0x45,
    0x43,0x36,0x56,0x72,0xA4,0x9B,0x64,0x54,0x66,0xA3,0xB8,0x56,0x06,0xA2,0x75,0x81,
    0x2B,0x17,0x6C,0x3F,0xD2,0xE1,0x26,0x94,0xE2,0xD8,0x60,0x4C,0x1C,0x60,0x4F,0xD2,
    0x1E,0x68,0xC5,0x20,0x44,0x54,0x43,0x64,0x13,0x65,0x2A,0x49,0xB8,0x4B,0x64,0xD6,
    0x91,0xB2,0x85,0x60,0x6B,0x57,0x46,0x61,0xD6,0x38,0x2C,0x4D,0xE1,0x68,0x42,0xEC,
    0x86,0x04,0xFD,0xF6,0x04,0xFC,0xE1,0x26,0x81,0x42,0x23,0x45,0xA4,0x68,0x41,0x36,
    0x44,0xAE,0xA2,0x92,0x81,0xB7,0x68,0x2B,0x38,0x75,0x60,0x00,0xC3,0x1D,0x61,0x4F,
    0x3D,0x4C,0xDE,0x11,0x66,0x43,0xED,0x4C,0xDF,0xB5,0xF0,0xB4,0xFD,0xC4,0xDE,0x36,
    0x64,0x42,0x3E,0x14,0x56,0x01,0x8A,0x13,0x02,0xE4,0xD1,0xD6,0x03,0xF3,0x2D,0x4C,
    0xDE,0x12,0x65,0x42,0xEC,0x4D,0x3C,0x4F,0x0D,0x41,0xD0,0x4F,0xC3,0x4D,0xCE,0x12,
    0x66,0x53,0x03,0x5F,0x56,0x24,0x84,0x30,0x2F,0x1D,0x2F,0x4D,0x0F,0x13,0x5D,0x04,
    0xCD,0xE6,0x54,0x1D,0xC2,0xD4,0x3F,0x04,0xFC,0xF4,0x0F,0x32,0xD4,0xCD,0x16,0x44,
    0x12,0x14,0x43,0x58,0x56,0x04,0x56,0x8A,0x13,0x02,0x25,0xF3,0x64,0x4F,0xED,0x2F,
    0x5D,0x24,0xCE,0x36,0x44,0x1D,0xC2,0xD4,0x3F,0xC4,0xFE,0xF4,0xCF,0x32,0xD4,0xCD,
    0x16,0x31,0x12,0xF4,0x1F,0x13,0x5B,0x56,0x0C,0x74,0xB3,0x20,0x22,0x86,0x18,0x64,
    0x2D,0x2C,0x2F,0x13,0x5D,0x04,0xCD,0xE6,0x44,0x1D,0xC2,0xD4,0x3F,0xD4,0xFE,0xF4,
    0xDF,0x32,0xD4,0xCD,0x16,0x34,0xF0,0x32,0xF4,0x1F,0xB5,0x61,0xC5,0x61,0x02,0x28,
    0x61,0x8B,0x5F,0x1B,0x4F,0xCE,0x1D,0x2F,0x53,0x04,0xDC,0x26,0x44,0x1D,0xC2,0xD4,
    0x3F,0x04,0xFC,0xF4,0x0F,0x32,0xD4,0xCD,0x16,0x52,0xF4,0x25,0xF1,0xB5,0x61,0x45,
    0x68,0x34,0x30,0x0F,0x33,0x25,0x11,0x32,0x36,0x88,0x61,0x8B,0x41,0xEC,0x1D,0x5F,
    0x14,0xDE,0xC5,0xF1,0x4D,0xC1,0x64,0x42,0xEC,0x4D,0x3C,0x4F,0x0D,0x41,0xD0,0x4F,
    0xC3,0x4D,0xCE,0x12,0x65,0x55,0x11,0x85,0x61,0xE7,0x4B,0x43,0x00,0xC3,0xE2,0x2E,
    0x5D,0x12,0xE3,0x2E,0x66,0x86,0x18,0xB4,0x2E,0xC1,0xD9,0x1D,0x2F,0x2C,0x2D,0xB5,
    0xF0,0x64,0x43,0xED,0x4C,0xDF,0xB4,0x89,0x8B,0x4F,0xDC,0x4D,0xE3,0x65,0x33,0x4E,
    0x1B,0x56,0x1E,0x74,0xB3,0x20,0x0B,0x22,0x3E,0xD5,0xC3,0x1D,0x2E,0x12,0x65,0x5F,
    0x3B,0x43,0xED,0x1C,0x5D,0x01,0x32,0xF4,0xD1,0xB1,0x86,0x94,0x2E,0xC8,0x60,0x48,
    0x98,0x60,0x4F,0xCE,0x12,0x66,0x9A,0x19,0x56,0x05,0x50,0x56,0x26,0x61,0xE9,0x6E,
    0x41,0xED,0x2C,0x5D,0x32,0xC4,0xDE,0x16,0xD2,0xE1,0xC5,0xD1,0x43,0xFD,0x4B,0x9B,
    0x18,0x68,0x2E,0x3D,0xF6,0x04,0x89,0x86,0x03,0xFD,0x2E,0x66,0x31,0x29,0x19,0x75,
    0x50,0x56,0x01,0x8E,0x13,0x63,0x32,0xE2,0xD1,0xC0,0x00,0x2F,0x3D,0x35,0xD1,0x33,
    0xD2,0xF6,0xF4,0x3E,0xD1,0xC5,0xD0,0x43,0xF0,0x48,0xB9,0x3B,0x86,0x83,0x2E,0x61,
    0x48,0x98,0x61,0x3E,0x26,0x65,0x51,0x18,0x56,0x24,0x56,0x03,0x6B,0xA1,0x36,0x21,
    0x22,0xD2,0xC1,0xD0,0x02,0x3F,0xC5,0x31,0x3C,0xF6,0x85,0xF3,0x61,0x42,0xED,0x1C,
    0x2D,0x33,0xFB,0x48,0xB9,0x28,0x68,0x11,0x61,0x48,0x98,0x61,0x11,0x67,0x33,0x4E,
    0x3B,0x6E,0xA7,0x40,0x6B,0x59,0x06,0x11,0x12,0xD1,0xC5,0xD0,0x00,0x35,0xF3,0x69,
    0x86,0x18,0x62,0x41,0xED,0x1C,0x5D,0x08,0xB4,0x8B,0x93,0xBD,0x6C,0x48,0x98,0x6C,
    0x9A,0x19,0x56,0x24,0x45,0x0C,0x56,0x16,0x14,0x1D,0xC5,0xD2,0x40,0xFD,0x00,0x13,
    0xCD,0x6B,0x86,0x18,0x63,0x41,0xED,0x2C,0x3D,0xF6,0x04,0x8B,0xD8,0x6C,0x4D,0x2D,
    0x6C,0x4A,0xDA,0x29,0xD5,0x41,0x76,0x63,0x1D,0x2C,0x5D,0x11,0xC2,0xD8,0x6C,0x1C,
    0x2F,0x1D,0x5F,0x11,0xD5,0x83,0x1D,0x62,0x86,0x18,0x64,0x12,0x2E,0x4D,0xCF,0x61,
    0x3D,0xF6,0xE8,0x6D,0x56,0x31,0x49,0x44,0x35,0x66,0x31,0xD2,0xC2,0xE3,0xDC,0x2E,
    0x3D,0xCB,0x13,0x66,0x4C,0xDE,0x41,0xDF,0x31,0xC2,0xE3,0xC1,0x59,0x33,0x2F,0x61,
    0x86,0x18,0x66,0x43,0x21,0x80,0x1B,0x43,0x24,0x13,0x7C,0x65,0x5F,0x34,0xCE,0x13,
    0xEC,0x5D,0x03,0xC3,0x68,0x1C,0x2F,0x1D,0x5F,0x11,0xD5,0x83,0x1D,0x62,0x5F,0x30,
    0x28,0xA3,0x26,0xAC,0x6A,0x2F,0x48,0xED,0x1C,0x5D,0x03,0xCE,0x6D,0x3C,0xD0,0x3C,
    0x43,0x26,0x14,0x93,0x46,0x6C,0x38,0xC5,0xD1,0x3C,0x26,0xB5,0xF3,0x01,0x41,0x3A,
    0x6C,0x13,0x22,0xD6,0xE7,0x53,0x03,0x46,0x6D,0x3F,0xE2,0xD4,0xCD,0x26,0xA3,0xFC,
    0x53,0x13,0xCF,0x68,0x5F,0x30,0x00,0xC5,0x31,0x14,0x6B,0x33,0x29,0xD6,0xE1,0x32,
    0x24,0x34,0x66,0xD2,0xF4,0xED,0xC3,0x21,0x68,0x2F,0x3D,0x35,0xD1,0x33,0xD2,0xF6,
    0x68,0x61,0x86,0xF7,0xC5,0x31,0x14,0x69,0x43,0x26,0xAD,0x6E,0x52,0x04,0x34,0x66,
    0xE4,0xFE,0xC3,0xD1,0x67,0x41,0xED,0x2C,0x5D,0x32,0xC4,0xDE,0x16,0x48,0x61,0x86,
    0xF5,0x60,0x35,0x49,0x14,0x68,0x13,0x22,0x44,0x64,0xD6,0xE4,0x21,0x21,0x47,0x6E,
    0x2F,0x4D,0xE1,0x68,0x22,0x3E,0xD5,0xC3,0x1D,0x2E,0x12,0x65,0x86,0x18,0x65,0x5E,
    0x06,0x55,0x61,0x45,0x32,0x14,0x67,0x13,0x22,0x14,0x70,0x00,0x41,0x35,0x76,0xF4,
    0xFE,0x16,0xA3,0xE2,0x2E,0x5D,0x12,0xE3,0x2E,0x66,0x86,0x18,0x62,0x5F,0x11,0xE2,
    0x22,0x13,0x2E,0x61,0x56,0x13,0x43,0x22,0x65,0x94,0x23,0x5D,0x00,0x14,0x23,0x5D,
    0x01,0x23,0x32,0x51,0x13,0x23,0x68,0x5F,0x36,0x35,0xF2,0x2E,0x2F,0x1C,0x63,0x7C,
    0x92,0x26,0x31,0x32,0x24,0x34,0x5D,0x00,0x19,0x35,0x60,0x32,0x5C,0x12,0xF2,0xC6,
    0x54,0x65,0x41,0x32,0x2D,0x61,0x13,0x52,0x03,0x45,0x70,0x00,0x42,0x13,0x35,0x60,
    0x33,0x5C,0x36,0x63,0x65,0xA5,0x60,0x62,0x22,0x33,0x55,0x60,0x00,0x07,0x42,0x36,
    0x65,0x5F,0x3B,0x5F,0x3B,0x5F,0x3B,0x5F,0x3B,0x5F,0x3B,0x5F,0x3B,0x5F,0x36,0x75,
    0xC0,0x67,0x7E,0x76,0x44,0x34,0x57,0x00,0x14,0xD9,0x63,0x36,0x65,0x86,0x18,0xB8,
    0x61,0x8B,0x86,0x18,0xB8,0x61,0x8B,0x86,0x18,0xB8,0x61,0x8B,0x86,0x18,0x00,0x37,
    0xE7,0x66,0x44,0x56,0x00,0x11,0xA2,0x9D,0x9D,0x64,0x86,0x18,0xB8,0x61,0x8B,0x86,
    0x18,0xB8,0x61,0x8B,0x86,0x18,0xB8,0x61,0x8B,0x86,0x18,0x00,0x2D,0xE5,0x61,0x00,
    0xC4,0xDA,0x94,0xB6,0x53,0x36,0x64,0x86,0x18,0xB8,0x61,0x8B,0x86,0x18,0xB8,0x61,
    0x8B,0x86,0x18,0xB8,0x61,0x8B,0x86,0x18,0x00,0x2D,0x55,0x07,0x00,0xC2,0xD4,0x9B,
    0x84,0xB6,0x4D,0x64,0x86,0x18,0xB8,0x61,0x8B,0x86,0x18,0xB8,0x61,0x8B,0x86,0x18,
    0xB8,0x61,0x8B,0x86,0x18,0x00,0x35,0x60,0x00,0xD4,0xDE,0xA2,0x92,0x81,0xB7,0x64,
    0x5F,0x3B,0x5F,0x3B,0x5F,0x3B,0x5F,0x3B,0x5F,0x3B,0x5F,0x3B,0x5F,0x30,0x6E,0xF0,
};
u8 D_8018FB24[] = {
    0x1F,0x20,0x61,0x26,0x16,0x23,0x24,0x14,0x0B,0x9A,0x69,0x56,0x00,0x5B,0xB2,0x5B,
    0x67,0xA2,0x5B,0x03,0x6C,0x00,0xEB,0x54,0x0B,0x67,0x15,0xD1,0x5A,0x60,0x52,0x00,
    0x2E,0x53,0x0D,0x00,0xB4,0x64,0x3D,0xB6,0x64,0x54,0x33,0x45,0xA8,0x42,0x63,0x22,
    0x00,0xD5,0x20,0x00,0xA5,0x30,0xD0,0x0A,0x36,0x4C,0x44,0x56,0x66,0x15,0x53,0x01,
    0x5A,0x84,0x23,0x64,0x32,0x30,0x0A,0x13,0x52,0x30,0x07,0x53,0x0E,0xA6,0xB2,0x21,
    0x3A,0x67,0x46,0x32,0x43,0x56,0x15,0x66,0x35,0x2C,0x15,0xA8,0xCB,0x54,0x00,0x0A,
    0xC5,0x23,0x00,0x63,0x34,0x56,0x26,0x93,0x23,0x56,0x26,0x64,0x62,0x34,0x46,0x5B,
    0x67,0xCE,0x56,0x08,0xD5,0x60,0xE0,0x0A,0xB5,0x42,0x13,0x52,0x00,0x03,0x33,0x45,
    0x63,0x66,0x53,0x0D,0x56,0x26,0x6C,0xEA,0x34,0x66,0x7C,0x15,0xA9,0x56,0x1E,0x00,
    0x0C,0xE6,0x45,0x60,0x55,0x13,0x43,0x22,0x00,0x13,0x34,0x56,0x46,0x45,0x31,0x56,
    0x46,0x73,0x32,0xA3,0x45,0x67,0x22,0x44,0x64,0xB6,0x25,0x60,0x34,0x36,0xF5,0x30,
    0xB6,0x55,0x61,0x45,0x34,0x33,0x20,0x00,0x33,0x45,0x64,0x63,0x22,0x53,0x05,0x64,
    0x67,0x52,0x04,0x54,0x3B,0x66,0x52,0x04,0x54,0x3B,0x63,0xA4,0x54,0x36,0xD5,0x31,
    0xB6,0x8B,0x25,0x53,0x16,0xE4,0x23,0x45,0x62,0x65,0x32,0x32,0x55,0x61,0x6A,0x52,
    0x04,0x45,0x33,0x46,0x65,0x52,0x04,0x45,0x43,0x36,0x64,0xAE,0xC6,0xCE,0xC3,0x46,
    0x69,0xB2,0x55,0x30,0x6D,0x12,0xC5,0x61,0x67,0x33,0x55,0x62,0x6B,0x22,0x44,0x54,
    0x35,0x66,0x62,0x23,0x45,0xDB,0x65,0xA1,0x5C,0xE6,0xB5,0x40,0xA6,0x9A,0x25,0xC6,
    0xD3,0x23,0x56,0x16,0x81,0x55,0x60,0x35,0x46,0xB3,0x23,0x25,0xEA,0x66,0x32,0x32,
    0x5E,0xA6,0x7A,0xEC,0xE6,0x92,0x23,0x34,0xA6,0xAA,0x45,0x43,0xE6,0xB2,0x2E,0x56,
    0x16,0x95,0x61,0x35,0x36,0x95,0x30,0x25,0xB6,0x75,0x30,0x45,0xF6,0x69,0x56,0x05,
    0x40,0x68,0x52,0x04,0x34,0x66,0xCA,0x35,0x3D,0x6A,0x32,0x35,0x61,0x6A,0x56,0x23,
    0x53,0x66,0x41,0x21,0x34,0x32,0x56,0x64,0x12,0x14,0x43,0x57,0x6A,0x56,0x2D,0x67,
    0x52,0x0D,0xB6,0xD4,0x65,0x44,0x56,0x46,0x82,0x2E,0xA6,0xC5,0x63,0x35,0x36,0x41,
    0x12,0xF4,0x1F,0x11,0x56,0x61,0x12,0xF4,0x1F,0x11,0x56,0xC5,0x65,0x64,0x52,0x0D,
    0xB6,0xFB,0x25,0xB2,0x26,0x62,0x21,0x3A,0x6E,0x56,0x31,0x56,0x44,0xF0,0x32,0xF3,
    0x1F,0x66,0x4F,0x03,0x2F,0x31,0xF6,0xD5,0x64,0x63,0x22,0x33,0x4A,0x00,0x03,0x65,
    0xA3,0x32,0x65,0x22,0x43,0x46,0x6F,0x56,0x46,0x62,0xF4,0x05,0xF6,0x82,0xF4,0x05,
    0xF6,0xD5,0x64,0x62,0x22,0x43,0x46,0x00,0x23,0x65,0xA3,0x53,0x64,0x46,0x23,0xEA,
    0x00,0x05,0x63,0x01,0xC5,0x63,0x60,0x52,0x13,0x46,0x00,0x44,0x65,0x33,0x65,0x64,
    0x36,0x35,0x61,0x00,0x25,0x60,0x01,0xF5,0x61,0x82,0x2A,0x32,0x60,0x06,0x56,0x06,
    0x53,0x63,0x56,0x00,0x3A,0xA8,0x12,0x56,0x03,0x36,0x01,0x2A,0x03,0xDB,0x84,0x30,
    0x41,0x0A,0x0F,0xF0,0x05,0x38,0x7C,0xD6,0xD5,0x60,0x00,0xC5,0xF3,0x85,0xF3,0x85,
    0xF3,0x85,0xF3,0x85,0xF3,0x63,0x56,0x36,0x45,0x61,0x68,0x17,0x52,0x0A,0xE6,0xB4,
    0x65,0x43,0x56,0x00,0xB7,0x97,0x87,0x97,0x87,0x97,0x87,0x97,0x87,0x97,0x63,0x56,
    0x36,0x45,0x62,0x67,0x13,0x22,0x13,0x22,0x33,0x66,0x94,0x65,0x45,0x30,0xB0,0x0A,
    0x79,0x78,0x79,0x78,0x79,0x78,0x79,0x78,0x79,0x76,0x32,0x55,0x61,0x64,0x56,0x26,
    0x74,0x32,0x44,0x2E,0x14,0x23,0x66,0x8B,0x25,0x34,0x32,0x2B,0x00,0x97,0x97,0x87,
    0x97,0x87,0x97,0x87,0x97,0x87,0x97,0x63,0x55,0x04,0x68,0x66,0x44,0x68,0x61,0x5A,
    0x66,0x43,0x63,0x21,0x4E,0xA9,0x27,0x68,0x56,0x04,0x43,0x23,0x56,0x00,0x87,0x97,
    0x87,0x97,0x87,0x97,0x87,0x97,0x87,0x97,0x63,0x55,0x13,0x86,0x64,0xA4,0x86,0x41,
    0x36,0x64,0x74,0x24,0x1E,0xA5,0x60,0x69,0xA5,0x20,0x43,0x42,0xB6,0xE5,0x31,0x62,
    0x5F,0x38,0x5F,0x38,0x5F,0x38,0x5F,0x38,0x5F,0x36,0x25,0x40,0x25,0x38,0x66,0x45,
    0x60,0x38,0x4C,0x65,0x48,0x79,0x1A,0xA4,0x54,0x66,0xA5,0x21,0x15,0xCB,0x6B,0x53,
    0x25,0x40,0x01,0xC5,0x40,0x35,0x8A,0x64,0x56,0x14,0x84,0x36,0x75,0x60,0xDC,0xB6,
    0x92,0x23,0x35,0xDB,0x67,0x52,0x23,0x34,0x55,0x0D,0xC0,0x1B,0x13,0xD3,0x5B,0xA6,
    0x45,0x61,0x18,0xD1,0x36,0x74,0x65,0x45,0x30,0xA6,0x7C,0x25,0xDB,0x64,0x52,0x41,
    0x35,0x51,0xEC,0x54,0x06,0x05,0xF3,0x85,0xF3,0x85,0xF3,0x85,0xF3,0x85,0xF3,0x62,
    0x33,0x42,0x53,0xB6,0x68,0xA4,0xB4,0x36,0x7A,0xD1,0x3D,0xB6,0x52,0x14,0x21,0x55,
    0x60,0x63,0x13,0x22,0x13,0xDC,0x25,0x56,0x25,0x52,0x60,0x79,0x78,0x79,0x78,0x79,
    0x78,0x79,0x78,0x79,0x79,0xC4,0x45,0xBB,0x6A,0x46,0xB3,0x32,0x36,0x75,0x60,0x22,
    0xEA,0x64,0x11,0x52,0x03,0x56,0x64,0xC3,0x23,0xD5,0x50,0x56,0x96,0x07,0x97,0x87,
    0x97,0x87,0x97,0x87,0x97,0x87,0x97,0x9C,0xD3,0xB6,0x6A,0x56,0x26,0x95,0x20,0x45,
    0x46,0x64,0x32,0x35,0x60,0x65,0x43,0x23,0x34,0x55,0x65,0x62,0x56,0x06,0x07,0x97,
    0x87,0x97,0x87,0x97,0x87,0x97,0x87,0x97,0x93,0x12,0xC3,0xB6,0x6B,0x46,0x84,0x13,
    0x68,0x52,0x04,0x45,0x4B,0x64,0xA4,0x34,0x66,0x6E,0x25,0xA6,0xF7,0x97,0x87,0x97,
    0x87,0x97,0x87,0x97,0x87,0x97,0x95,0x50,0x38,0x66,0xCA,0x4B,0x43,0x67,0x22,0x34,
    0x5D,0xB6,0x55,0x60,0x68,0x56,0x00,0x00,0x5F,0x38,0x5F,0x38,0x5F,0x38,0x5F,0x38,
    0x5F,0x36,0x03,0x34,0x25,0x3B,0x66,0xD4,0x6B,0x31,0x26,0x63,0x23,0x25,0xEA,0x04,
    0x3C,0xD3,0x96,0x6D,0x56,0x16,0x55,0x30,0x45,0x46,0x04,0x53,0x12,0xC3,0x96,0x6E,
    0x46,0x84,0x13,0x62,0x41,0x21,0x44,0x35,0xE6,0x55,0xF3,0x85,0xF3,0x85,0xF3,0x85,
    0xF3,0x85,0xF3,0x85,0xF3,0x85,0xF3,0x85,0xF3,0x85,0xF3,0x85,0xF3,0x60,0x55,0x03,
    0x86,0x6F,0x46,0xB4,0x13,0x62,0x41,0xF1,0x4F,0x15,0x76,0x57,0x97,0x87,0x97,0x87,
    0x97,0x87,0x97,0x87,0x97,0x87,0x97,0x87,0x97,0x87,0x97,0x87,0x97,0x87,0x97,0x83,
    0x34,0x25,0x3B,0x66,0xF3,0x6B,0x59,0x06,0x01,0x15,0xF1,0x31,0xF6,0x67,0x97,0x87,
    0x97,0x87,0x97,0x87,0x97,0x87,0x97,0x87,0x97,0x87,0x97,0x87,0x97,0x87,0x97,0x87,
    0x97,0x8C,0xD3,0x96,0x00,0x05,0x61,0x60,0x2F,0x84,0x35,0xF6,0x67,0x97,0x87,0x97,
    0x87,0x97,0x87,0x97,0x87,0x97,0x87,0x97,0x87,0x97,0x87,0x97,0x87,0x97,0x87,0x97,
    0x83,0xAD,0x2A,0x39,0x60,0x0B,0x2F,0x67,0x79,0x78,0x79,0x78,0x79,0x78,0x79,0x78,
    0x79,0x78,0x79,0x78,0x79,0x78,0x79,0x78,0x79,0x78,0x79,0x78,0x56,0x30,0x17,0x5F,
    0x38,0x5F,0x38,0x5F,0x38,0x5F,0x38,0x5F,0x38,0x5F,0x38,0x5F,0x38,0x5F,0x38,0x5F,
    0x38,0x5F,0x30,0xEF,0x5F,0x38,0x5F,0x38,0x5F,0x38,0x5F,0x38,0x5F,0x38,0x5F,0x38,
    0x5F,0x38,0x5F,0x38,0x5F,0x38,0x5F,0x38,0x5F,0x38,0x5F,0x38,0x5F,0x38,0x5F,0x38,
    0x5F,0x38,0x5F,0x38,0x79,0x78,0x79,0x78,0x79,0x78,0x79,0x78,0x79,0x78,0x79,0x78,
    0x79,0x78,0x79,0x78,0x79,0x78,0x79,0x78,0x79,0x78,0x79,0x78,0x79,0x78,0x79,0x78,
    0x79,0x78,0x79,0x78,0x79,0x78,0x79,0x78,0x79,0x78,0x79,0x78,0x79,0x78,0x79,0x78,
    0x79,0x78,0x79,0x78,0x79,0x78,0x79,0x78,0x79,0x78,0x79,0x78,0x79,0x78,0x79,0x78,
    0x79,0x78,0x79,0x78,0x79,0x78,0x79,0x78,0x79,0x78,0x79,0x78,0x79,0x78,0x79,0x78,
    0x79,0x78,0x79,0x78,0x79,0x78,0x79,0x78,0x79,0x78,0x79,0x78,0x79,0x78,0x79,0x78,
    0x79,0x78,0x79,0x78,0x79,0x78,0x79,0x78,0x79,0x78,0x79,0x78,0x79,0x78,0x79,0x78,
    0x79,0x78,0x79,0x78,0x79,0x78,0x79,0x78,0x79,0x78,0x79,0x78,0x79,0x78,0x79,0x78,
    0x79,0x78,0x79,0x78,0x5F,0x38,0x5F,0x38,0x5F,0x38,0x5F,0x38,0x5F,0x38,0x5F,0x38,
    0x5F,0x38,0x5F,0x38,0x5F,0x38,0x5F,0x38,0x5F,0x38,0x5F,0x38,0x5F,0x38,0x5F,0x38,
    0x5F,0x38,0x5F,0x30,0xEF,0x5F,0x38,0x5F,0x38,0x5F,0x38,0x5F,0x38,0x5F,0x38,0x5F,
    0x38,0x5F,0x38,0x5F,0x38,0x5F,0x38,0x5F,0x38,0x5F,0x38,0x5F,0x38,0x5F,0x38,0x5F,
    0x38,0x5F,0x38,0x5F,0x38,0x79,0x78,0x79,0x78,0x79,0x78,0x79,0x78,0x79,0x78,0x79,
    0x78,0x79,0x78,0x79,0x78,0x79,0x78,0x79,0x78,0x79,0x78,0x79,0x78,0x79,0x78,0x79,
    0x78,0x79,0x78,0x79,0x78,0x79,0x78,0x79,0x78,0x79,0x78,0x79,0x78,0x79,0x78,0x79,
    0x78,0x79,0x78,0x79,0x78,0x79,0x78,0x79,0x78,0x79,0x78,0x79,0x78,0x79,0x78,0x79,
    0x78,0x79,0x78,0x79,0x78,0x79,0x78,0x79,0x78,0x79,0x78,0x79,0x78,0x79,0x78,0x79,
    0x78,0x79,0x78,0x79,0x78,0x79,0x78,0x79,0x78,0x79,0x78,0x79,0x78,0x79,0x78,0x79,
    0x78,0x79,0x78,0x79,0x78,0x79,0x78,0x79,0x78,0x79,0x78,0x79,0x78,0x79,0x78,0x79,
    0x78,0x79,0x78,0x79,0x78,0x79,0x78,0x79,0x78,0x79,0x78,0x79,0x78,0x79,0x78,0x79,
    0x78,0x79,0x78,0x79,0x78,0x5F,0x38,0x5F,0x38,0x5F,0x38,0x5F,0x38,0x5F,0x38,0x5F,
    0x38,0x5F,0x38,0x5F,0x38,0x5F,0x38,0x5F,0x38,0x5F,0x38,0x5F,0x38,0x5F,0x38,0x5F,
    0x38,0x5F,0x38,0x5F,0x30,0xEF,0x5F,0x38,0x5F,0x38,0x5F,0x38,0x5F,0x38,0x5F,0x38,
    0x5F,0x38,0x5F,0x38,0x5F,0x38,0x5F,0x38,0x5F,0x38,0x5F,0x38,0x5F,0x38,0x5F,0x38,
    0x5F,0x38,0x5F,0x38,0x5F,0x38,0x79,0x78,0x79,0x78,0x79,0x78,0x79,0x78,0x79,0x78,
    0x79,0x78,0x79,0x78,0x79,0x78,0x79,0x78,0x79,0x78,0x79,0x78,0x79,0x78,0x79,0x78,
    0x79,0x78,0x79,0x78,0x79,0x78,0x79,0x78,0x79,0x78,0x79,0x78,0x79,0x78,0x79,0x78,
    0x79,0x78,0x79,0x78,0x79,0x78,0x79,0x78,0x79,0x78,0x79,0x78,0x79,0x78,0x79,0x78,
    0x79,0x78,0x79,0x78,0x79,0x78,0x79,0x78,0x79,0x78,0x79,0x78,0x79,0x78,0x79,0x78,
    0x79,0x78,0x79,0x78,0x79,0x78,0x79,0x78,0x79,0x78,0x79,0x78,0x79,0x78,0x79,0x78,
    0x79,0x78,0x79,0x78,0x79,0x78,0x79,0x78,0x79,0x78,0x79,0x78,0x79,0x78,0x79,0x78,
    0x79,0x78,0x79,0x78,0x79,0x78,0x79,0x78,0x79,0x78,0x79,0x78,0x79,0x78,0x79,0x78,
    0x79,0x78,0x79,0x78,0x79,0x78,0x5F,0x38,0x5F,0x38,0x5F,0x38,0x5F,0x38,0x5F,0x38,
    0x5F,0x38,0x5F,0x38,0x5F,0x38,0x5F,0x38,0x5F,0x38,0x5F,0x38,0x5F,0x38,0x5F,0x38,
    0x5F,0x38,0x5F,0x38,0x5F,0x30,0xEF,0x5F,0x38,0x5F,0x38,0x5F,0x38,0x5F,0x38,0x5F,
    0x38,0x5F,0x38,0x5F,0x38,0x5F,0x38,0x5F,0x38,0x5F,0x38,0x5F,0x38,0x5F,0x38,0x5F,
    0x38,0x5F,0x38,0x5F,0x38,0x5F,0x38,0x79,0x78,0x79,0x78,0x79,0x78,0x79,0x78,0x79,
    0x78,0x79,0x78,0x79,0x78,0x79,0x78,0x79,0x78,0x79,0x78,0x79,0x78,0x79,0x78,0x79,
    0x78,0x79,0x78,0x79,0x78,0x79,0x78,0x79,0x78,0x79,0x78,0x79,0x78,0x79,0x78,0x79,
    0x78,0x79,0x78,0x79,0x78,0x79,0x78,0x79,0x78,0x79,0x78,0x79,0x78,0x79,0x78,0x79,
    0x78,0x79,0x78,0x79,0x78,0x79,0x78,0x79,0x78,0x79,0x78,0x79,0x78,0x79,0x78,0x79,
    0x78,0x79,0x78,0x79,0x78,0x79,0x78,0x79,0x78,0x79,0x78,0x79,0x78,0x79,0x78,0x79,
    0x78,0x79,0x78,0x79,0x78,0x79,0x78,0x79,0x78,0x79,0x78,0x79,0x78,0x79,0x78,0x79,
    0x78,0x79,0x78,0x79,0x78,0x79,0x78,0x79,0x78,0x79,0x78,0x79,0x78,0x79,0x78,0x79,
    0x78,0x79,0x78,0x79,0x78,0x79,0x78,0x5F,0x38,0x5F,0x38,0x5F,0x38,0x5F,0x38,0x5F,
    0x38,0x5F,0x38,0x5F,0x38,0x5F,0x38,0x5F,0x38,0x5F,0x38,0x5F,0x38,0x5F,0x38,0x5F,
    0x38,0x5F,0x38,0x5F,0x38,0x5F,0x30,0xEF,0x5F,0x38,0x5F,0x38,0x5F,0x38,0x5F,0x38,
    0x5F,0x38,0x5F,0x38,0x5F,0x38,0x5F,0x38,0x5F,0x38,0x5F,0x38,0x5F,0x38,0x5F,0x38,
    0x5F,0x38,0x5F,0x38,0x5F,0x38,0x5F,0x38,0x79,0x78,0x79,0x78,0x79,0x78,0x79,0x78,
    0x79,0x78,0x79,0x78,0x79,0x78,0x79,0x78,0x79,0x78,0x79,0x78,0x79,0x78,0x79,0x78,
    0x79,0x78,0x79,0x78,0x79,0x78,0x79,0x78,0x79,0x78,0x79,0x78,0x79,0x78,0x79,0x78,
    0x79,0x78,0x79,0x78,0x79,0x78,0x79,0x78,0x79,0x78,0x79,0x78,0x79,0x78,0x79,0x78,
    0x79,0x78,0x79,0x78,0x79,0x78,0x79,0x78,0x79,0x78,0x79,0x78,0x79,0x78,0x79,0x78,
    0x79,0x78,0x79,0x78,0x79,0x78,0x79,0x78,0x79,0x78,0x79,0x78,0x79,0x78,0x79,0x78,
    0x79,0x78,0x79,0x78,0x79,0x78,0x79,0x78,0x79,0x78,0x79,0x78,0x79,0x78,0x79,0x78,
    0x79,0x78,0x79,0x78,0x79,0x78,0x79,0x78,0x79,0x78,0x79,0x78,0x79,0x78,0x79,0x78,
    0x79,0x78,0x79,0x78,0x79,0x78,0x79,0x78,0x5F,0x38,0x5F,0x38,0x5F,0x38,0x5F,0x38,
    0x5F,0x38,0x5F,0x38,0x5F,0x38,0x5F,0x38,0x5F,0x38,0x5F,0x38,0x5F,0x38,0x5F,0x38,
    0x5F,0x38,0x5F,0x38,0x5F,0x38,0x5F,0x30,0xEF,0x5F,0x38,0x5F,0x38,0x5F,0x38,0x5F,
    0x38,0x5F,0x38,0x5F,0x38,0x5F,0x38,0x5F,0x38,0x5F,0x38,0x5F,0x38,0x5F,0x38,0x5F,
    0x38,0x5F,0x38,0x5F,0x38,0x5F,0x38,0x5F,0x38,0x79,0x78,0x79,0x78,0x79,0x78,0x79,
    0x78,0x79,0x78,0x79,0x78,0x79,0x78,0x79,0x78,0x79,0x78,0x79,0x78,0x79,0x78,0x79,
    0x78,0x79,0x78,0x79,0x78,0x79,0x78,0x79,0x78,0x79,0x78,0x79,0x78,0x79,0x78,0x79,
    0x78,0x79,0x78,0x79,0x78,0x79,0x78,0x79,0x78,0x79,0x78,0x79,0x78,0x79,0x78,0x79,
    0x78,0x79,0x78,0x79,0x78,0x79,0x78,0x79,0x78,0x79,0x78,0x79,0x78,0x79,0x78,0x79,
    0x78,0x79,0x78,0x79,0x78,0x79,0x78,0x79,0x78,0x79,0x78,0x79,0x78,0x79,0x78,0x79,
    0x78,0x79,0x78,0x79,0x78,0x79,0x78,0x79,0x78,0x79,0x78,0x79,0x78,0x79,0x78,0x79,
    0x78,0x79,0x78,0x79,0x78,0x79,0x78,0x79,0x78,0x79,0x78,0x79,0x78,0x79,0x78,0x79,
    0x78,0x79,0x78,0x79,0x78,0x79,0x78,0x79,0x78,0x5F,0x38,0x5F,0x38,0x5F,0x38,0x5F,
    0x38,0x5F,0x38,0x5F,0x38,0x5F,0x38,0x5F,0x38,0x5F,0x38,0x5F,0x38,0x5F,0x38,0x5F,
    0x38,0x5F,0x38,0x5F,0x38,0x5F,0x38,0x5F,0x30,0xEF,0x5F,0x38,0x5F,0x38,0x5F,0x38,
    0x5F,0x38,0x5F,0x38,0x5F,0x38,0x5F,0x38,0x5F,0x38,0x5F,0x38,0x5F,0x38,0x5F,0x38,
    0x5F,0x38,0x5F,0x38,0x5F,0x38,0x5F,0x38,0x5F,0x38,0x79,0x78,0x79,0x78,0x79,0x78,
    0x79,0x78,0x79,0x78,0x79,0x78,0x79,0x78,0x79,0x78,0x79,0x78,0x79,0x78,0x79,0x78,
    0x79,0x78,0x79,0x78,0x79,0x78,0x79,0x78,0x79,0x78,0x79,0x78,0x79,0x78,0x79,0x78,
    0x79,0x78,0x79,0x78,0x79,0x78,0x79,0x78,0x79,0x78,0x79,0x78,0x79,0x78,0x79,0x78,
    0x79,0x78,0x79,0x78,0x79,0x78,0x79,0x78,0x79,0x78,0x79,0x78,0x79,0x78,0x79,0x78,
    0x79,0x78,0x79,0x78,0x79,0x78,0x79,0x78,0x79,0x78,0x79,0x78,0x79,0x78,0x79,0x78,
    0x79,0x78,0x79,0x78,0x79,0x78,0x79,0x78,0x79,0x78,0x79,0x78,0x79,0x78,0x79,0x78,
    0x79,0x78,0x79,0x78,0x79,0x78,0x79,0x78,0x79,0x78,0x79,0x78,0x79,0x78,0x79,0x78,
    0x79,0x78,0x79,0x78,0x79,0x78,0x79,0x78,0x79,0x78,0x5F,0x38,0x5F,0x38,0x5F,0x38,
    0x5F,0x38,0x5F,0x38,0x5F,0x38,0x5F,0x38,0x5F,0x38,0x5F,0x38,0x5F,0x38,0x5F,0x38,
    0x5F,0x38,0x5F,0x38,0x5F,0x38,0x5F,0x38,0x5F,0x30,0xEF,0x5F,0x38,0x5F,0x38,0x5F,
    0x38,0x5F,0x38,0x5F,0x38,0x5F,0x38,0x5F,0x38,0x5F,0x38,0x5F,0x38,0x5F,0x38,0x5F,
    0x38,0x5F,0x38,0x5F,0x38,0x5F,0x38,0x5F,0x38,0x5F,0x38,0x79,0x78,0x79,0x78,0x79,
    0x78,0x79,0x78,0x79,0x78,0x79,0x78,0x79,0x78,0x79,0x78,0x79,0x78,0x79,0x78,0x79,
    0x78,0x79,0x78,0x79,0x78,0x79,0x78,0x79,0x78,0x79,0x78,0x79,0x78,0x79,0x78,0x79,
    0x78,0x79,0x78,0x79,0x78,0x79,0x78,0x79,0x78,0x79,0x78,0x79,0x78,0x79,0x78,0x79,
    0x78,0x79,0x78,0x79,0x78,0x79,0x78,0x79,0x78,0x79,0x78,0x79,0x78,0x79,0x78,0x79,
    0x78,0x79,0x78,0x79,0x78,0x79,0x78,0x79,0x78,0x79,0x78,0x79,0x78,0x79,0x78,0x79,
    0x78,0x79,0x78,0x79,0x78,0x79,0x78,0x79,0x78,0x79,0x78,0x79,0x78,0x79,0x78,0x79,
    0x78,0x79,0x78,0x79,0x78,0x79,0x78,0x79,0x78,0x79,0x78,0x79,0x78,0x79,0x78,0x79,
    0x78,0x79,0x78,0x79,0x78,0x79,0x78,0x79,0x78,0x79,0x78,0x5F,0x38,0x5F,0x38,0x5F,
    0x38,0x5F,0x38,0x5F,0x38,0x5F,0x38,0x5F,0x38,0x5F,0x38,0x5F,0x38,0x5F,0x38,0x5F,
    0x38,0x5F,0x38,0x5F,0x38,0x5F,0x38,0x5F,0x38,0x5F,0x30,0xEF,0x5F,0x38,0x5F,0x38,
    0x5F,0x38,0x5F,0x38,0x5F,0x38,0x5F,0x38,0x5F,0x38,0x5F,0x38,0x5F,0x38,0x5F,0x38,
    0x5F,0x38,0x5F,0x38,0x5F,0x38,0x5F,0x38,0x5F,0x38,0x5F,0x38,0x79,0x78,0x79,0x78,
    0x79,0x78,0x79,0x78,0x79,0x78,0x79,0x78,0x79,0x78,0x79,0x78,0x79,0x78,0x79,0x78,
    0x79,0x78,0x79,0x78,0x79,0x78,0x79,0x78,0x79,0x78,0x79,0x78,0x79,0x78,0x79,0x78,
    0x79,0x78,0x79,0x78,0x79,0x78,0x79,0x78,0x79,0x78,0x79,0x78,0x79,0x78,0x79,0x78,
    0x79,0x78,0x79,0x78,0x79,0x78,0x79,0x78,0x79,0x78,0x79,0x78,0x79,0x78,0x79,0x78,
    0x79,0x78,0x79,0x78,0x79,0x78,0x79,0x78,0x79,0x78,0x79,0x78,0x79,0x78,0x79,0x78,
    0x79,0x78,0x79,0x78,0x79,0x78,0x79,0x78,0x79,0x78,0x79,0x78,0x79,0x78,0x79,0x78,
    0x79,0x78,0x79,0x78,0x79,0x78,0x79,0x78,0x79,0x78,0x79,0x78,0x79,0x78,0x79,0x78,
    0x79,0x78,0x79,0x78,0x79,0x78,0x79,0x78,0x79,0x78,0x79,0x78,0x5F,0x38,0x5F,0x38,
    0x5F,0x38,0x5F,0x38,0x5F,0x38,0x5F,0x38,0x5F,0x38,0x5F,0x38,0x5F,0x38,0x5F,0x38,
    0x5F,0x38,0x5F,0x38,0x5F,0x38,0x5F,0x38,0x5F,0x38,0x5F,0x30,0xEF,0x5F,0x38,0x5F,
    0x38,0x5F,0x38,0x5F,0x38,0x5F,0x38,0x5F,0x38,0x5F,0x38,0x5F,0x38,0x5F,0x38,0x5F,
    0x38,0x5F,0x38,0x5F,0x38,0x5F,0x38,0x5F,0x38,0x5F,0x38,0x5F,0x38,0x79,0x78,0x79,
    0x78,0x79,0x78,0x79,0x78,0x79,0x78,0x79,0x78,0x79,0x78,0x79,0x78,0x79,0x78,0x79,
    0x78,0x79,0x78,0x79,0x78,0x79,0x78,0x79,0x78,0x79,0x78,0x79,0x78,0x79,0x78,0x79,
    0x78,0x79,0x78,0x79,0x78,0x79,0x78,0x79,0x78,0x79,0x78,0x79,0x78,0x79,0x78,0x79,
    0x78,0x79,0x78,0x79,0x78,0x79,0x78,0x79,0x78,0x79,0x78,0x79,0x78,0x79,0x78,0x79,
    0x78,0x79,0x78,0x79,0x78,0x79,0x78,0x79,0x78,0x79,0x78,0x79,0x78,0x79,0x78,0x79,
    0x78,0x79,0x78,0x79,0x78,0x79,0x78,0x79,0x78,0x79,0x78,0x79,0x78,0x79,0x78,0x79,
    0x78,0x79,0x78,0x79,0x78,0x79,0x78,0x79,0x78,0x79,0x78,0x79,0x78,0x79,0x78,0x79,
    0x78,0x79,0x78,0x79,0x78,0x79,0x78,0x79,0x78,0x79,0x78,0x79,0x78,0x5F,0x38,0x5F,
    0x38,0x5F,0x38,0x5F,0x38,0x5F,0x38,0x5F,0x38,0x5F,0x38,0x5F,0x38,0x5F,0x38,0x5F,
    0x38,0x5F,0x38,0x5F,0x38,0x5F,0x38,0x5F,0x38,0x5F,0x38,0x5F,0x30,0x6E,0xF0,0x00,
};
u8 D_80190714[] = {
    0x2F,0x60,0x64,0x20,0x61,0x62,0x63,0x11,0x0F,0xF0,0xFF,0x0B,0x84,0x48,0xB3,0xA1,
    0x06,0x64,0x1A,0xC4,0xBD,0x30,0x66,0x41,0xB4,0x06,0xA3,0x98,0x03,0xBE,0x54,0x0E,
    0x01,0x74,0x4F,0x20,0x38,0x41,0x7C,0x4D,0xBC,0x73,0xE8,0x01,0x53,0xBC,0x03,0x84,
    0x3D,0xA1,0x28,0x42,0xAF,0x18,0x01,0x44,0x2F,0xB0,0x37,0x46,0xF9,0xD4,0x1F,0x20,
    0x0B,0x35,0x49,0x46,0xF8,0x03,0x64,0x3E,0xA9,0x31,0x30,0x0B,0x4A,0xF6,0x94,0x8F,
    0x80,0x36,0x4D,0xF2,0x00,0xB1,0x22,0x4D,0x4B,0xF4,0x94,0xBF,0x56,0x63,0x34,0x02,
    0xA4,0x6F,0xB6,0xE4,0x28,0xC7,0x3D,0x2C,0xE2,0xB4,0xEF,0x98,0x19,0x5F,0x41,0x98,
    0x4B,0xF4,0x93,0x3C,0x70,0x2A,0x4A,0xF8,0x6D,0x46,0xC6,0x34,0x97,0xD4,0xC8,0x03,
    0x16,0x81,0x32,0x87,0x58,0x01,0x7B,0x4E,0xF2,0xD4,0x3B,0x53,0x8F,0x02,0xA7,0x14,
    0x6C,0x46,0xE1,0xA4,0x1F,0xCC,0x44,0xFB,0x65,0xE7,0x65,0x7D,0x41,0xD1,0xA1,0xF0,
    0x29,0x13,0x71,0x46,0xB4,0x3F,0x68,0x44,0xFB,0xC1,0x27,0x16,0x94,0x4F,0xB9,0x42,
    0xFE,0xD3,0x98,0xA3,0x2E,0x02,0x91,0x47,0x14,0x6B,0x4B,0xF1,0x84,0x7F,0x8D,0x18,
    0x71,0x3D,0x44,0xFB,0x94,0x4F,0xBC,0x43,0xF3,0x40,0x1B,0x15,0x02,0x91,0x47,0x16,
    0x6A,0x43,0xFB,0xB4,0xDF,0x89,0x4C,0xFE,0x12,0xC4,0x8F,0x89,0x45,0xFB,0xC4,0x9F,
    0x44,0x6B,0x30,0x2A,0x12,0x71,0x96,0xA4,0x8F,0x88,0x16,0x71,0x49,0x41,0xCF,0x1A,
    0xC4,0x8F,0x89,0x48,0xF8,0xC4,0xDF,0xD3,0x71,0x02,0xC4,0xDF,0xEE,0x93,0x67,0x84,
    0xAF,0x8A,0x13,0x2C,0x4F,0x40,0x15,0xD1,0x37,0xC4,0xAF,0x69,0x48,0xF8,0x30,0x38,
    0x7E,0x8E,0x02,0xA1,0x87,0x1A,0xD4,0x6C,0x18,0x4B,0xF8,0x40,0x3D,0x43,0xCF,0x40,
    0x78,0x93,0xBC,0xC4,0xBF,0x44,0x05,0x3B,0x4B,0xF6,0x34,0x98,0x71,0x68,0x19,0x02,
    0xA3,0x1C,0x74,0xB3,0x04,0x15,0xB3,0xC1,0xB4,0xBF,0xE4,0x8D,0x31,0x07,0x36,0xA8,
    0x42,0x91,0x40,0x1D,0x14,0xC4,0xBF,0x84,0x3B,0x1B,0x4B,0xFA,0x3D,0x18,0x4A,0xFE,
    0x46,0x5A,0x16,0x02,0xB3,0x1B,0x5F,0x23,0xE8,0xD1,0x67,0x3C,0x3A,0x4E,0xFB,0xEA,
    0x31,0xD7,0x4B,0xA3,0xD1,0x87,0x3B,0x1C,0x4A,0xFC,0x13,0xB3,0x2D,0x73,0xD5,0x02,
    0xE1,0x35,0x80,0x14,0x66,0x23,0xB3,0x23,0xD2,0x41,0x26,0x62,0x39,0x31,0x46,0x52,
    0x40,0xFF,0x0F,0xF0,0xFF,0x0F,0xF0,0xFF,0x0F,0xF0,0xFF,0x0F,0xF0,0xFF,0x0F,0xF0,
    0xFF,0x0F,0xF0,0xFF,0x0F,0xF0,0xFF,0x0F,0xF0,0xFF,0x0F,0xF0,0xFF,0x0F,0xF0,0xFF,
    0x0F,0xF0,0x05,0x42,0x79,0x2B,0x15,0xC4,0x6A,0xB1,0x80,0x5C,0x42,0xBF,0x3B,0xC7,
    0x14,0x84,0x4D,0xC4,0xDE,0x30,0x5B,0x43,0xC5,0xA1,0x47,0xEA,0x46,0xC3,0xA1,0x30,
    0x5B,0x41,0xE2,0x84,0x6F,0xEA,0x46,0xA1,0x05,0xF3,0x8B,0xB4,0x8F,0xB4,0x06,0xCE,
    0x6A,0x33,0x46,0x63,0x34,0x91,0x6B,0x34,0x20,0x2B,0x19,0x69,0x3D,0xCB,0x48,0xFB,
    0x45,0xF3,0x69,0x33,0xC7,0x19,0xD3,0x3C,0x71,0x9B,0x41,0x9F,0xA4,0x5E,0xF3,0xE2,
    0x02,0xA1,0xB6,0x97,0x14,0x84,0xBF,0xA3,0xE9,0x69,0x43,0xB5,0x48,0xFB,0xC4,0x3B,
    0x54,0x8F,0xB8,0x43,0xCF,0x4C,0x06,0x3D,0x87,0x17,0x02,0xA1,0x86,0x94,0xFC,0x18,
    0x1B,0x5F,0x01,0xD6,0x84,0x1D,0x1A,0x3F,0x8B,0x41,0xD1,0xA3,0xF8,0xA4,0x8B,0x54,
    0xFB,0x34,0xC1,0x04,0xCF,0x80,0x2A,0x12,0x69,0x38,0x1B,0x4E,0xF8,0x71,0x66,0x73,
    0x98,0xA4,0x2E,0x2B,0x39,0x8A,0x42,0xE2,0xA4,0x50,0x61,0xF2,0xCE,0xA4,0xBF,0x80,
    0x3D,0x74,0x49,0xF3,0xE1,0x65,0x43,0xF3,0x40,0x1B,0x15,0xB4,0x3F,0x34,0x01,0xB1,
    0x5C,0x48,0xFE,0x16,0x84,0xBF,0x50,0x3C,0x13,0x72,0x24,0xEF,0xA6,0x54,0x9F,0x44,
    0x6B,0x3C,0x49,0xF4,0x46,0xB3,0xD4,0x8F,0xDB,0x4E,0xF2,0x03,0xC4,0x4F,0xEA,0x17,
    0x71,0x59,0x4D,0xFD,0x37,0x1D,0x4D,0xFD,0x37,0x19,0x4A,0xF8,0x84,0x2F,0xB0,0x2B,
    0x16,0x6E,0x48,0xFA,0x84,0xBF,0xE1,0x2D,0x7E,0x83,0x16,0x87,0xE8,0x31,0x6B,0x4B,
    0xF5,0x84,0x6F,0x40,0x2B,0x15,0x6D,0xE2,0xD1,0x28,0x42,0xEF,0x1C,0xA1,0x78,0x71,
    0x68,0x39,0x58,0x71,0x68,0x39,0x5B,0x4B,0xF4,0xA4,0x1D,0x80,0x3B,0x43,0x8C,0x4B,
    0x54,0xB1,0x57,0x1C,0x2A,0x84,0xAF,0xE4,0x65,0xA1,0x6B,0x4A,0xFE,0x46,0x5A,0x16,
    0xC7,0x48,0x12,0x3A,0x90,0x3B,0x33,0xE5,0xF1,0x16,0xC1,0x67,0x3A,0x18,0x32,0xD7,
    0x3D,0x5C,0x32,0xD7,0x3D,0x5D,0x5F,0x13,0xD5,0x03,0xEE,0x24,0x13,0x93,0x23,0x92,
    0x46,0x62,0x49,0xE7,0x34,0x20,0x68,0x44,0xFC,0x06,0xA4,0x4F,0xA0,0x6A,0x47,0xF6,
    0x06,0xA4,0x8E,0x10,0x6A,0x3D,0x80,0x6A,0x36,0xB0,0x6A,0x45,0xB1,0x06,0x64,0x5D,
    0xB4,0xDA,0x10,0x66,0x13,0x2B,0x38,0x30,0xFF,0x0F,0xF0,0xFF,0x0F,0xF0,0xFF,0x0F,
    0xF0,0xFF,0x0F,0xF0,0xFF,0x0F,0xF0,0xFF,0x0F,0xF0,0xFF,0x04,0x5F,0x00,0x00,0x00,
    0x00,0x00,0x21,0x84,0xC6,0x98,0xAD,0xB5,0x31,0xC6,0xB5,0xD6,0x5A,0xEB,0xA6,0xB5,
    0xBD,0xC7,0x3A,0x82,0xD5,0x80,0x01,0x84,0x11,0x80,0x0D,0x80,0x06,0x80,0x00,0x80,
};
u8 D_80190A54[] = {
    0x00,0x00,0x00,0x80,0x00,0x80,0x00,0x80,0x00,0x80,0x00,0x80,0x00,0x80,0x00,0x80,
    0x00,0x80,0x00,0x80,0x00,0x80,0x10,0x42,0x31,0x46,0x52,0x4A,0x73,0x4E,0x94,0x52,
    0x00,0x00,0x00,0x80,0x00,0x80,0x00,0x80,0x00,0x80,0x00,0x80,0x00,0x80,0x00,0x80,
    0x00,0x80,0x00,0x80,0x00,0x80,0xEF,0x3D,0x10,0x42,0x31,0x46,0x52,0x4A,0x73,0x4E,
    0x00,0x00,0x00,0x80,0x00,0x80,0x00,0x80,0x00,0x80,0x00,0x80,0x00,0x80,0x00,0x80,
    0x00,0x80,0x00,0x80,0x00,0x80,0xCE,0x39,0xEF,0x3D,0x10,0x42,0x31,0x46,0x52,0x4A,
    0x00,0x00,0x00,0x80,0x00,0x80,0x00,0x80,0x00,0x80,0x00,0x80,0x00,0x80,0x00,0x80,
    0x00,0x80,0x00,0x80,0x00,0x80,0xAD,0x35,0xCE,0x39,0xEF,0x3D,0x10,0x42,0x31,0x46,
    0x00,0x00,0x00,0x80,0x00,0x80,0x00,0x80,0x00,0x80,0x00,0x80,0x00,0x80,0x00,0x80,
    0x00,0x80,0x00,0x80,0x00,0x80,0x64,0x28,0x65,0x34,0x67,0x44,0x68,0x50,0x8A,0x60,
    0x00,0x00,0x00,0x80,0x00,0x80,0x00,0x80,0x00,0x80,0x00,0x80,0x00,0x80,0x00,0x80,
    0x00,0x80,0x00,0x80,0x00,0x80,0x64,0x28,0x66,0x28,0x89,0x28,0xAB,0x28,0xCE,0x2C,
    0x00,0x00,0x41,0x0C,0x42,0x0C,0x63,0x10,0x84,0x14,0xA5,0x14,0xC6,0x18,0xE7,0x1C,
    0x08,0x21,0x29,0x21,0x4A,0x25,0x6B,0x29,0x8D,0x2D,0xAE,0x31,0xCF,0x35,0xB0,0x39,
    0x00,0x00,0x83,0x10,0x63,0x0C,0x84,0x10,0xA5,0x14,0xC6,0x18,0x08,0x21,0x29,0x25,
    0x29,0x29,0x8C,0x35,0xCE,0x3D,0x10,0x46,0x73,0x52,0xB5,0x5A,0xF7,0x62,0xFF,0x7F,
    0x00,0x00,0x83,0x10,0x84,0x10,0x84,0x14,0xA4,0x14,0xA5,0x14,0xA5,0x18,0xC5,0x18,
    0xC6,0x18,0xE6,0x1C,0xE7,0x20,0x29,0x25,0x6B,0x2D,0xCE,0x39,0x31,0x46,0x94,0x52,
    0x00,0x00,0x84,0x0C,0x84,0x10,0x85,0x10,0xA5,0x10,0xA5,0x14,0xA6,0x14,0xC6,0x14,
    0xC6,0x18,0xC7,0x1C,0x08,0x21,0x4A,0x29,0x8C,0x31,0xAE,0x39,0x32,0x4A,0xB5,0x56,
    0x00,0x00,0x64,0x10,0x84,0x10,0x85,0x10,0x85,0x14,0xA5,0x14,0xA6,0x14,0xA6,0x18,
    0xC6,0x18,0xE7,0x18,0x08,0x21,0x2A,0x29,0x6B,0x31,0xAD,0x35,0x51,0x46,0x94,0x56,
};
u8 D_80190BB4[] = {
    0x00,0x00,0x21,0x8C,0x3D,0xD3,0x79,0xB6,0x71,0x99,0xAA,0x94,0xE1,0x84,0xA1,0x85,
    0x60,0x82,0x61,0x87,0xFC,0xC7,0xA1,0xAC,0x41,0xD5,0x06,0xEE,0xCD,0xC5,0x91,0xE2,
    0x00,0x00,0x7F,0xDF,0x77,0xBE,0xEF,0xA9,0x4A,0xA9,0xA5,0x94,0x05,0x80,0x7F,0x83,
    0xF7,0x81,0x4F,0x81,0x7B,0xAA,0x57,0x95,0xAA,0x94,0x60,0x83,0x60,0x82,0x40,0x81,
};
u8 D_80190BF4[] = {
    0x00,0x00,0x3C,0x63,0x1B,0x5F,0x1B,0x5B,0xFA,0x5A,0xFA,0x5A,0xFA,0x56,0xD9,0x56,
    0xD9,0x4E,0xD9,0x52,0xD8,0x56,0xD9,0x4E,0xB8,0x52,0xB8,0x4E,0xB7,0x52,0xB7,0x4E,
    0x97,0x4A,0x96,0x4E,0x97,0x46,0x96,0x4A,0x76,0x4E,0x76,0x46,0x75,0x4A,0x76,0x42,
    0x55,0x42,0x54,0x4A,0x55,0x3E,0x54,0x46,0x55,0x42,0x54,0x42,0x55,0x3A,0x33,0x42,
    0x34,0x3A,0x34,0x3E,0x34,0x3A,0x33,0x42,0x33,0x3E,0x13,0x3A,0x12,0x42,0x12,0x3A,
    0x12,0x36,0x12,0x3A,0xF1,0x3D,0xF2,0x35,0xF2,0x31,0xF1,0x39,0xF1,0x35,0xD1,0x31,
    0xD1,0x35,0xD2,0x29,0xD0,0x39,0xD0,0x2D,0xD0,0x35,0xB2,0x21,0xD0,0x2D,0xCF,0x35,
    0xAF,0x2D,0xB0,0x29,0xAF,0x2D,0xAE,0x31,0xAE,0x31,0x91,0x19,0x8F,0x29,0x8E,0x2D,
    0x8E,0x29,0x8D,0x2D,0x71,0x15,0x8D,0x2D,0x6D,0x29,0x70,0x15,0x6E,0x21,0x6C,0x29,
    0x6C,0x2D,0x4F,0x15,0x6C,0x25,0x50,0x11,0x4C,0x21,0x4B,0x29,0x4C,0x25,0x4D,0x15,
    0x4B,0x29,0x4B,0x21,0x4B,0x21,0x2B,0x25,0x2B,0x1D,0x0E,0x0D,0x2B,0x21,0x2A,0x25,
    0x2A,0x19,0x0C,0x11,0x29,0x21,0x09,0x19,0x09,0x21,0xEC,0x0C,0xEA,0x14,0x08,0x1D,
    0xE8,0x18,0xE8,0x18,0xCA,0x0C,0xE8,0x14,0xE7,0x1C,0xC8,0x10,0xC7,0x14,0xC6,0x14,
    0xA6,0x10,0xA8,0x08,0xA5,0x14,0xA7,0x0C,0xA5,0x10,0x67,0x04,0x84,0x10,0x85,0x08,
    0x84,0x0C,0x64,0x08,0x63,0x0C,0x43,0x04,0x42,0x08,0x42,0x08,0x22,0x04,0x21,0x04,
    0x21,0x04,0x20,0x04,0x00,0x04,0x00,0x80,0x5D,0x63,0x1F,0x00,0x1F,0x00,0x1F,0x00,
    0xC0,0x03,0xC0,0x03,0xC0,0x03,0xC0,0x03,0xC0,0x03,0xC0,0x03,0xC0,0x03,0xC0,0x03,
    0xC0,0x03,0xC0,0x03,0xC0,0x03,0xC0,0x03,0xC0,0x03,0xC0,0x03,0xC0,0x03,0xC0,0x03,
    0xC0,0x03,0xC0,0x03,0xC0,0x03,0xC0,0x03,0xC0,0x03,0xC0,0x03,0xC0,0x03,0xC0,0x03,
    0xC0,0x03,0xC0,0x03,0xC0,0x03,0xC0,0x03,0xC0,0x03,0xC0,0x03,0xC0,0x03,0xC0,0x03,
    0xC0,0x03,0xC0,0x03,0xC0,0x03,0xC0,0x03,0xC0,0x03,0xC0,0x03,0xC0,0x03,0xC0,0x03,
    0xC0,0x03,0xC0,0x03,0xC0,0x03,0xC0,0x03,0xC0,0x03,0xC0,0x03,0xC0,0x03,0xC0,0x03,
    0xC0,0x03,0xC0,0x03,0xC0,0x03,0xC0,0x03,0xC0,0x03,0xC0,0x03,0xC0,0x03,0xC0,0x03,
    0xC0,0x03,0xC0,0x03,0xC0,0x03,0xC0,0x03,0xC0,0x03,0xC0,0x03,0xC0,0x03,0xC0,0x03,
    0xC0,0x03,0xC0,0x03,0xC0,0x03,0xC0,0x03,0xC0,0x03,0xC0,0x03,0xC0,0x03,0xC0,0x03,
    0xC0,0x03,0xC0,0x03,0xC0,0x03,0xC0,0x03,0xC0,0x03,0xC0,0x03,0xC0,0x03,0xC0,0x03,
    0xC0,0x03,0xC0,0x03,0xC0,0x03,0xC0,0x03,0xC0,0x03,0xC0,0x03,0xC0,0x03,0xC0,0x03,
    0xC0,0x03,0xC0,0x03,0xC0,0x03,0xC0,0x03,0xC0,0x03,0xC0,0x03,0xC0,0x03,0xC0,0x03,
    0xC0,0x03,0xC0,0x03,0xC0,0x03,0xC0,0x03,0xC0,0x03,0xC0,0x03,0xC0,0x03,0xC0,0x03,
    0xC0,0x03,0xC0,0x03,0xC0,0x03,0xC0,0x03,0xC0,0x03,0xC0,0x03,0xC0,0x03,0xC0,0x03,
    0xC0,0x03,0xC0,0x03,0xC0,0x03,0xC0,0x03,0xC0,0x03,0xC0,0x03,0xC0,0x03,0xC0,0x03,
    0xC0,0x03,0xC0,0x03,0xC0,0x03,0xC0,0x03,0xC0,0x03,0xC0,0x03,0xC0,0x03,0xC0,0x03,
};
u8 D_80190DF4[] = {
    0x00,0x00,0x1A,0x5B,0xFB,0x56,0xFA,0x56,0xFA,0x52,0xFA,0x56,0xFB,0x4E,0xF9,0x56,
    0xDA,0x52,0xD9,0x52,0xDA,0x4E,0xDA,0x4A,0xD9,0x52,0xBA,0x46,0xD9,0x4E,0xD8,0x52,
    0xB9,0x4A,0xB9,0x46,0xB8,0x4E,0x98,0x4A,0x99,0x3E,0x99,0x3A,0x98,0x46,0x97,0x4E,
    0x76,0x46,0x76,0x3E,0x76,0x36,0x55,0x46,0x56,0x3A,0x54,0x46,0x36,0x32,0x35,0x3A,
    0x33,0x46,0x36,0x2A,0x33,0x3A,0x15,0x32,0x14,0x32,0x31,0x46,0x15,0x26,0x13,0x32,
    0x12,0x3E,0x13,0x36,0x14,0x2A,0xF2,0x35,0xF4,0x1D,0xF3,0x25,0xF2,0x25,0xF2,0x2D,
    0xD3,0x1D,0xD0,0x35,0xD2,0x25,0xD1,0x29,0xAF,0x31,0xB2,0x1D,0x93,0x15,0xB0,0x25,
    0xB0,0x1D,0xAD,0x31,0x8F,0x25,0xAE,0x05,0x8D,0x2D,0x8F,0x1D,0x8F,0x19,0x8E,0x25,
    0x70,0x11,0x6C,0x29,0x6E,0x1D,0x6C,0x29,0x6E,0x15,0x4F,0x11,0x6C,0x25,0x6A,0x2D,
    0x4C,0x2D,0x6A,0x2D,0x6B,0x29,0x4C,0x15,0x4C,0x1D,0x1F,0x7C,0x4B,0x25,0x2D,0x11,
    0x2C,0x15,0x2C,0x11,0x2A,0x1D,0x1F,0x7C,0x29,0x25,0x09,0x21,0x0B,0x15,0x28,0x1D,
    0x1F,0x7C,0xEB,0x0C,0x09,0x0D,0xED,0x08,0xE9,0x14,0xEA,0x0C,0xE9,0x10,0xE7,0x14,
    0xCA,0x08,0xE7,0x1C,0xC9,0x0C,0xE7,0x0C,0xC9,0x08,0xC8,0x0C,0xE5,0x14,0xC6,0x0C,
    0x1F,0x7C,0xA7,0x08,0xA7,0x0C,0xA5,0x14,0xA5,0x0C,0x87,0x08,0xA4,0x10,0x84,0x08,
    0x83,0x0C,0x63,0x0C,0x64,0x08,0x62,0x08,0x63,0x08,0x62,0x08,0x42,0x04,0x41,0x04,
    0x41,0x04,0x21,0x04,0x21,0x04,0x21,0x04,0x21,0x04,0x20,0x04,0x00,0x80,0xD8,0x52,
    0xE0,0x03,0xE0,0x03,0xE0,0x03,0xE0,0x03,0xE0,0x03,0xE0,0x03,0xE0,0x03,0xE0,0x03,
    0xE0,0x03,0xE0,0x03,0xE0,0x03,0xE0,0x03,0xE0,0x03,0xE0,0x03,0xE0,0x03,0xE0,0x03,
    0xE0,0x03,0xE0,0x03,0xE0,0x03,0xE0,0x03,0xE0,0x03,0xE0,0x03,0xE0,0x03,0xE0,0x03,
    0xE0,0x03,0xE0,0x03,0xE0,0x03,0xE0,0x03,0xE0,0x03,0xE0,0x03,0xE0,0x03,0xE0,0x03,
    0xE0,0x03,0xE0,0x03,0xE0,0x03,0xE0,0x03,0xE0,0x03,0xE0,0x03,0xE0,0x03,0xE0,0x03,
    0xE0,0x03,0xE0,0x03,0xE0,0x03,0xE0,0x03,0xE0,0x03,0xE0,0x03,0xE0,0x03,0xE0,0x03,
    0xE0,0x03,0xE0,0x03,0xE0,0x03,0xE0,0x03,0xE0,0x03,0xE0,0x03,0xE0,0x03,0xE0,0x03,
    0xE0,0x03,0xE0,0x03,0xE0,0x03,0xE0,0x03,0xE0,0x03,0xE0,0x03,0xE0,0x03,0xE0,0x03,
    0xE0,0x03,0xE0,0x03,0xE0,0x03,0xE0,0x03,0xE0,0x03,0xE0,0x03,0xE0,0x03,0xE0,0x03,
    0xE0,0x03,0xE0,0x03,0xE0,0x03,0xE0,0x03,0xE0,0x03,0xE0,0x03,0xE0,0x03,0xE0,0x03,
    0xE0,0x03,0xE0,0x03,0xE0,0x03,0xE0,0x03,0xE0,0x03,0xE0,0x03,0xE0,0x03,0xE0,0x03,
    0xE0,0x03,0xE0,0x03,0xE0,0x03,0xE0,0x03,0xE0,0x03,0xE0,0x03,0xE0,0x03,0xE0,0x03,
    0xE0,0x03,0xE0,0x03,0xE0,0x03,0xE0,0x03,0xE0,0x03,0xE0,0x03,0xE0,0x03,0xE0,0x03,
    0xE0,0x03,0xE0,0x03,0xE0,0x03,0xE0,0x03,0xE0,0x03,0xE0,0x03,0xE0,0x03,0xE0,0x03,
    0xE0,0x03,0xE0,0x03,0xE0,0x03,0xE0,0x03,0xE0,0x03,0xE0,0x03,0xE0,0x03,0xE0,0x03,
    0xE0,0x03,0xE0,0x03,0xE0,0x03,0xE0,0x03,0xE0,0x03,0xE0,0x03,0xE0,0x03,0xE0,0x03,
};
u8 D_80190FF4[] = {
    0x00,0x00,0xDF,0x77,0xDF,0x77,0xDF,0x77,0xDF,0x73,0xBF,0x73,0xBE,0x73,0xBE,0x6F,
    0x9E,0x6F,0x7E,0x6B,0x5D,0x6B,0x3C,0x67,0x3B,0x63,0x1B,0x5F,0xF9,0x5E,0xFB,0x52,
    0xDB,0x4E,0xD8,0x5A,0xDA,0x4A,0xB9,0x4E,0xB7,0x56,0xB9,0x4A,0x99,0x46,0x97,0x4E,
    0x99,0x42,0x77,0x46,0x95,0x52,0x78,0x3E,0x77,0x42,0x75,0x4A,0x57,0x3E,0x57,0x3A,
    0x54,0x4A,0x35,0x3E,0x53,0x46,0x16,0x32,0x31,0x4A,0x15,0x36,0x33,0x3E,0x13,0x36,
    0x11,0x42,0x10,0x46,0xF4,0x2D,0xD2,0x31,0xF0,0x39,0xD4,0x29,0xD0,0x31,0xB2,0x29,
    0xB1,0x2D,0x91,0x29,0xAE,0x35,0x8D,0x31,0x90,0x25,0x8E,0x29,0x50,0x1D,0x6E,0x25,
    0x6C,0x31,0x4E,0x21,0x4B,0x2D,0x2E,0x1D,0x4C,0x21,0x49,0x3D,0x2A,0x25,0x0C,0x19,
    0x29,0x25,0x0C,0x15,0x0A,0x19,0x09,0x21,0x05,0x39,0xEC,0x10,0x07,0x29,0xEA,0x14,
    0x07,0x25,0xE9,0x18,0xCA,0x10,0xC9,0x14,0xE4,0x3C,0xE8,0x18,0xE7,0x20,0xAA,0x0C,
    0xC9,0x10,0xC8,0x14,0xC6,0x18,0xA9,0x0C,0xA8,0x10,0xA6,0x14,0xA4,0x30,0xA8,0x0C,
    0xA5,0x18,0x88,0x0C,0x87,0x0C,0xA6,0x10,0x88,0x0C,0x86,0x0C,0x85,0x10,0x66,0x08,
    0x85,0x0C,0x83,0x20,0x85,0x0C,0x66,0x08,0x65,0x08,0x62,0x28,0x63,0x10,0x64,0x0C,
    0x62,0x2C,0x63,0x18,0x45,0x08,0x64,0x08,0x64,0x08,0x63,0x0C,0x44,0x04,0x44,0x04,
    0x41,0x20,0x43,0x04,0x23,0x04,0x42,0x04,0xE3,0x07,0x21,0x18,0xE3,0x07,0x21,0x08,
    0x22,0x04,0xE2,0x07,0x21,0x10,0x21,0x04,0x01,0x00,0x00,0x80,0xDF,0x7B,0xE0,0x03,
    0xC0,0x03,0xC0,0x03,0xC0,0x03,0xC0,0x03,0xC0,0x03,0xC0,0x03,0xC0,0x03,0xC0,0x03,
    0xC0,0x03,0xC0,0x03,0xC0,0x03,0xC0,0x03,0xC0,0x03,0xC0,0x03,0xC0,0x03,0xC0,0x03,
    0xC0,0x03,0xC0,0x03,0xC0,0x03,0xC0,0x03,0xC0,0x03,0xC0,0x03,0xC0,0x03,0xC0,0x03,
    0xC0,0x03,0xC0,0x03,0xC0,0x03,0xC0,0x03,0xC0,0x03,0xC0,0x03,0xC0,0x03,0xC0,0x03,
    0xC0,0x03,0xC0,0x03,0xC0,0x03,0xC0,0x03,0xC0,0x03,0xC0,0x03,0xC0,0x03,0xC0,0x03,
    0xC0,0x03,0xC0,0x03,0xC0,0x03,0xC0,0x03,0xC0,0x03,0xC0,0x03,0xC0,0x03,0xC0,0x03,
    0xC0,0x03,0xC0,0x03,0xC0,0x03,0xC0,0x03,0xC0,0x03,0xC0,0x03,0xC0,0x03,0xC0,0x03,
    0xC0,0x03,0xC0,0x03,0xC0,0x03,0xC0,0x03,0xC0,0x03,0xC0,0x03,0xC0,0x03,0xC0,0x03,
    0xE0,0x03,0xE0,0x03,0xE0,0x03,0xE0,0x03,0xE0,0x03,0xE0,0x03,0xE0,0x03,0xE0,0x03,
    0xE0,0x03,0xE0,0x03,0xE0,0x03,0xE0,0x03,0xE0,0x03,0xE0,0x03,0xE0,0x03,0xE0,0x03,
    0xE0,0x03,0xE0,0x03,0xE0,0x03,0xE0,0x03,0xE0,0x03,0xE0,0x03,0xE0,0x03,0xE0,0x03,
    0xE0,0x03,0xE0,0x03,0xE0,0x03,0xE0,0x03,0xE0,0x03,0xE0,0x03,0xE0,0x03,0xE0,0x03,
    0xE0,0x03,0xE0,0x03,0xE0,0x03,0xE0,0x03,0xE0,0x03,0xE0,0x03,0xE0,0x03,0xE0,0x03,
    0xE0,0x03,0xE0,0x03,0xE0,0x03,0xE0,0x03,0xE0,0x03,0xE0,0x03,0xE0,0x03,0xE0,0x03,
    0xE0,0x03,0xE0,0x03,0xE0,0x03,0xE0,0x03,0xE0,0x03,0xE0,0x03,0xE0,0x03,0xE0,0x03,
    0xE0,0x03,0xE0,0x03,0xE0,0x03,0xE0,0x03,0xE0,0x03,0xE0,0x03,0xE0,0x03,0xE0,0x03,
};
u8 D_801911F4[] = {
    0x00,0x00,0xC9,0x84,0x53,0x8D,0xF9,0xA1,0xFC,0xB6,0x80,0x81,0x80,0x82,0x2A,0xAB,
    0x18,0x92,0x1F,0x93,0x63,0x94,0xE7,0x9C,0x48,0xB1,0x2E,0xCA,0xF6,0xE2,0x7B,0xEF,
};
u8 D_80191214[] = {
    0x00,0x00,0x44,0x04,0x86,0x0C,0xEA,0x14,0x0F,0x01,0xD7,0x19,0xDF,0x26,0xFB,0x3A,
    0xA5,0x14,0x4A,0x29,0xEF,0x3D,0xF7,0x5E,0x4A,0x15,0xEB,0x4D,0x86,0x03,0xFF,0x7F,
    0x00,0x00,0xFF,0x7F,0xFF,0x3F,0x7B,0x3F,0x7B,0x3E,0x57,0x15,0xAF,0x14,0x0A,0x00,
    0x00,0x80,0x4F,0x01,0x7A,0x16,0x84,0x00,0x5F,0x01,0x7F,0x2A,0x5F,0x4F,0x1F,0x00,
    0x00,0x00,0x21,0x04,0x62,0x14,0xA4,0x18,0xE7,0x1C,0x2A,0x21,0x8C,0x29,0xF1,0x35,
    0x76,0x42,0xF9,0x56,0x7D,0x63,0xC4,0x24,0x27,0x25,0xEA,0x39,0x8A,0x52,0xFF,0x7F,
    0x00,0x00,0x00,0x80,0x33,0x00,0xFF,0x3D,0x9F,0x01,0x7F,0x1A,0x7E,0x4F,0x46,0x29,
    0x2C,0x46,0x13,0x63,0x60,0x58,0xE0,0x7D,0x00,0x7F,0xC0,0x02,0x18,0x00,0xFF,0x7F,
    0x00,0x00,0x00,0x80,0xA5,0x14,0x4A,0x29,0xEF,0x3D,0xF7,0x5E,0x67,0x04,0xEC,0x0C,
    0x2D,0x15,0x91,0x1D,0xF3,0x2D,0x76,0x3E,0xFD,0x00,0x9D,0x01,0x9E,0x16,0xBF,0x3B,
    0x00,0x00,0x00,0x80,0x4F,0x15,0x94,0x19,0x7F,0x1A,0x7D,0x47,0x5B,0x63,0x46,0x29,
    0x2C,0x46,0x13,0x63,0x60,0x58,0xFF,0x09,0xEC,0x14,0xF4,0x0C,0x1F,0x00,0xFF,0x7F,
    0x00,0x00,0x11,0x74,0x06,0x68,0x01,0x54,0x01,0x44,0x01,0x34,0x00,0x18,0x00,0x04,
    0x00,0x80,0xA5,0x0C,0x29,0x15,0xCC,0x1D,0x50,0x2A,0xF4,0x3E,0x20,0x00,0xC0,0x00,
    0x00,0x00,0xBD,0x37,0x5D,0x07,0x3D,0x02,0xDD,0x00,0x35,0x00,0x0D,0x00,0x06,0x00,
    0x00,0x80,0xA0,0x01,0xA0,0x02,0x40,0x07,0xA0,0x37,0xA0,0x57,0xA0,0x77,0xBD,0x77,
    0x00,0x00,0xEF,0x8C,0x30,0x8D,0x71,0x91,0xB3,0x95,0xF4,0x99,0x35,0x9E,0x77,0xA2,
    0xB8,0xA6,0xFA,0xAA,0x1B,0xB7,0x5C,0xC3,0x7C,0xD3,0x9D,0xDF,0xDE,0xF3,0xFF,0xFF,
    0x00,0x00,0xEF,0x8C,0x10,0x8D,0x51,0x91,0x92,0x95,0xB3,0x99,0xF4,0x9D,0x35,0xA2,
    0x77,0xA6,0x97,0xAA,0xB8,0xAE,0xD9,0xB2,0xF9,0xB6,0x1A,0xBB,0x3B,0xBF,0x5C,0xC3,
    0x00,0x00,0xB0,0x88,0xF1,0x88,0x33,0x8D,0x75,0x91,0xB7,0x95,0xF8,0x95,0x3A,0x9A,
    0x7C,0x9E,0xBE,0xA2,0xDE,0xB2,0x1E,0xC3,0x5E,0xD3,0x9E,0xDF,0xDE,0xEF,0xFF,0xFF,
    0x00,0x00,0xB0,0x88,0xD1,0x88,0x13,0x8D,0x35,0x8D,0x77,0x91,0x99,0x91,0xDB,0x95,
    0x1D,0x9A,0x9D,0xA2,0x1E,0xAF,0x7E,0xBB,0x9E,0xCB,0xBE,0xDF,0xDE,0xEF,0xFF,0xFF,
    0x00,0x00,0xB0,0x88,0xD1,0x88,0xF2,0x88,0x14,0x8D,0x35,0x8D,0x77,0x91,0x98,0x91,
    0xBA,0x95,0xDB,0x95,0x1D,0x9A,0x5D,0xA2,0x9D,0xAA,0xFD,0xB6,0x3D,0xBF,0x9E,0xCB,
    0x00,0x00,0xEF,0x8C,0x30,0x8D,0x71,0x91,0xB2,0x95,0xF3,0x99,0x35,0x9E,0x58,0x9E,
    0x7B,0x9E,0xBE,0xA2,0xDE,0xAE,0x1E,0xBF,0x5E,0xCF,0x9E,0xDF,0xDE,0xEF,0xFF,0xFF,
    0x00,0x00,0x30,0x81,0x75,0x89,0xBA,0x91,0xFF,0x9D,0x1F,0xAA,0x1F,0xB2,0x3F,0xBE,
    0x5F,0xCA,0x9F,0xD2,0xDF,0xDA,0x1F,0xE3,0x3F,0xE7,0x7F,0xEF,0xBF,0xF7,0xFF,0xFF,
    0x00,0x00,0x1F,0x80,0x9F,0x80,0x3F,0x81,0xBF,0x81,0x5F,0x82,0xDF,0x82,0x7F,0x83,
    0xFF,0x83,0xFF,0x93,0xFF,0xA7,0xFF,0xB7,0xFF,0xCB,0xFF,0xDB,0xFF,0xEF,0xFF,0xFF,
    0x00,0x00,0x08,0xB9,0x09,0xBD,0x2B,0xC1,0x4D,0xC5,0x4E,0xC9,0x70,0xCD,0x92,0xD1,
    0xB4,0xD5,0xD5,0xD9,0x16,0xE2,0x58,0xE6,0x99,0xEE,0xDB,0xF2,0x1C,0xFB,0x5E,0xFF,
    0x00,0x00,0x08,0xC9,0x29,0xD1,0x6A,0xD9,0x8C,0xE1,0xCD,0xE5,0xEF,0xED,0x10,0xF2,
    0x51,0xFA,0x93,0xFE,0xB4,0xFE,0xF5,0xFE,0x16,0xFF,0x57,0xFF,0x78,0xFF,0xBA,0xFF,
    0x00,0x00,0xA0,0x91,0xC0,0x95,0xE0,0x99,0x00,0xA2,0x20,0xA6,0x40,0xAE,0x60,0xB2,
    0x80,0xBA,0xA0,0xBE,0xC0,0xC6,0x05,0xCF,0x4B,0xDB,0x70,0xE3,0xB6,0xEF,0xFC,0xFB,
    0x00,0x00,0x8B,0xB5,0x8D,0xB1,0xB0,0xB1,0xD2,0xB1,0xF5,0xB1,0x17,0xB2,0x3A,0xB2,
    0x5D,0xB2,0x9D,0xBA,0xDD,0xC6,0x1E,0xD3,0x3E,0xDF,0x7E,0xEB,0xBE,0xF7,0xFF,0xFF,
    0x00,0x00,0x8B,0xB5,0x8D,0xB1,0xAF,0xB1,0xD2,0xB1,0xF3,0xAD,0x34,0xAA,0x76,0xA6,
    0xB8,0xA6,0xD9,0xB2,0x1A,0xBF,0x3B,0xCB,0x7C,0xDB,0x9D,0xE7,0xDE,0xF3,0xFF,0xFF,
    0x00,0x00,0x12,0xB1,0x30,0xB5,0x4E,0xBD,0x8D,0xC5,0xAB,0xC9,0xEA,0xD1,0x08,0xDA,
    0x47,0xE2,0x8A,0xDE,0xCE,0xDA,0x11,0xD7,0x35,0xD7,0x78,0xD3,0xBC,0xCF,0xFF,0xCF,
    0x00,0x00,0x08,0xC9,0x26,0xC5,0x65,0xC1,0xA4,0xC1,0xC3,0xBD,0x02,0xBE,0x41,0xBA,
    0x80,0xBA,0xA4,0xBA,0xE9,0xBE,0x2D,0xC3,0x52,0xC3,0x96,0xC7,0xDB,0xCB,0xFF,0xCF,
    0x00,0x00,0x29,0xAD,0x4A,0xB1,0x6B,0xB5,0x8C,0xB9,0xAD,0xBD,0xCE,0xC5,0xEF,0xC9,
    0x10,0xCE,0x31,0xD2,0x52,0xD6,0x73,0xDE,0x94,0xE2,0xB5,0xE6,0xD6,0xEA,0x18,0xF3,
    0x00,0x00,0xEF,0x8C,0x71,0x91,0xF4,0x99,0x77,0xA2,0xFA,0xAA,0x5C,0xC3,0x9D,0xDF,
    0x66,0x88,0xE9,0x90,0x6C,0xA1,0xCF,0xAD,0x32,0xBA,0xB5,0xCE,0x17,0xE3,0xFF,0xFF,
    0x00,0x00,0xAB,0x84,0xD0,0x84,0x15,0x85,0x5A,0x85,0x9D,0x89,0xDF,0x8D,0x3F,0x96,
    0x9F,0x9E,0xFF,0xA6,0x5F,0xAF,0xBF,0xB7,0xFF,0xC3,0xFF,0xD7,0xFF,0xEB,0xFF,0xFF,
    0x00,0x00,0xAC,0x84,0xD0,0x84,0x14,0x85,0x57,0x89,0x9A,0x8D,0xDB,0x91,0x3D,0x96,
    0x9D,0x9E,0xFE,0xA6,0x3E,0xAF,0x9E,0xB7,0xBE,0xC7,0xDE,0xD7,0xDE,0xEB,0xFF,0xFF,
    0x00,0x00,0xCD,0x88,0xF0,0x88,0x33,0x89,0x75,0x8D,0xB8,0x91,0xF9,0x95,0x5B,0x9A,
    0x9C,0x9E,0xFD,0xA6,0x3D,0xAF,0x7E,0xBB,0x9E,0xCB,0xDE,0xDB,0xDE,0xEF,0xFF,0xFF,
    0x00,0x00,0xCE,0x88,0x10,0x89,0x52,0x8D,0x94,0x91,0xD6,0x95,0x17,0x9A,0x59,0x9E,
    0x9A,0xA2,0xFB,0xA6,0x1C,0xB3,0x5D,0xBF,0x7D,0xCB,0xBD,0xDB,0xDE,0xEF,0xFF,0xFF,
    0x00,0x00,0x9A,0x8D,0xBA,0x8D,0xDB,0x91,0xFC,0x91,0x3D,0x96,0x5D,0x9A,0x9D,0x9E,
    0xDD,0xA6,0x1D,0xAB,0x5D,0xAF,0x9E,0xB7,0xBE,0xC7,0xDE,0xDB,0xDE,0xEF,0xFF,0xFF,
};
u8 D_801915D4[] = {
    0x00,0x00,0xC6,0x7B,0x40,0x6A,0x00,0x45,0x80,0x24,0x20,0x14,0x00,0x08,0x04,0x00,
    0x08,0x00,0x18,0x01,0x1F,0x02,0x0C,0x00,0xD2,0x00,0x1F,0x03,0xDE,0x7B,0x00,0x08,
    0x00,0x00,0xDE,0x7B,0xD6,0x5A,0x10,0x42,0x00,0x72,0x00,0x45,0x40,0x24,0x04,0x00,
    0x08,0x00,0x18,0x01,0x1F,0x02,0x0C,0x00,0x84,0x10,0x08,0x21,0x8C,0x31,0x42,0x08,
    0x00,0x00,0xC6,0x4B,0x40,0x33,0x80,0x12,0x20,0x09,0x80,0x04,0x40,0x00,0x04,0x00,
    0x08,0x00,0x18,0x01,0x1F,0x02,0x0C,0x00,0xD2,0x00,0x1F,0x03,0xDE,0x7B,0x20,0x00,
    0x00,0x00,0xDE,0x7B,0x94,0x52,0x10,0x42,0x40,0x33,0x80,0x12,0x20,0x09,0x04,0x00,
    0x08,0x00,0x18,0x01,0x1F,0x02,0x0C,0x00,0x84,0x10,0x08,0x21,0x8C,0x31,0x42,0x08,
};
u8 D_80191654[] = {
    0x00,0x00,0x00,0x80,0x85,0xB1,0x10,0xC2,0x94,0xD2,0x9C,0xF3,0x80,0xFD,0x00,0xB0,
    0xAC,0x80,0x56,0x95,0x1C,0xB2,0x9C,0xC2,0x3C,0xD3,0x94,0x81,0x00,0xFC,0x1F,0x80,
    0x00,0x00,0x00,0x80,0x85,0xB1,0x10,0xC2,0x94,0xD2,0x9C,0xF3,0x80,0xAA,0x80,0x80,
    0xAC,0x80,0x56,0x95,0x1C,0xB2,0x9C,0xC2,0x3C,0xD3,0x94,0x81,0x80,0x81,0x1F,0xFC,
    0x00,0x00,0x13,0x80,0xBF,0x81,0x5F,0x82,0x5F,0x97,0xFF,0xD7,0xDF,0x81,0xCF,0x98,
    0x17,0x80,0x9F,0x81,0x1F,0x82,0x7F,0x83,0xDF,0xA6,0x9F,0x81,0x1F,0x80,0x00,0x80,
    0x00,0x00,0xBF,0x81,0x5F,0x82,0x5F,0x97,0xFF,0xD7,0x13,0x80,0xCF,0x98,0x9F,0x81,
    0x9F,0x81,0x1F,0x82,0x7F,0x83,0x17,0x80,0x7F,0x83,0xFF,0xD7,0x1F,0x80,0x00,0x80,
    0x00,0x00,0x00,0x80,0xE7,0x9C,0x10,0xC2,0xB5,0xD6,0xDE,0xFB,0x18,0xE3,0xE7,0x9C,
    0x84,0x90,0xE7,0x9C,0x10,0xC2,0xB5,0xD6,0x7B,0xF3,0x4A,0xA9,0xCE,0xB9,0x10,0xC2,
    0x00,0x00,0xE7,0x9C,0x10,0xC2,0xB5,0xD6,0xFF,0xFF,0xE7,0x9C,0xCE,0xB9,0x9C,0xF3,
    0xE7,0x9C,0xCE,0xB9,0x94,0xD6,0x7B,0xF3,0x84,0x90,0x10,0xC2,0xE7,0x9C,0x10,0xC2,
    0x00,0x00,0x08,0x9D,0x8C,0xB1,0x94,0xD2,0x9C,0xF3,0xFF,0xFF,0x18,0xFF,0x80,0xFD,
    0xF4,0x99,0x9C,0xA6,0x1C,0xC3,0x9F,0xD3,0xFF,0xE7,0xD6,0xBD,0x4B,0xFE,0xE0,0xD3,
    0x00,0x00,0x08,0x80,0xEC,0x98,0x77,0xAD,0x3D,0xC6,0x3F,0xE7,0x28,0xEC,0x08,0x98,
    0x34,0x80,0xDF,0x84,0x9F,0xA1,0x1F,0xB2,0xBF,0xC2,0x1E,0x81,0x08,0xC8,0x1F,0x80,
    0x00,0x00,0x10,0x80,0x74,0x88,0xFF,0x9C,0xBF,0xB5,0xBF,0xD6,0x10,0xDC,0x10,0x88,
    0x1C,0x80,0x5F,0x80,0x1F,0x91,0x9F,0xA1,0x3F,0xB2,0x9F,0x80,0x10,0xB8,0x1F,0x80,
    0x00,0x00,0x18,0x80,0x1C,0x80,0x7F,0x8C,0x3F,0xA5,0x3F,0xC6,0x18,0xCC,0x18,0x80,
    0x1F,0x80,0x1F,0x80,0x9F,0x80,0x1F,0x91,0xBF,0xA1,0x1F,0x80,0x18,0xA8,0x1F,0x80,
    0x00,0x00,0x00,0x80,0x80,0x90,0x08,0xA1,0x8C,0xB1,0xF0,0xC1,0x00,0xC0,0x00,0x90,
    0x04,0x80,0x08,0x80,0x88,0x80,0x0C,0x91,0x0C,0x91,0x88,0x90,0x00,0xB0,0x1F,0xFC,
    0x00,0x00,0x00,0x80,0x85,0xB1,0x10,0xC2,0x94,0xD2,0x9C,0xF3,0x80,0xFD,0x00,0xB0,
    0xAC,0x80,0x56,0x95,0x1C,0xB2,0x9C,0xC2,0x3C,0xD3,0x94,0x81,0x00,0xFC,0x1C,0x81,
    0x00,0x00,0x00,0x80,0x85,0xB1,0x10,0xC2,0x94,0xD2,0x9C,0xF3,0x80,0xFD,0x00,0xB0,
    0xAC,0x80,0x56,0x95,0x1C,0xB2,0x9C,0xC2,0x3C,0xD3,0x94,0x81,0x00,0xFC,0x5F,0x82,
    0x00,0x00,0x00,0x80,0x85,0xB1,0x10,0xC2,0x94,0xD2,0x9C,0xF3,0x80,0xFD,0x00,0xB0,
    0xAC,0x80,0x56,0x95,0x1C,0xB2,0x9C,0xC2,0x3C,0xD3,0x94,0x81,0x00,0xFC,0xBF,0xBB,
    0x00,0x00,0x00,0x80,0x85,0xB1,0x10,0xC2,0x94,0xD2,0x9C,0xF3,0x80,0xFD,0x00,0xB0,
    0xAC,0x80,0x56,0x95,0x1C,0xB2,0x9C,0xC2,0x3C,0xD3,0x94,0x81,0x00,0xFC,0x54,0xFF,
    0x00,0x00,0x00,0x80,0x3F,0xFC,0x1F,0xFC,0xFF,0xF3,0xDF,0x82,0x38,0x85,0x0F,0xD2,
    0x00,0xFC,0xAA,0xFE,0xE0,0x83,0x60,0xD8,0xC0,0xFD,0xEB,0xFE,0x37,0xFF,0xFF,0xFF,
};
// clang-format on
#endif
